county_fips,year,outage_event_uid,duration_hours,severe_weather_flag,outage_mean_customers,outage_max_customers
36005,2014,2014_7089,0.75,0,708.0,708.0
36005,2014,2014_7090,1.5,0,364.3333333333333,701.0
36005,2014,2014_7091,0.25,0,296.0,296.0
36005,2014,2014_7092,1.25,0,481.0,481.0
36005,2014,2014_7093,1.75,0,256.2857142857143,265.0
36005,2014,2014_7094,1.25,0,359.0,359.0
36005,2015,2015_66886,0.25,0,273.0,273.0
36005,2015,2015_66887,3.25,0,229.69230769230768,256.0
36005,2015,2015_66888,3.75,0,217.6,220.0
36005,2015,2015_66889,1.5,0,627.3333333333334,628.0
36005,2015,2015_66890,0.25,0,332.0,332.0
36005,2015,2015_66891,1.5,0,724.0,827.0
36005,2015,2015_66892,2.75,0,316.72727272727275,328.0
36005,2015,2015_66893,0.75,0,302.3333333333333,327.0
36005,2015,2015_66894,1.0,0,234.0,234.0
36005,2015,2015_66895,0.75,0,204.66666666666663,208.0
36005,2015,2015_66896,4.25,0,294.70588235294116,555.0
36005,2015,2015_66897,6.75,0,280.037037037037,660.0
36005,2015,2015_66898,0.25,0,215.0,215.0
36005,2015,2015_66899,3.25,0,250.0,269.0
36005,2015,2015_66900,0.25,0,221.0,221.0
36005,2015,2015_66901,4.0,0,649.1875,906.0
36005,2015,2015_66902,0.5,0,285.5,286.0
36005,2015,2015_66903,0.5,0,446.0,446.0
36005,2015,2015_66904,3.0,0,445.1666666666667,447.0
36005,2015,2015_66905,1.5,0,562.5,590.0
36005,2015,2015_66906,4.25,0,741.8823529411765,913.0
36005,2015,2015_66907,4.5,0,387.1111111111111,407.0
36005,2015,2015_66908,5.0,0,407.0,407.0
36005,2015,2015_66909,0.75,0,274.6666666666667,275.0
36005,2015,2015_66910,0.75,0,661.0,661.0
36005,2015,2015_66911,1.25,0,369.0,371.0
36005,2015,2015_66912,0.25,0,3818.0,3818.0
36005,2015,2015_66913,0.25,0,3985.0,3985.0
36005,2015,2015_66914,0.25,0,3984.0,3984.0
36005,2015,2015_66915,1.0,0,533.0,533.0
36005,2015,2015_66916,3.5,0,274.07142857142856,347.0
36005,2015,2015_66917,1.25,0,377.0,377.0
36005,2015,2015_66918,1.0,0,213.75,214.0
36005,2015,2015_66919,0.25,0,220.0,220.0
36005,2015,2015_66920,2.0,0,410.0,410.0
36005,2015,2015_66921,3.0,0,297.6666666666667,299.0
36005,2015,2015_66922,1.0,0,1919.75,1920.0
36005,2015,2015_66923,0.25,0,601.0,601.0
36005,2015,2015_66924,0.75,0,269.0,269.0
36005,2015,2015_66925,2.5,0,340.1,412.0
36005,2015,2015_66926,0.5,0,601.0,601.0
36005,2015,2015_66927,0.5,0,602.0,602.0
36005,2015,2015_66928,1.0,0,528.5,602.0
36005,2015,2015_66929,2.75,0,761.1818181818181,1227.0
36005,2015,2015_66930,1.25,0,2058.0,2058.0
36005,2015,2015_66931,1.25,0,200.0,200.0
36005,2015,2015_66932,3.5,0,450.57142857142856,818.0
36005,2015,2015_66933,2.75,0,531.3636363636364,599.0
36005,2015,2015_66934,0.25,0,599.0,599.0
36005,2015,2015_66935,0.25,0,246.0,246.0
36005,2015,2015_66936,3.25,0,1118.8461538461538,1137.0
36005,2015,2015_66937,1.5,0,731.6666666666666,831.0
36005,2015,2015_66938,1.0,0,249.25,250.0
36005,2015,2015_66939,5.0,0,583.8,971.0
36005,2015,2015_66940,0.25,0,274.0,274.0
36005,2015,2015_66941,0.25,0,216.0,216.0
36005,2015,2015_66942,1.0,0,830.25,831.0
36005,2015,2015_66943,0.5,0,831.0,831.0
36005,2015,2015_66944,0.75,0,264.0,264.0
36005,2015,2015_66945,0.75,0,680.0,680.0
36005,2015,2015_66946,1.5,0,720.8333333333334,1120.0
36005,2015,2015_66947,2.0,0,714.625,979.0
36005,2015,2015_66948,1.25,0,292.0,344.0
36005,2015,2015_66949,1.0,0,328.25,329.0
36005,2015,2015_66950,0.75,0,248.0,248.0
36005,2015,2015_66951,1.5,0,748.6666666666666,749.0
36005,2015,2015_66952,1.75,0,614.2857142857143,638.0
36005,2015,2015_66953,0.5,0,435.0,435.0
36005,2015,2015_New York-0,5.0,0,583.8,971.0
36005,2016,2016_68465,1.25,0,248.6,287.0
36005,2016,2016_68466,3.75,0,1222.1333333333334,1273.0
36005,2016,2016_68467,0.25,0,501.0,501.0
36005,2016,2016_68468,2.5,0,439.9,742.0
36005,2016,2016_68469,1.75,0,367.7142857142857,368.0
36005,2016,2016_68470,9.25,0,230.48648648648648,261.0
36005,2016,2016_68471,1.0,0,200.0,200.0
36005,2016,2016_68472,0.5,0,517.0,517.0
36005,2016,2016_68473,1.0,0,241.5,242.0
36005,2016,2016_68474,0.75,0,447.0,447.0
36005,2016,2016_68475,1.25,0,380.0,380.0
36005,2016,2016_68476,2.0,0,545.5,644.0
36005,2016,2016_68477,1.75,0,248.28571428571428,249.0
36005,2016,2016_68478,7.75,0,1239.741935483871,2076.0
36005,2016,2016_68479,6.5,0,764.1538461538462,968.0
36005,2016,2016_68480,0.5,0,669.0,669.0
36005,2016,2016_68481,0.25,0,668.0,668.0
36005,2016,2016_68482,1.75,0,1018.7142857142856,1020.0
36005,2016,2016_68483,3.25,0,484.46153846153845,874.0
36005,2016,2016_68484,1.0,0,527.25,528.0
36005,2016,2016_68485,1.5,0,911.0,944.0
36005,2016,2016_68486,2.25,0,478.44444444444446,519.0
36005,2016,2016_68487,2.5,0,663.2,753.0
36005,2016,2016_68488,2.5,0,243.2,259.0
36005,2016,2016_68489,6.5,0,1232.8461538461538,1810.0
36005,2016,2016_68490,4.75,0,404.42105263157896,631.0
36005,2016,2016_68491,0.25,0,251.0,251.0
36005,2016,2016_68492,2.0,0,294.5,431.0
36005,2016,2016_68493,1.75,0,629.4285714285714,894.0
36005,2016,2016_68494,0.5,0,431.0,431.0
36005,2016,2016_68495,0.25,0,201.0,201.0
36005,2016,2016_68496,2.5,0,233.0,233.0
36005,2016,2016_68497,1.0,0,664.0,664.0
36005,2016,2016_68498,2.25,0,332.77777777777777,344.0
36005,2016,2016_68499,0.5,0,240.0,273.0
36005,2016,2016_68500,2.75,0,1225.4545454545455,1369.0
36005,2016,2016_68501,2.75,0,2240.818181818182,3282.0
36005,2016,2016_68502,0.75,0,287.6666666666667,323.0
36005,2016,2016_68503,3.5,0,256.85714285714283,296.0
36005,2016,2016_68504,1.25,0,215.4,216.0
36005,2016,2016_68505,6.75,0,439.77777777777777,900.0
36005,2016,2016_68506,4.0,0,1503.0625,3315.0
36005,2016,2016_68507,1.75,0,646.4285714285714,653.0
36005,2016,2016_68508,1.25,0,1309.0,1309.0
36005,2016,2016_68509,2.25,0,973.1111111111112,1219.0
36005,2016,2016_68510,2.0,0,283.875,285.0
36005,2016,2016_68511,1.75,0,375.1428571428572,415.0
36005,2016,2016_68512,1.0,0,1118.0,1118.0
36005,2016,2016_68513,0.25,0,309.0,309.0
36005,2016,2016_68514,0.25,0,309.0,309.0
36005,2016,2016_68515,9.5,0,242.8947368421053,310.0
36005,2016,2016_68516,1.25,0,877.0,877.0
36005,2016,2016_68517,2.25,0,330.44444444444446,331.0
36005,2016,2016_68518,2.5,0,2210.5,3050.0
36005,2016,2016_68519,2.5,0,377.9,417.0
36005,2016,2016_68520,0.75,0,1175.3333333333333,1176.0
36005,2016,2016_68521,2.25,0,760.0,1408.0
36005,2016,2016_68522,1.75,0,435.7142857142857,436.0
36005,2016,2016_68523,1.25,0,662.0,662.0
36005,2016,2016_68524,1.0,0,255.5,336.0
36005,2016,2016_68525,1.25,0,227.2,228.0
36005,2016,2016_68526,1.25,0,229.0,229.0
36005,2016,2016_68527,0.5,0,229.0,229.0
36005,2016,2016_68528,4.25,0,227.2941176470588,230.0
36005,2016,2016_68529,3.75,0,312.46666666666664,390.0
36005,2016,2016_68530,0.5,0,1692.5,1735.0
36005,2016,2016_68531,1.75,0,335.2857142857143,396.0
36005,2016,2016_68532,1.75,0,1587.7142857142858,1662.0
36005,2016,2016_68533,1.0,0,933.5,1146.0
36005,2016,2016_68534,1.0,0,1187.0,1187.0
36005,2016,2016_68535,1.25,0,208.8,210.0
36005,2016,2016_68536,0.25,0,595.0,595.0
36005,2016,2016_68537,2.0,0,526.125,674.0
36005,2016,2016_New York-1,0.75,0,1175.3333333333333,1176.0
36005,2016,2016_New York-4,6.5,0,1232.8461538461538,1810.0
36005,2016,2016_New York-5,1.0,0,255.5,336.0
36005,2017,2017_70253,2.75,0,673.0,1716.0
36005,2017,2017_70254,0.5,0,687.0,688.0
36005,2017,2017_70255,0.75,0,251.66666666666663,316.0
36005,2017,2017_70256,0.25,0,521.0,521.0
36005,2017,2017_70257,1.75,0,232.0,232.0
36005,2017,2017_70258,4.5,0,375.72222222222223,377.0
36005,2017,2017_70259,7.75,0,540.0967741935484,918.0
36005,2017,2017_70260,1.75,0,2348.5714285714284,2625.0
36005,2017,2017_70261,7.75,0,381.741935483871,433.0
36005,2017,2017_70262,1.5,0,333.1666666666667,334.0
36005,2017,2017_70263,0.5,0,819.0,819.0
36005,2017,2017_70264,0.75,0,813.0,813.0
36005,2017,2017_70265,0.25,0,260.0,260.0
36005,2017,2017_70266,1.5,0,591.0,634.0
36005,2017,2017_70267,0.25,0,363.0,363.0
36005,2017,2017_70268,2.25,0,261.6666666666667,262.0
36005,2017,2017_70269,3.5,0,479.92857142857144,1317.0
36005,2017,2017_70270,1.5,0,246.0,250.0
36005,2017,2017_70271,2.75,0,319.72727272727275,320.0
36005,2017,2017_70272,0.75,0,240.66666666666663,254.0
36005,2017,2017_70273,2.0,0,790.875,1001.0
36005,2017,2017_70274,1.5,0,407.6666666666667,434.0
36005,2017,2017_70275,0.75,0,533.0,533.0
36005,2017,2017_70276,2.5,0,264.0,264.0
36005,2017,2017_70277,1.5,0,434.3333333333333,435.0
36005,2017,2017_70278,3.25,0,377.0769230769231,378.0
36005,2017,2017_70279,2.25,0,448.44444444444446,527.0
36005,2017,2017_70280,1.25,0,435.0,435.0
36005,2017,2017_70281,2.5,0,223.3,226.0
36005,2017,2017_70282,0.25,0,221.0,221.0
36005,2017,2017_70283,0.25,0,251.0,251.0
36005,2017,2017_70284,4.0,0,299.625,348.0
36005,2017,2017_70285,2.0,0,340.0,340.0
36005,2017,2017_70286,1.5,0,400.3333333333333,402.0
36005,2017,2017_70287,4.0,0,1274.625,1615.0
36005,2017,2017_70288,2.5,0,6013.3,7949.0
36005,2017,2017_70289,1.25,0,388.4,389.0
36005,2017,2017_70290,1.25,0,211.4,212.0
36005,2017,2017_70291,1.25,0,298.2,435.0
36005,2017,2017_70292,6.0,0,363.125,394.0
36005,2017,2017_70293,1.25,0,736.0,736.0
36005,2017,2017_70294,1.75,0,334.57142857142856,336.0
36005,2017,2017_70295,0.25,0,269.0,269.0
36005,2017,2017_70296,2.5,0,339.6,446.0
36005,2017,2017_70297,3.0,0,755.0,1543.0
36005,2017,2017_70298,3.5,0,456.2142857142857,477.0
36005,2017,2017_70299,1.0,0,401.5,402.0
36005,2017,2017_70300,2.25,0,218.66666666666663,219.0
36005,2017,2017_70301,1.75,0,523.1428571428571,524.0
36005,2017,2017_70302,3.5,0,360.8571428571428,382.0
36005,2017,2017_70303,0.5,0,1329.0,1329.0
36005,2017,2017_70304,0.75,0,329.6666666666667,489.0
36005,2017,2017_70305,3.25,0,476.53846153846155,488.0
36005,2017,2017_70306,4.0,0,237.875,249.0
36005,2017,2017_70307,2.25,0,755.6666666666666,756.0
36005,2017,2017_70308,0.75,0,212.0,212.0
36005,2017,2017_70309,2.0,0,330.75,331.0
36005,2017,2017_70310,2.0,0,678.625,682.0
36005,2017,2017_70311,1.0,0,470.25,609.0
36005,2017,2017_70312,12.75,0,412.078431372549,608.0
36005,2017,2017_70313,4.0,0,200.0,200.0
36005,2017,2017_70314,2.5,0,1564.9,1589.0
36005,2017,2017_New York-2,1.0,0,470.25,609.0
36005,2017,2017_New York-3,1.0,0,470.25,609.0
36005,2018,2018_89367,0.75,0,214.0,214.0
36005,2018,2018_89368,0.5,0,1098.0,1111.0
36005,2018,2018_89369,0.5,0,6807.0,13293.0
36005,2018,2018_89370,0.25,0,332.0,332.0
36005,2018,2018_89371,0.25,0,413.0,413.0
36005,2018,2018_89372,2.0,0,345.125,395.0
36005,2018,2018_89373,0.25,0,242.0,242.0
36005,2018,2018_89374,0.25,0,220.0,220.0
36005,2018,2018_89375,0.25,0,246.0,246.0
36005,2018,2018_89376,0.25,0,249.0,249.0
36005,2018,2018_89377,3.75,0,321.4,362.0
36005,2018,2018_89378,2.25,0,226.66666666666663,228.0
36005,2018,2018_89379,1.0,0,326.75,344.0
36005,2018,2018_89380,2.5,0,449.4,638.0
36005,2018,2018_89381,3.75,0,386.26666666666665,876.0
36005,2018,2018_89382,3.75,0,1084.8666666666666,1434.0
36005,2018,2018_89383,0.25,0,972.0,972.0
36005,2018,2018_89384,3.0,0,1001.9166666666666,1360.0
36005,2018,2018_89385,0.75,0,202.0,202.0
36005,2018,2018_89386,1.75,0,319.0,338.0
36005,2018,2018_89387,7.0,0,3790.035714285714,6789.0
36005,2018,2018_89388,0.25,0,6533.0,6533.0
36005,2018,2018_89389,4.25,0,6024.705882352941,6642.0
36005,2018,2018_89390,7.5,0,4328.1,4722.0
36005,2018,2018_89391,5.5,0,4152.681818181818,5199.0
36005,2018,2018_89392,2.75,0,3658.181818181818,3755.0
36005,2018,2018_89393,18.25,0,2724.5890410958905,3707.0
36005,2018,2018_89394,3.75,0,2680.5333333333333,2709.0
36005,2018,2018_89395,3.5,0,2445.714285714286,2503.0
36005,2018,2018_89396,22.0,0,1213.8863636363635,2357.0
36005,2018,2018_89397,1.25,0,1038.4,1049.0
36005,2018,2018_89398,0.25,0,960.0,960.0
36005,2018,2018_89399,121.75,0,403.3716632443531,1427.0
36005,2018,2018_89400,6.25,0,366.36,390.0
36005,2018,2018_89401,1.25,0,338.0,338.0
36005,2018,2018_89402,1.0,0,338.0,338.0
36005,2018,2018_89403,1.0,0,2176.0,2176.0
36005,2018,2018_89404,1.75,0,244.42857142857144,245.0
36005,2018,2018_89405,0.5,0,272.5,338.0
36005,2018,2018_89406,0.5,0,928.0,928.0
36005,2018,2018_89407,0.75,0,258.0,261.0
36005,2018,2018_89408,1.0,0,523.0,523.0
36005,2018,2018_89409,4.75,0,237.26315789473685,238.0
36005,2018,2018_89410,1.5,0,237.33333333333337,238.0
36005,2018,2018_89411,1.25,0,999.0,1295.0
36005,2018,2018_89412,0.25,0,625.0,625.0
36005,2018,2018_89413,3.5,0,227.5,230.0
36005,2018,2018_89414,1.75,0,1042.571428571429,1292.0
36005,2018,2018_89415,4.25,0,1013.5882352941176,1752.0
36005,2018,2018_89416,0.75,0,1112.3333333333333,1355.0
36005,2018,2018_89417,0.5,0,1627.0,1627.0
36005,2018,2018_89418,3.0,0,233.25,234.0
36005,2018,2018_89419,1.25,0,665.2,666.0
36005,2018,2018_89420,1.0,0,598.75,988.0
36005,2018,2018_89421,6.5,0,414.3076923076923,453.0
36005,2018,2018_89422,12.5,0,642.32,734.0
36005,2018,2018_89423,2.25,0,408.77777777777777,708.0
36005,2018,2018_89424,0.25,0,710.0,710.0
36005,2018,2018_89425,0.25,0,340.0,340.0
36005,2018,2018_89426,9.25,0,837.4324324324324,1440.0
36005,2018,2018_89427,1.0,0,323.0,441.0
36005,2018,2018_89428,2.5,0,455.6,711.0
36005,2018,2018_89429,2.25,0,463.44444444444446,711.0
36005,2018,2018_89430,5.75,0,290.9130434782609,310.0
36005,2018,2018_89431,2.25,0,217.0,217.0
36005,2018,2018_89432,22.0,0,528.9090909090909,627.0
36005,2018,2018_89433,1.25,0,222.6,225.0
36005,2018,2018_89434,1.0,0,200.25,201.0
36005,2018,2018_89435,2.5,0,324.7,325.0
36005,2018,2018_89436,4.5,0,1083.4444444444443,1283.0
36005,2018,2018_89437,12.25,0,546.204081632653,736.0
36005,2018,2018_89438,0.75,0,331.6666666666667,528.0
36005,2018,2018_89439,0.25,0,235.0,235.0
36005,2018,2018_89440,0.25,0,382.0,382.0
36005,2018,2018_89441,0.25,0,410.0,410.0
36005,2018,2018_89442,0.75,0,203.33333333333337,204.0
36005,2018,2018_89443,0.5,0,241.0,241.0
36005,2018,2018_89444,4.0,0,262.125,267.0
36005,2018,2018_89445,1.75,0,239.71428571428572,241.0
36005,2018,2018_89446,0.75,0,1115.3333333333333,1131.0
36005,2018,2018_89447,0.5,0,1742.0,1742.0
36005,2018,2018_89448,2.5,0,464.1,536.0
36005,2018,2018_89449,1.25,0,535.2,536.0
36005,2018,2018_89450,0.25,0,323.0,323.0
36005,2018,2018_89451,2.25,0,779.7777777777778,844.0
36005,2018,2018_89452,2.75,0,951.181818181818,1100.0
36005,2018,2018_89453,0.5,0,399.0,399.0
36005,2018,2018_89454,0.25,0,2490.0,2490.0
36005,2018,2018_89455,0.25,0,524.0,524.0
36005,2018,2018_89456,1.0,0,523.75,524.0
36005,2018,2018_89457,0.25,0,524.0,524.0
36005,2018,2018_89458,2.75,0,281.0,304.0
36005,2018,2018_89459,2.0,0,393.875,400.0
36005,2018,2018_New York-0,7.0,1,3790.035714285714,6789.0
36005,2018,2018_New York-1,7.0,1,3790.035714285714,6789.0
36005,2018,2018_New York-11,0.5,0,241.0,241.0
36005,2018,2018_New York-12,2.0,0,393.875,400.0
36005,2018,2018_New York-13,0.75,0,214.0,214.0
36005,2018,2018_New York-2,1.0,1,2176.0,2176.0
36005,2018,2018_New York-4,3.5,1,227.5,230.0
36005,2018,2018_New York-5,7.0,1,3790.035714285714,6789.0
36005,2018,2018_New York-6,6.25,0,366.36,390.0
36005,2018,2018_New York-7,3.5,1,227.5,230.0
36005,2018,2018_New York-8,7.0,1,3790.035714285714,6789.0
36005,2018,2018_New York-9,1.0,0,598.75,988.0
36005,2019,2019_92585,2.0,0,335.75,404.0
36005,2019,2019_92586,0.5,0,204.5,205.0
36005,2019,2019_92587,3.25,0,317.84615384615387,323.0
36005,2019,2019_92588,0.25,0,559.0,559.0
36005,2019,2019_92589,3.5,0,1524.357142857143,1864.0
36005,2019,2019_92590,0.25,0,213.0,213.0
36005,2019,2019_92591,2.25,0,221.11111111111111,260.0
36005,2019,2019_92592,0.75,0,218.0,226.0
36005,2019,2019_92593,2.5,0,924.0,924.0
36005,2019,2019_92594,0.75,0,467.0,467.0
36005,2019,2019_92595,4.25,0,626.7058823529412,901.0
36005,2019,2019_92596,2.0,0,437.25,440.0
36005,2019,2019_92597,3.0,0,328.3333333333333,535.0
36005,2019,2019_92598,1.75,0,270.14285714285717,280.0
36005,2019,2019_92599,2.25,0,206.55555555555551,226.0
36005,2019,2019_92600,1.25,0,1156.8,1420.0
36005,2019,2019_92601,5.75,0,842.1304347826087,1154.0
36005,2019,2019_92602,1.5,0,1034.8333333333333,1036.0
36005,2019,2019_92603,3.0,0,346.6666666666667,348.0
36005,2019,2019_92604,2.0,0,295.875,296.0
36005,2019,2019_92605,0.25,0,462.0,462.0
36005,2019,2019_92606,0.25,0,258.0,258.0
36005,2019,2019_92607,2.75,0,892.2727272727273,893.0
36005,2019,2019_92608,0.5,0,523.0,523.0
36005,2019,2019_92609,0.5,0,301.0,301.0
36005,2019,2019_92610,2.5,0,443.9,445.0
36005,2019,2019_92611,1.0,0,443.75,444.0
36005,2019,2019_92612,4.5,0,219.22222222222223,220.0
36005,2019,2019_92613,4.0,0,927.4375,928.0
36005,2019,2019_92614,1.25,0,559.0,559.0
36005,2019,2019_92615,0.25,0,470.0,470.0
36005,2019,2019_92616,0.5,0,321.0,328.0
36005,2019,2019_92617,1.5,0,297.3333333333333,299.0
36005,2019,2019_92618,2.25,0,1412.111111111111,1529.0
36005,2019,2019_92619,1.25,0,204.2,206.0
36005,2019,2019_92620,1.0,0,3513.0,4975.0
36005,2019,2019_92621,0.5,0,1431.5,2621.0
36005,2019,2019_92622,1.25,0,317.4,370.0
36005,2019,2019_92623,4.5,0,260.0,267.0
36005,2019,2019_92624,14.25,0,1580.59649122807,3881.0
36005,2019,2019_92625,3.0,0,473.4166666666667,1711.0
36005,2019,2019_92626,6.0,0,512.6666666666666,1589.0
36005,2019,2019_92627,1.75,0,1316.428571428571,1361.0
36005,2019,2019_92628,1.0,0,361.0,417.0
36005,2019,2019_92629,5.25,0,305.6190476190476,490.0
36005,2019,2019_92630,7.0,0,272.67857142857144,340.0
36005,2019,2019_92631,3.75,0,243.93333333333337,264.0
36005,2019,2019_92632,9.75,0,251.25641025641025,279.0
36005,2019,2019_92633,3.5,0,478.57142857142856,600.0
36005,2019,2019_92634,1.0,0,254.0,254.0
36005,2019,2019_92635,0.25,0,448.0,448.0
36005,2019,2019_92636,0.5,0,358.5,371.0
36005,2019,2019_92637,1.0,0,420.5,421.0
36005,2019,2019_92638,2.25,0,213.33333333333337,214.0
36005,2019,2019_92639,1.5,0,635.0,635.0
36005,2019,2019_92640,1.0,0,215.0,215.0
36005,2019,2019_92641,0.25,0,706.0,706.0
36005,2019,2019_92642,3.5,0,1326.5,2024.0
36005,2019,2019_92643,2.25,0,1739.0,1775.0
36005,2019,2019_92644,1.75,0,432.8571428571428,473.0
36005,2019,2019_92645,1.5,0,646.3333333333334,831.0
36005,2019,2019_92646,0.5,0,322.0,323.0
36005,2019,2019_92647,2.25,0,240.0,240.0
36005,2019,2019_92648,0.75,0,207.0,207.0
36005,2019,2019_92649,2.5,0,222.4,255.0
36005,2019,2019_92650,0.75,0,965.3333333333334,988.0
36005,2019,2019_92651,0.75,0,226.0,239.0
36005,2019,2019_92652,0.25,0,313.0,313.0
36005,2019,2019_92653,3.0,0,1420.8333333333333,2043.0
36005,2019,2019_92654,0.75,0,1296.6666666666667,1298.0
36005,2019,2019_92655,1.75,0,403.0,480.0
36005,2019,2019_92656,0.25,0,316.0,316.0
36005,2019,2019_92657,2.5,0,348.5,350.0
36005,2019,2019_New York-0,0.5,1,322.0,323.0
36005,2019,2019_New York-1,1.0,1,361.0,417.0
36005,2019,2019_New York-2,2.0,0,295.875,296.0
36005,2019,2019_New York-4,0.5,1,322.0,323.0
36005,2019,2019_New York-7,1.25,1,204.2,206.0
36005,2020,2020_98096,1.5,0,362.3333333333333,379.0
36005,2020,2020_98097,1.75,0,1256.571428571429,1343.0
36005,2020,2020_98098,0.5,0,242.5,244.0
36005,2020,2020_98099,3.25,0,263.53846153846155,305.0
36005,2020,2020_98100,2.75,0,564.0909090909091,629.0
36005,2020,2020_98101,1.0,0,591.75,592.0
36005,2020,2020_98102,0.25,0,451.0,451.0
36005,2020,2020_98103,3.0,0,315.25,451.0
36005,2020,2020_98104,0.75,0,760.6666666666666,761.0
36005,2020,2020_98105,12.75,0,403.05882352941177,706.0
36005,2020,2020_98106,0.25,0,1011.0,1011.0
36005,2020,2020_98107,0.25,0,578.0,578.0
36005,2020,2020_98108,6.0,0,254.45833333333337,256.0
36005,2020,2020_98109,1.0,0,476.0,476.0
36005,2020,2020_98110,0.5,0,307.5,308.0
36005,2020,2020_98111,2.25,0,278.6666666666667,287.0
36005,2020,2020_98112,1.75,0,238.0,238.0
36005,2020,2020_98113,2.5,0,678.1,679.0
36005,2020,2020_98114,2.25,0,257.0,257.0
36005,2020,2020_98115,0.75,0,257.0,257.0
36005,2020,2020_98116,0.25,0,710.0,710.0
36005,2020,2020_98117,0.25,0,229.0,229.0
36005,2020,2020_98118,4.0,0,264.0,267.0
36005,2020,2020_98119,2.0,0,646.375,650.0
36005,2020,2020_98120,1.75,0,600.4285714285714,601.0
36005,2020,2020_98121,3.0,0,241.41666666666663,243.0
36005,2020,2020_98122,4.5,0,372.94444444444446,467.0
36005,2020,2020_98123,1.5,0,2329.0,2335.0
36005,2020,2020_98124,7.5,0,458.03333333333336,854.0
36005,2020,2020_98125,2.25,0,461.0,462.0
36005,2020,2020_98126,4.75,0,843.3684210526316,1152.0
36005,2020,2020_98127,1.75,0,538.4285714285714,957.0
36005,2020,2020_98128,0.25,0,356.0,356.0
36005,2020,2020_98129,0.25,0,233.0,233.0
36005,2020,2020_98130,5.75,0,401.4347826086956,527.0
36005,2020,2020_98131,13.75,0,499.25454545454545,625.0
36005,2020,2020_98132,3.75,0,2346.0666666666666,2705.0
36005,2020,2020_98133,1.0,0,719.75,1910.0
36005,2020,2020_98134,0.25,0,833.0,833.0
36005,2020,2020_98135,24.75,0,922.878787878788,1137.0
36005,2020,2020_98136,1.5,0,297.0,297.0
36005,2020,2020_98137,14.75,0,834.4745762711865,1295.0
36005,2020,2020_98138,0.25,0,209.0,209.0
36005,2020,2020_98139,181.0,0,10233.4682320442,23271.0
36005,2020,2020_98140,2.0,0,2823.125,3900.0
36005,2020,2020_98141,5.5,0,1561.3181818181818,1665.0
36005,2020,2020_98142,1.75,0,1765.571428571429,1768.0
36005,2020,2020_98143,0.5,0,1115.0,1115.0
36005,2020,2020_98144,1.25,0,414.0,1158.0
36005,2020,2020_98145,3.25,0,986.0,1005.0
36005,2020,2020_98146,3.0,0,245.16666666666663,246.0
36005,2020,2020_98147,2.0,0,244.125,245.0
36005,2020,2020_98148,1.25,0,341.6,758.0
36005,2020,2020_98149,1.25,0,220.2,226.0
36005,2020,2020_98150,2.25,0,250.11111111111111,256.0
36005,2020,2020_98151,8.25,0,306.3636363636364,313.0
36005,2020,2020_98152,6.25,0,324.76,345.0
36005,2020,2020_98153,9.5,0,426.05263157894734,455.0
36005,2020,2020_98154,1.25,0,213.0,213.0
36005,2020,2020_98155,1.75,0,396.7142857142857,399.0
36005,2020,2020_98156,3.0,0,1314.6666666666667,1632.0
36005,2020,2020_98157,1.5,0,447.1666666666667,489.0
36005,2020,2020_98158,4.5,0,282.55555555555554,604.0
36005,2020,2020_98159,7.0,0,3046.75,3896.0
36005,2020,2020_98160,3.25,0,362.3076923076923,452.0
36005,2020,2020_98161,3.25,0,568.3076923076923,639.0
36005,2020,2020_98162,1.0,0,373.75,376.0
36005,2020,2020_98163,2.5,0,679.4,688.0
36005,2020,2020_98164,1.0,0,633.75,651.0
36005,2020,2020_98165,3.0,0,571.3333333333334,633.0
36005,2020,2020_98166,2.75,0,666.3636363636364,667.0
36005,2020,2020_98167,2.75,0,335.3636363636364,336.0
36005,2020,2020_98168,3.25,0,430.6923076923077,474.0
36005,2020,2020_98169,2.0,0,559.0,575.0
36005,2020,2020_98170,13.5,0,1130.462962962963,1715.0
36005,2020,2020_98171,0.5,0,732.0,1084.0
36005,2020,2020_98172,2.75,0,1030.8181818181818,1120.0
36005,2020,2020_98173,2.25,0,260.22222222222223,261.0
36005,2020,2020_98174,1.0,0,355.0,418.0
36005,2020,2020_98175,1.0,0,251.5,256.0
36005,2020,2020_98176,0.5,0,1065.0,1066.0
36005,2020,2020_98177,0.25,0,549.0,549.0
36005,2020,2020_98178,0.25,0,1160.0,1160.0
36005,2020,2020_98179,0.5,0,1347.0,1347.0
36005,2020,2020_98180,19.5,0,256.71794871794873,376.0
36005,2020,2020_98181,1.25,0,213.4,233.0
36005,2020,2020_98182,0.25,0,201.0,201.0
36005,2020,2020_98183,0.75,0,204.66666666666663,214.0
36005,2020,2020_98184,0.25,0,207.0,207.0
36005,2020,2020_98185,0.5,0,208.5,209.0
36005,2020,2020_98186,13.5,0,375.27777777777777,488.0
36005,2020,2020_98187,0.25,0,229.0,229.0
36005,2020,2020_98188,0.75,0,227.33333333333337,228.0
36005,2020,2020_98189,21.5,0,409.9651162790698,675.0
36005,2020,2020_98190,13.5,0,350.48148148148147,460.0
36005,2020,2020_98191,6.5,0,241.65384615384616,253.0
36005,2020,2020_98192,18.0,0,2357.0694444444443,2950.0
36005,2020,2020_98193,1.0,0,247.25,253.0
36005,2020,2020_98194,5.75,0,243.34782608695653,245.0
36005,2020,2020_New York-0,3.25,1,263.53846153846155,305.0
36005,2020,2020_New York-10,0.25,0,356.0,356.0
36005,2020,2020_New York-11,2.0,0,2823.125,3900.0
36005,2020,2020_New York-12,2.75,1,335.3636363636364,336.0
36005,2020,2020_New York-3,181.0,1,10233.4682320442,23271.0
36005,2020,2020_New York-7,7.5,0,458.03333333333336,854.0
36005,2021,2021_97345,2.25,0,429.1111111111111,505.0
36005,2021,2021_97346,12.25,0,453.2448979591837,458.0
36005,2021,2021_97347,2.0,0,527.0,665.0
36005,2021,2021_97348,3.5,0,210.0,215.0
36005,2021,2021_97349,1.0,0,409.25,410.0
36005,2021,2021_97350,1.75,0,352.57142857142856,392.0
36005,2021,2021_97351,0.5,0,224.5,225.0
36005,2021,2021_97352,5.0,0,225.95,285.0
36005,2021,2021_97353,1.75,0,224.0,271.0
36005,2021,2021_97354,0.5,0,200.0,200.0
36005,2021,2021_97355,7.5,0,270.2,321.0
36005,2021,2021_97356,2.5,0,239.8,290.0
36005,2021,2021_97357,2.75,0,230.54545454545453,238.0
36005,2021,2021_97358,5.75,0,208.4782608695652,215.0
36005,2021,2021_97359,1.75,0,203.57142857142856,205.0
36005,2021,2021_97360,0.25,0,210.0,210.0
36005,2021,2021_97361,6.5,0,270.65384615384613,303.0
36005,2021,2021_97362,8.25,0,248.45454545454547,276.0
36005,2021,2021_97363,6.25,0,304.32,332.0
36005,2021,2021_97364,0.25,0,207.0,207.0
36005,2021,2021_97365,3.0,0,202.25,203.0
36005,2021,2021_97366,3.5,0,229.92857142857144,248.0
36005,2021,2021_97367,37.25,0,369.1275167785235,550.0
36005,2021,2021_97368,1.75,0,201.0,201.0
36005,2021,2021_97369,7.75,0,240.4516129032258,244.0
36005,2021,2021_97370,1.5,0,430.8333333333333,433.0
36005,2021,2021_97371,0.75,0,429.0,429.0
36005,2021,2021_97372,4.0,0,682.1875,684.0
36005,2021,2021_97373,2.75,0,284.54545454545456,494.0
36005,2021,2021_97374,1.25,0,234.4,248.0
36005,2021,2021_97375,1.75,0,1335.0,1335.0
36005,2021,2021_97376,1.75,0,271.14285714285717,272.0
36005,2021,2021_97377,1.5,0,720.8333333333334,722.0
36005,2021,2021_97378,2.5,0,300.0,335.0
36005,2021,2021_97379,0.25,0,457.0,457.0
36005,2021,2021_97380,2.25,0,253.0,253.0
36005,2021,2021_97381,2.0,0,258.125,259.0
36005,2021,2021_97382,0.5,0,333.5,334.0
36005,2021,2021_97383,1.5,0,212.0,212.0
36005,2021,2021_97384,1.0,0,319.75,321.0
36005,2021,2021_97385,0.25,0,259.0,259.0
36005,2021,2021_97386,1.5,0,259.0,259.0
36005,2021,2021_97387,0.25,0,1319.0,1319.0
36005,2021,2021_97388,2.5,0,502.3,629.0
36005,2021,2021_97389,0.25,0,312.0,312.0
36005,2021,2021_97390,2.0,0,299.0,299.0
36005,2021,2021_97391,1.25,0,233.8,272.0
36005,2021,2021_97392,1.75,0,209.0,232.0
36005,2021,2021_97393,2.0,0,257.25,259.0
36005,2021,2021_97394,0.5,0,284.0,284.0
36005,2021,2021_97395,7.75,0,320.7741935483871,337.0
36005,2021,2021_97396,8.75,0,331.6,670.0
36005,2021,2021_97397,1.0,0,293.75,336.0
36005,2021,2021_97398,0.25,0,218.0,218.0
36005,2021,2021_97399,2.25,0,298.0,298.0
36005,2021,2021_97400,2.0,0,956.875,1408.0
36005,2021,2021_97401,2.75,0,360.09090909090907,654.0
36005,2021,2021_97402,20.75,0,260.12048192771084,486.0
36005,2021,2021_97403,0.25,0,3103.0,3103.0
36005,2021,2021_97404,7.75,0,530.0967741935484,706.0
36005,2021,2021_97405,4.25,0,256.88235294117646,281.0
36005,2021,2021_97406,4.75,0,493.3157894736842,495.0
36005,2021,2021_97407,7.25,0,513.2413793103449,812.0
36005,2021,2021_97408,4.0,0,390.3125,508.0
36005,2021,2021_97409,1.75,0,1024.571428571429,1038.0
36005,2021,2021_97410,4.0,0,562.875,727.0
36005,2021,2021_97411,7.25,0,562.3448275862069,694.0
36005,2021,2021_97412,0.25,0,619.0,619.0
36005,2021,2021_97413,2.25,0,331.22222222222223,437.0
36005,2021,2021_97414,4.25,0,389.8235294117647,427.0
36005,2021,2021_97415,8.25,0,1471.909090909091,1786.0
36005,2021,2021_97416,2.5,0,604.4,787.0
36005,2021,2021_97417,0.25,0,780.0,780.0
36005,2021,2021_97418,1.25,0,324.0,324.0
36005,2021,2021_97419,1.25,0,323.4,324.0
36005,2021,2021_97420,1.5,0,323.5,401.0
36005,2021,2021_97421,16.25,0,399.9692307692307,404.0
36005,2021,2021_97422,0.25,0,516.0,516.0
36005,2021,2021_97423,5.0,0,935.8,1661.0
36005,2021,2021_97424,42.5,0,1218.0,2766.0
36005,2021,2021_97425,2.75,0,571.2727272727273,739.0
36005,2021,2021_97426,3.25,0,925.7692307692308,1094.0
36005,2021,2021_97427,2.75,0,337.54545454545456,339.0
36005,2021,2021_97428,1.75,0,456.42857142857144,457.0
36005,2021,2021_97429,1.5,0,405.8333333333333,483.0
36005,2021,2021_97430,2.0,0,337.0,337.0
36005,2021,2021_97431,0.75,0,522.0,522.0
36005,2021,2021_97432,3.0,0,415.1666666666667,416.0
36005,2021,2021_97433,0.75,0,344.0,344.0
36005,2021,2021_97434,1.0,0,226.25,227.0
36005,2021,2021_97435,2.0,0,241.0,241.0
36005,2021,2021_97436,3.0,0,1192.1666666666667,1252.0
36005,2021,2021_97437,1.25,0,499.8,501.0
36005,2021,2021_97438,4.75,0,271.57894736842104,298.0
36005,2021,2021_97439,3.25,0,668.6923076923077,1079.0
36005,2021,2021_97440,3.0,0,579.9166666666666,636.0
36005,2021,2021_97441,2.25,0,608.7777777777778,634.0
36005,2021,2021_97442,0.25,0,290.0,290.0
36005,2021,2021_97443,2.5,0,292.6,296.0
36005,2021,2021_97444,1.0,0,237.0,237.0
36005,2021,2021_97445,3.0,0,544.1666666666666,634.0
36005,2021,2021_97446,1.75,0,271.42857142857144,273.0
36005,2021,2021_97447,11.75,0,269.7659574468085,315.0
36005,2021,2021_New York-0,7.25,0,513.2413793103449,812.0
36005,2021,2021_New York-5,37.25,0,369.1275167785235,550.0
36005,2021,2021_New York-8,2.75,0,360.09090909090907,654.0
36005,2022,2022_103009,0.5,0,560.0,560.0
36005,2022,2022_103010,0.25,0,560.0,560.0
36005,2022,2022_103011,3.25,0,210.46153846153845,213.0
36005,2022,2022_103012,0.25,0,231.0,231.0
36005,2022,2022_103013,0.75,0,205.0,205.0
36005,2022,2022_103014,9.25,0,297.8378378378378,346.0
36005,2022,2022_103015,1.5,0,563.0,563.0
36005,2022,2022_103016,2.75,0,595.6363636363636,608.0
36005,2022,2022_103017,1.75,0,243.28571428571428,250.0
36005,2022,2022_103018,0.5,0,245.0,245.0
36005,2022,2022_103019,0.5,0,212.0,212.0
36005,2022,2022_103020,1.0,0,211.75,214.0
36005,2022,2022_103021,1.5,0,1682.6666666666667,1684.0
36005,2022,2022_103022,4.75,0,236.94736842105263,249.0
36005,2022,2022_103023,0.25,0,225.0,225.0
36005,2022,2022_103024,2.75,0,241.36363636363637,252.0
36005,2022,2022_103025,2.5,0,232.9,242.0
36005,2022,2022_103026,2.5,0,287.4,303.0
36005,2022,2022_103027,1.25,0,211.2,216.0
36005,2022,2022_103028,2.25,0,229.11111111111111,250.0
36005,2022,2022_103029,2.75,0,202.54545454545453,205.0
36005,2022,2022_103030,1.75,0,3169.714285714286,3557.0
36005,2022,2022_103031,0.25,0,348.0,348.0
36005,2022,2022_103032,0.25,0,423.0,423.0
36005,2022,2022_103033,1.0,0,249.25,292.0
36005,2022,2022_103034,0.5,0,441.5,458.0
36005,2022,2022_103035,0.25,0,2051.0,2051.0
36005,2022,2022_103036,0.25,0,237.0,237.0
36005,2022,2022_103037,3.0,0,232.16666666666663,233.0
36005,2022,2022_103038,0.75,0,202.0,204.0
36005,2022,2022_103039,1.0,0,201.0,201.0
36005,2022,2022_103040,1.25,0,231.8,232.0
36005,2022,2022_103041,1.75,0,299.57142857142856,345.0
36005,2022,2022_103042,20.25,0,300.69135802469134,366.0
36005,2022,2022_103043,0.5,0,230.5,232.0
36005,2022,2022_103044,3.5,0,314.64285714285717,380.0
36005,2022,2022_103045,1.25,0,202.8,203.0
36005,2022,2022_103046,0.25,0,242.0,242.0
36005,2022,2022_103047,1.5,0,257.6666666666667,320.0
36005,2022,2022_103048,0.25,0,234.0,234.0
36005,2022,2022_103049,2.0,0,278.375,299.0
36005,2022,2022_103050,0.5,0,477.0,477.0
36005,2022,2022_103051,1.0,0,393.75,396.0
36005,2022,2022_103052,3.0,0,204.08333333333337,205.0
36005,2022,2022_103053,4.75,0,662.5263157894736,713.0
36005,2022,2022_103054,0.75,0,748.6666666666666,749.0
36005,2022,2022_103055,4.0,0,204.75,207.0
36005,2022,2022_103056,3.25,0,200.69230769230768,203.0
36005,2022,2022_103057,1.0,0,242.25,243.0
36005,2022,2022_103058,0.5,0,460.0,460.0
36005,2022,2022_103059,1.25,0,513.8,527.0
36005,2022,2022_103060,3.0,0,316.3333333333333,361.0
36005,2022,2022_103061,0.25,0,857.0,857.0
36005,2022,2022_103062,2.0,0,289.0,289.0
36005,2022,2022_103063,0.75,0,755.0,755.0
36005,2022,2022_103064,1.0,0,714.0,714.0
36005,2022,2022_103065,1.5,0,242.83333333333337,252.0
36005,2022,2022_103066,2.75,0,331.8181818181818,386.0
36005,2022,2022_103067,3.0,0,803.75,846.0
36005,2022,2022_103068,1.25,0,633.2,679.0
36005,2022,2022_103069,1.0,0,1217.5,1577.0
36005,2022,2022_103070,8.5,0,298.7647058823529,364.0
36005,2022,2022_103071,0.25,0,1562.0,1562.0
36005,2022,2022_103072,1.0,0,253.0,253.0
36005,2022,2022_103073,0.25,0,253.0,253.0
36005,2022,2022_103074,6.0,0,928.4166666666666,1025.0
36005,2022,2022_103075,1.25,0,1376.4,1377.0
36005,2022,2022_103076,0.25,0,250.0,250.0
36005,2022,2022_103077,3.25,0,249.0,249.0
36005,2022,2022_103078,1.75,0,364.2857142857143,374.0
36005,2022,2022_103079,0.5,0,304.0,304.0
36005,2022,2022_103080,4.25,0,250.8235294117647,252.0
36005,2022,2022_103081,0.5,0,631.0,631.0
36005,2022,2022_103082,12.75,0,229.07843137254903,239.0
36005,2022,2022_103083,0.25,0,224.0,224.0
36005,2022,2022_103084,2.25,0,254.55555555555551,258.0
36005,2022,2022_103085,7.25,0,217.79310344827587,218.0
36005,2022,2022_103086,1.25,0,857.0,857.0
36005,2022,2022_103087,1.5,0,357.3333333333333,404.0
36005,2022,2022_103088,0.75,0,213.0,213.0
36005,2022,2022_103089,2.0,0,1024.5,1025.0
36005,2022,2022_103090,1.75,0,322.7142857142857,343.0
36005,2022,2022_103091,1.75,0,223.0,223.0
36005,2022,2022_103092,6.25,0,361.64,421.0
36005,2022,2022_103093,5.5,0,699.5,761.0
36005,2022,2022_103094,3.0,0,434.0833333333333,435.0
36005,2022,2022_103095,2.25,0,216.88888888888889,219.0
36005,2022,2022_103096,7.0,0,2336.785714285714,4080.0
36005,2022,2022_103097,0.75,0,216.0,224.0
36005,2022,2022_103098,2.75,0,221.27272727272728,224.0
36005,2022,2022_103099,4.25,0,1082.8235294117646,1361.0
36005,2022,2022_103100,1.5,0,776.1666666666666,834.0
36005,2022,2022_103101,3.25,0,257.0,309.0
36005,2022,2022_103102,0.75,0,245.0,270.0
36005,2022,2022_103103,0.5,0,235.0,237.0
36005,2022,2022_103104,0.75,0,218.33333333333337,245.0
36005,2022,2022_103105,1.75,0,278.7142857142857,332.0
36005,2022,2022_103106,0.5,0,321.0,321.0
36005,2022,2022_103107,1.25,0,238.2,239.0
36005,2022,2022_103108,1.25,0,581.0,623.0
36005,2022,2022_103109,9.0,0,488.47222222222223,744.0
36005,2022,2022_103110,4.75,0,203.05263157894737,204.0
36005,2022,2022_103111,0.25,0,223.0,223.0
36005,2022,2022_103112,22.5,0,635.1444444444444,904.0
36005,2022,2022_103113,1.75,0,234.0,234.0
36005,2022,2022_103114,0.25,0,270.0,270.0
36005,2022,2022_103115,5.75,0,284.17391304347825,316.0
36005,2022,2022_103116,0.25,0,533.0,533.0
36005,2022,2022_103117,1.5,0,1332.5,1335.0
36005,2022,2022_103118,1.25,0,7182.6,7859.0
36005,2022,2022_103119,4.75,0,452.5263157894737,2343.0
36005,2022,2022_103120,1.5,0,226.5,228.0
36005,2022,2022_103121,8.25,0,225.5151515151515,226.0
36005,2022,2022_103122,6.75,0,298.4074074074074,322.0
36005,2022,2022_103123,3.75,0,253.26666666666668,332.0
36005,2022,2022_103124,7.5,0,1202.0666666666666,1431.0
36005,2022,2022_103125,1.25,0,265.2,324.0
36005,2022,2022_103126,1.75,0,243.28571428571428,290.0
36005,2022,2022_103127,1.25,0,803.6,1166.0
36005,2022,2022_103128,2.0,0,926.875,1230.0
36005,2022,2022_103129,1.75,0,511.8571428571428,539.0
36005,2022,2022_103130,0.25,0,202.0,202.0
36005,2022,2022_103131,3.0,0,271.75,309.0
36005,2022,2022_103132,4.0,0,674.5625,1131.0
36005,2022,2022_103133,1.75,0,724.1428571428571,767.0
36005,2022,2022_103134,0.5,0,729.0,729.0
36005,2022,2022_103135,1.0,0,262.75,266.0
36005,2022,2022_103136,1.75,0,292.2857142857143,360.0
36005,2022,2022_103137,1.0,0,202.0,202.0
36005,2022,2022_103138,0.5,0,321.5,351.0
36005,2022,2022_103139,0.25,0,222.0,222.0
36005,2022,2022_103140,1.25,0,230.6,233.0
36005,2022,2022_103141,0.25,0,1290.0,1290.0
36005,2022,2022_103142,3.0,0,628.25,649.0
36005,2022,2022_103143,2.5,0,964.0,1536.0
36005,2022,2022_103144,1.25,0,598.4,600.0
36005,2022,2022_103145,5.5,0,850.6818181818181,945.0
36005,2022,2022_103146,0.25,0,255.0,255.0
36005,2022,2022_103147,4.25,0,308.29411764705884,314.0
36005,2022,2022_103148,1.25,0,570.2,571.0
36005,2022,2022_103149,0.25,0,631.0,631.0
36005,2022,2022_103150,1.0,0,308.0,308.0
36005,2022,2022_103151,0.5,0,215.5,216.0
36005,2022,2022_103152,0.25,0,452.0,452.0
36005,2022,2022_103153,5.0,0,382.25,391.0
36005,2022,2022_103154,0.25,0,936.0,936.0
36005,2022,2022_New York-0,0.25,1,857.0,857.0
36005,2022,2022_New York-1,8.5,0,298.7647058823529,364.0
36005,2022,2022_New York-11,0.25,0,222.0,222.0
36005,2022,2022_New York-13,1.0,1,249.25,292.0
36005,2022,2022_New York-2,0.5,1,215.5,216.0
36005,2022,2022_New York-3,3.0,1,316.3333333333333,361.0
36005,2022,2022_New York-6,0.25,0,255.0,255.0
36005,2022,2022_New York-8,4.75,0,236.94736842105263,249.0
36005,2022,2022_New York-9,0.5,0,441.5,458.0
36005,2023,2023_99166,0.25,0,458.0,458.0
36005,2023,2023_99167,2.75,0,1906.6363636363635,1910.0
36005,2023,2023_99168,0.25,0,226.0,226.0
36005,2023,2023_99169,2.25,0,8151.777777777777,8181.0
36005,2023,2023_99170,1.25,0,456.0,456.0
36005,2023,2023_99171,2.25,0,1028.4444444444443,1029.0
36005,2023,2023_99172,2.5,0,678.1,810.0
36005,2023,2023_99173,0.25,0,212.0,212.0
36005,2023,2023_99174,1.25,0,204.0,205.0
36005,2023,2023_99175,9.25,0,468.8378378378378,1667.0
36005,2023,2023_99176,1.25,0,478.0,478.0
36005,2023,2023_99177,0.75,0,463.0,463.0
36005,2023,2023_99178,1.75,0,324.0,324.0
36005,2023,2023_99179,1.25,0,447.8,448.0
36005,2023,2023_99180,0.5,0,215.0,215.0
36005,2023,2023_99181,4.5,0,560.0555555555555,674.0
36005,2023,2023_99182,0.5,0,805.0,805.0
36005,2023,2023_99183,0.25,0,805.0,805.0
36005,2023,2023_99184,1.5,0,416.5,417.0
36005,2023,2023_99185,0.25,0,235.0,235.0
36005,2023,2023_99186,4.75,0,239.6315789473684,287.0
36005,2023,2023_99187,3.0,0,309.4166666666667,366.0
36005,2023,2023_99188,1.5,0,1354.8333333333333,1363.0
36005,2023,2023_99189,1.5,0,299.0,299.0
36005,2023,2023_99190,1.5,0,324.6666666666667,325.0
36005,2023,2023_99191,1.75,0,477.0,477.0
36005,2023,2023_99192,3.5,0,1027.142857142857,1028.0
36005,2023,2023_99193,1.75,0,252.28571428571428,253.0
36005,2023,2023_99194,3.0,0,2261.25,2336.0
36005,2023,2023_99195,0.25,0,271.0,271.0
36005,2023,2023_99196,1.25,0,732.4,733.0
36005,2023,2023_99197,0.5,0,312.0,312.0
36005,2023,2023_99198,0.25,0,521.0,521.0
36005,2023,2023_99199,1.5,0,373.0,373.0
36005,2023,2023_99200,0.25,0,1770.0,1770.0
36005,2023,2023_99201,5.75,0,974.2608695652174,998.0
36005,2023,2023_99202,2.25,0,204.22222222222223,233.0
36005,2023,2023_99203,1.5,0,234.0,235.0
36005,2023,2023_99204,0.75,0,828.6666666666666,1109.0
36005,2023,2023_99205,3.25,0,1488.6153846153843,1811.0
36005,2023,2023_99206,3.75,0,265.6,281.0
36005,2023,2023_99207,0.5,0,227.5,228.0
36005,2023,2023_99208,1.25,0,244.0,244.0
36005,2023,2023_99209,1.75,0,1790.0,1834.0
36005,2023,2023_99210,3.75,0,379.3333333333333,471.0
36005,2023,2023_99211,5.75,0,421.1304347826087,422.0
36005,2023,2023_99212,1.25,0,216.0,216.0
36005,2023,2023_99213,1.75,0,417.0,417.0
36005,2023,2023_99214,1.0,0,286.0,286.0
36005,2023,2023_99215,2.0,0,726.25,765.0
36005,2023,2023_99216,1.75,0,311.42857142857144,337.0
36005,2023,2023_99217,3.5,0,294.85714285714283,304.0
36005,2023,2023_99218,0.25,0,316.0,316.0
36005,2023,2023_99219,5.25,0,788.8095238095239,1264.0
36005,2023,2023_99220,0.25,0,296.0,296.0
36005,2023,2023_99221,0.25,0,316.0,316.0
36005,2023,2023_99222,0.25,0,316.0,316.0
36005,2023,2023_99223,0.5,0,719.0,719.0
36005,2023,2023_99224,7.25,0,311.1034482758621,312.0
36005,2023,2023_99225,3.0,0,1076.25,1092.0
36005,2023,2023_99226,0.25,0,1120.0,1120.0
36005,2023,2023_99227,0.5,0,476.5,477.0
36005,2023,2023_99228,3.75,0,442.8666666666667,611.0
36005,2023,2023_99229,2.25,0,360.8888888888889,449.0
36005,2023,2023_99230,0.75,0,741.0,761.0
36005,2023,2023_99231,0.75,0,699.0,699.0
36005,2023,2023_99232,1.25,0,715.4,724.0
36005,2023,2023_99233,0.25,0,770.0,770.0
36005,2023,2023_99234,2.0,0,257.0,257.0
36005,2023,2023_99235,4.75,0,236.68421052631575,238.0
36005,2023,2023_99236,2.75,0,699.0,773.0
36005,2023,2023_99237,0.75,0,466.3333333333333,467.0
36005,2023,2023_99238,0.25,0,578.0,578.0
36005,2023,2023_99239,1.75,0,320.42857142857144,321.0
36005,2023,2023_99240,0.25,0,322.0,322.0
36005,2023,2023_99241,0.25,0,1614.0,1614.0
36005,2023,2023_99242,4.0,0,578.25,610.0
36005,2023,2023_99243,1.75,0,296.0,296.0
36005,2023,2023_99244,4.0,0,312.875,366.0
36005,2023,2023_99245,0.25,0,455.0,455.0
36005,2023,2023_99246,0.75,0,450.0,450.0
36005,2023,2023_99247,1.5,0,456.3333333333333,457.0
36005,2023,2023_99248,0.25,0,1133.0,1133.0
36005,2023,2023_99249,3.0,0,311.8333333333333,418.0
36005,2023,2023_99250,1.5,0,1913.0,1913.0
36005,2023,2023_99251,1.0,0,302.0,302.0
36005,2023,2023_99252,3.5,0,888.0714285714286,1336.0
36005,2023,2023_99253,14.25,0,1624.140350877193,3510.0
36005,2023,2023_99254,0.75,0,391.3333333333333,456.0
36005,2023,2023_99255,9.0,0,390.30555555555554,395.0
36005,2023,2023_99256,0.25,0,393.0,393.0
36005,2023,2023_99257,2.25,0,337.0,360.0
36005,2023,2023_99258,0.75,0,262.0,262.0
36005,2023,2023_99259,0.25,0,261.0,261.0
36005,2023,2023_99260,2.5,0,249.5,275.0
36005,2023,2023_99261,0.25,0,625.0,625.0
36005,2023,2023_New York-0,0.75,1,463.0,463.0
36005,2023,2023_New York-2,1.75,0,1790.0,1834.0
36005,2023,2023_New York-3,0.25,0,226.0,226.0
36005,2023,2023_New York-5,0.5,0,476.5,477.0
36005,2023,2023_New York-6,2.0,0,257.0,257.0
36047,2014,2014_7306,0.75,0,557.6666666666666,558.0
36047,2014,2014_7307,0.75,0,797.0,797.0
36047,2014,2014_7308,1.25,0,1186.8,1191.0
36047,2014,2014_7309,0.25,0,550.0,550.0
36047,2014,2014_7310,2.0,0,310.375,337.0
36047,2014,2014_7311,1.0,0,503.5,505.0
36047,2014,2014_7312,1.5,0,348.3333333333333,454.0
36047,2015,2015_68249,1.0,0,440.5,469.0
36047,2015,2015_68250,1.5,0,3112.0,5581.0
36047,2015,2015_68251,0.5,0,599.0,610.0
36047,2015,2015_68252,0.25,0,248.0,248.0
36047,2015,2015_68253,4.0,0,292.9375,296.0
36047,2015,2015_68254,2.75,0,211.36363636363637,217.0
36047,2015,2015_68255,1.0,0,202.5,204.0
36047,2015,2015_68256,3.0,0,1669.75,2886.0
36047,2015,2015_68257,7.5,0,265.23333333333335,405.0
36047,2015,2015_68258,23.0,0,344.3152173913044,2230.0
36047,2015,2015_68259,2.0,0,219.375,250.0
36047,2015,2015_68260,3.25,0,237.15384615384616,250.0
36047,2015,2015_68261,0.25,0,216.0,216.0
36047,2015,2015_68262,6.5,0,303.15384615384613,352.0
36047,2015,2015_68263,6.75,0,251.8148148148148,302.0
36047,2015,2015_68264,21.75,0,354.04597701149424,1179.0
36047,2015,2015_68265,12.5,0,273.4,344.0
36047,2015,2015_68266,16.0,0,359.046875,607.0
36047,2015,2015_68267,53.0,0,574.6556603773585,1315.0
36047,2015,2015_68268,14.25,0,444.42105263157896,665.0
36047,2015,2015_68269,64.5,0,520.7790697674419,1198.0
36047,2015,2015_68270,5.5,0,244.04545454545453,266.0
36047,2015,2015_68271,0.5,0,338.5,343.0
36047,2015,2015_68272,8.0,0,396.15625,483.0
36047,2015,2015_68273,0.5,0,205.5,207.0
36047,2015,2015_68274,4.75,0,223.0,261.0
36047,2015,2015_68275,5.5,0,495.45454545454544,986.0
36047,2015,2015_68276,1.25,0,362.6,364.0
36047,2015,2015_68277,0.5,0,200.5,201.0
36047,2015,2015_68278,0.25,0,241.0,241.0
36047,2015,2015_68279,0.25,0,234.0,234.0
36047,2015,2015_68280,17.75,0,334.9718309859155,477.0
36047,2015,2015_68281,5.25,0,673.0952380952381,3493.0
36047,2015,2015_68282,11.0,0,246.4090909090909,311.0
36047,2015,2015_68283,1.0,0,222.5,226.0
36047,2015,2015_68284,1.75,0,227.1428571428571,237.0
36047,2015,2015_68285,0.25,0,223.0,223.0
36047,2015,2015_68286,0.5,0,274.5,275.0
36047,2015,2015_68287,0.5,0,207.0,209.0
36047,2015,2015_68288,16.0,0,1012.203125,1552.0
36047,2015,2015_68289,61.75,0,1229.9271255060728,2650.0
36047,2015,2015_68290,4.25,0,316.11764705882354,362.0
36047,2015,2015_68291,0.25,0,203.0,203.0
36047,2015,2015_68292,2.0,0,980.375,1029.0
36047,2015,2015_68293,0.25,0,236.0,236.0
36047,2015,2015_68294,4.75,0,317.6842105263158,472.0
36047,2015,2015_68295,96.0,0,706.3932291666666,1190.0
36047,2015,2015_68296,34.25,0,550.0364963503649,1288.0
36047,2015,2015_68297,27.25,0,439.2844036697248,656.0
36047,2015,2015_68298,44.75,0,362.2849162011173,532.0
36047,2015,2015_68299,0.5,0,266.0,295.0
36047,2015,2015_68300,20.75,0,280.6024096385542,376.0
36047,2015,2015_68301,0.5,0,232.5,233.0
36047,2015,2015_68302,2.75,0,230.72727272727272,319.0
36047,2015,2015_68303,1.25,0,739.0,865.0
36047,2015,2015_68304,0.25,0,621.0,621.0
36047,2015,2015_68305,0.25,0,201.0,201.0
36047,2015,2015_68306,5.0,0,554.2,883.0
36047,2015,2015_68307,0.25,0,435.0,435.0
36047,2015,2015_68308,4.0,0,228.1875,251.0
36047,2015,2015_68309,2.75,0,799.1818181818181,1226.0
36047,2015,2015_68310,0.5,0,211.5,213.0
36047,2015,2015_68311,4.5,0,255.0,393.0
36047,2015,2015_68312,1.25,0,2721.4,3363.0
36047,2015,2015_68313,0.75,0,469.0,469.0
36047,2015,2015_68314,2.0,0,679.25,801.0
36047,2015,2015_68315,1.5,0,1377.6666666666667,1380.0
36047,2015,2015_68316,0.25,0,779.0,779.0
36047,2015,2015_68317,2.0,0,257.375,282.0
36047,2015,2015_68318,0.25,0,620.0,620.0
36047,2015,2015_68319,12.0,0,946.1875,1623.0
36047,2015,2015_68320,1.0,0,1543.0,1564.0
36047,2015,2015_68321,0.25,0,1548.0,1548.0
36047,2015,2015_68322,0.25,0,1511.0,1511.0
36047,2015,2015_68323,28.5,0,655.0175438596491,2237.0
36047,2015,2015_68324,2.0,0,918.875,1637.0
36047,2015,2015_68325,1.75,0,322.85714285714283,331.0
36047,2015,2015_68326,1.75,0,479.1428571428572,561.0
36047,2015,2015_68327,0.25,0,210.0,210.0
36047,2015,2015_68328,3.75,0,370.0,446.0
36047,2015,2015_68329,0.5,0,346.0,346.0
36047,2015,2015_68330,1.25,0,328.8,343.0
36047,2015,2015_68331,0.25,0,295.0,295.0
36047,2015,2015_68332,0.25,0,296.0,296.0
36047,2015,2015_68333,0.25,0,299.0,299.0
36047,2015,2015_68334,0.25,0,300.0,300.0
36047,2015,2015_68335,0.25,0,302.0,302.0
36047,2015,2015_68336,0.25,0,300.0,300.0
36047,2015,2015_68337,0.25,0,295.0,295.0
36047,2015,2015_68338,0.25,0,350.0,350.0
36047,2015,2015_68339,0.5,0,363.5,365.0
36047,2015,2015_68340,0.25,0,388.0,388.0
36047,2015,2015_68341,0.5,0,374.5,375.0
36047,2015,2015_68342,0.25,0,386.0,386.0
36047,2015,2015_68343,0.25,0,389.0,389.0
36047,2015,2015_68344,0.5,0,277.0,303.0
36047,2015,2015_68345,5.25,0,291.85714285714283,414.0
36047,2015,2015_68346,0.25,0,219.0,219.0
36047,2015,2015_68347,0.25,0,204.0,204.0
36047,2015,2015_68348,0.75,0,201.66666666666663,203.0
36047,2015,2015_68349,3.0,0,221.58333333333337,228.0
36047,2015,2015_68350,3.0,0,4108.083333333333,5417.0
36047,2015,2015_68351,0.5,0,230.5,231.0
36047,2015,2015_68352,0.25,0,231.0,231.0
36047,2015,2015_68353,0.25,0,234.0,234.0
36047,2015,2015_68354,0.25,0,226.0,226.0
36047,2015,2015_68355,3.0,0,247.5,301.0
36047,2015,2015_68356,2.0,0,509.375,512.0
36047,2015,2015_68357,1.75,0,1181.2857142857142,1275.0
36047,2015,2015_68358,2.0,0,1117.0,1279.0
36047,2015,2015_68359,2.0,0,739.0,956.0
36047,2015,2015_68360,22.5,0,555.2555555555556,1004.0
36047,2015,2015_68361,0.25,0,328.0,328.0
36047,2015,2015_68362,3.0,0,273.5,285.0
36047,2015,2015_68363,12.0,0,984.7291666666666,1290.0
36047,2015,2015_68364,4.5,0,494.6111111111111,1168.0
36047,2015,2015_68365,5.5,0,566.8636363636364,700.0
36047,2015,2015_68366,2.0,0,281.25,285.0
36047,2015,2015_68367,1.0,0,693.5,695.0
36047,2015,2015_68368,0.75,0,242.0,242.0
36047,2015,2015_68369,0.25,0,438.0,438.0
36047,2015,2015_68370,1.75,0,467.0,472.0
36047,2015,2015_68371,0.25,0,214.0,214.0
36047,2015,2015_68372,0.25,0,533.0,533.0
36047,2015,2015_68373,0.25,0,275.0,275.0
36047,2015,2015_68374,7.0,0,250.6071428571429,315.0
36047,2015,2015_68375,2.5,0,260.6,288.0
36047,2015,2015_68376,1.0,0,587.0,875.0
36047,2015,2015_68377,1.5,0,1430.5,2204.0
36047,2015,2015_68378,1.5,0,254.0,340.0
36047,2015,2015_68379,1.0,0,860.25,862.0
36047,2015,2015_68380,7.5,0,336.8,357.0
36047,2015,2015_68381,0.25,0,288.0,288.0
36047,2015,2015_68382,2.75,0,728.7272727272727,964.0
36047,2015,2015_68383,0.75,0,840.6666666666666,846.0
36047,2015,2015_68384,1.5,0,516.1666666666666,652.0
36047,2015,2015_68385,0.5,0,1953.0,1962.0
36047,2015,2015_68386,1.5,0,830.8333333333334,873.0
36047,2015,2015_68387,1.75,0,981.8571428571428,4531.0
36047,2015,2015_68388,1.75,0,204.0,205.0
36047,2015,2015_68389,0.25,0,398.0,398.0
36047,2015,2015_New York-0,5.5,0,566.8636363636364,700.0
36047,2016,2016_69918,2.75,0,990.0,1011.0
36047,2016,2016_69919,1.0,0,6657.0,7164.0
36047,2016,2016_69920,0.5,0,2758.5,5250.0
36047,2016,2016_69921,0.75,0,279.0,279.0
36047,2016,2016_69922,1.0,0,596.25,603.0
36047,2016,2016_69923,1.5,0,236.16666666666663,246.0
36047,2016,2016_69924,0.5,0,247.5,249.0
36047,2016,2016_69925,1.25,0,367.0,396.0
36047,2016,2016_69926,41.25,0,849.8242424242425,1422.0
36047,2016,2016_69927,1.0,0,1537.5,1546.0
36047,2016,2016_69928,28.75,0,887.9478260869565,1693.0
36047,2016,2016_69929,12.5,0,372.46,492.0
36047,2016,2016_69930,9.25,0,248.0,319.0
36047,2016,2016_69931,1.25,0,885.0,905.0
36047,2016,2016_69932,0.25,0,222.0,222.0
36047,2016,2016_69933,37.75,0,493.5165562913907,821.0
36047,2016,2016_69934,1.75,0,227.0,232.0
36047,2016,2016_69935,2.5,0,231.1,242.0
36047,2016,2016_69936,3.25,0,1515.3846153846157,3029.0
36047,2016,2016_69937,0.5,0,261.0,262.0
36047,2016,2016_69938,1.5,0,270.8333333333333,273.0
36047,2016,2016_69939,1.25,0,416.8,467.0
36047,2016,2016_69940,0.25,0,328.0,328.0
36047,2016,2016_69941,0.75,0,216.0,217.0
36047,2016,2016_69942,0.25,0,300.0,300.0
36047,2016,2016_69943,0.75,0,202.33333333333337,205.0
36047,2016,2016_69944,0.75,0,626.6666666666666,631.0
36047,2016,2016_69945,1.5,0,287.6666666666667,289.0
36047,2016,2016_69946,1.25,0,207.8,211.0
36047,2016,2016_69947,1.25,0,567.0,902.0
36047,2016,2016_69948,0.25,0,3922.0,3922.0
36047,2016,2016_69949,4.75,0,396.57894736842104,401.0
36047,2016,2016_69950,1.25,0,1781.2,2128.0
36047,2016,2016_69951,2.5,0,263.9,305.0
36047,2016,2016_69952,0.75,0,203.33333333333337,204.0
36047,2016,2016_69953,0.5,0,2374.0,2375.0
36047,2016,2016_69954,1.5,0,243.16666666666663,285.0
36047,2016,2016_69955,0.25,0,6268.0,6268.0
36047,2016,2016_69956,1.25,0,900.8,904.0
36047,2016,2016_69957,13.5,0,495.85185185185185,650.0
36047,2016,2016_69958,0.75,0,377.6666666666667,416.0
36047,2016,2016_69959,0.75,0,307.0,308.0
36047,2016,2016_69960,0.75,0,315.3333333333333,357.0
36047,2016,2016_69961,0.25,0,2470.0,2470.0
36047,2016,2016_69962,1.5,0,756.1666666666666,799.0
36047,2016,2016_69963,1.5,0,389.8333333333333,401.0
36047,2016,2016_69964,2.75,0,278.72727272727275,284.0
36047,2016,2016_69965,2.0,0,1343.875,1732.0
36047,2016,2016_69966,0.25,0,330.0,330.0
36047,2016,2016_69967,0.5,0,674.0,674.0
36047,2016,2016_69968,0.5,0,841.0,841.0
36047,2016,2016_69969,0.5,0,523.0,523.0
36047,2016,2016_69970,7.25,0,299.0,416.0
36047,2016,2016_69971,0.75,0,804.3333333333334,838.0
36047,2016,2016_69972,0.75,0,626.3333333333334,628.0
36047,2016,2016_69973,8.25,0,774.3636363636364,2002.0
36047,2016,2016_69974,1.5,0,259.1666666666667,262.0
36047,2016,2016_69975,2.25,0,254.55555555555551,255.0
36047,2016,2016_69976,6.0,0,1106.1666666666667,1457.0
36047,2016,2016_69977,17.5,0,546.2,877.0
36047,2016,2016_69978,0.75,0,250.33333333333337,266.0
36047,2016,2016_69979,1.0,0,203.0,203.0
36047,2016,2016_69980,1.75,0,442.2857142857143,486.0
36047,2016,2016_69981,5.25,0,489.6666666666667,547.0
36047,2016,2016_69982,5.0,0,216.75,366.0
36047,2016,2016_69983,1.0,0,209.5,212.0
36047,2016,2016_69984,1.75,0,237.71428571428572,275.0
36047,2016,2016_69985,1.75,0,206.57142857142856,225.0
36047,2016,2016_69986,1.25,0,331.4,386.0
36047,2016,2016_69987,0.75,0,729.0,729.0
36047,2016,2016_69988,0.25,0,5009.0,5009.0
36047,2016,2016_69989,0.25,0,240.0,240.0
36047,2016,2016_69990,1.0,0,459.25,496.0
36047,2016,2016_69991,6.0,0,473.7083333333333,482.0
36047,2016,2016_69992,1.75,0,243.0,244.0
36047,2016,2016_69993,1.25,0,244.0,248.0
36047,2016,2016_69994,3.75,0,251.66666666666663,287.0
36047,2016,2016_69995,1.0,0,276.5,278.0
36047,2016,2016_69996,5.75,0,682.4347826086956,1083.0
36047,2016,2016_69997,1.25,0,1067.2,1083.0
36047,2016,2016_69998,1.25,0,1187.8,1218.0
36047,2016,2016_69999,0.5,0,1060.5,1215.0
36047,2016,2016_70000,4.25,0,889.4705882352941,909.0
36047,2016,2016_70001,12.0,0,661.6875,1016.0
36047,2016,2016_70002,1.5,0,350.1666666666667,391.0
36047,2016,2016_70003,15.75,0,648.5396825396825,1036.0
36047,2016,2016_70004,2.0,0,687.875,692.0
36047,2016,2016_70005,1.75,0,232.8571428571429,241.0
36047,2016,2016_70006,3.5,0,232.28571428571428,246.0
36047,2016,2016_70007,0.25,0,713.0,713.0
36047,2016,2016_70008,1.0,0,420.5,422.0
36047,2016,2016_70009,1.0,0,1312.25,1566.0
36047,2016,2016_70010,12.0,0,284.1041666666667,372.0
36047,2016,2016_70011,0.75,0,287.0,287.0
36047,2016,2016_70012,3.25,0,310.0,314.0
36047,2016,2016_70013,1.25,0,495.8,549.0
36047,2016,2016_70014,0.5,0,303.0,303.0
36047,2016,2016_70015,1.5,0,838.0,920.0
36047,2016,2016_70016,1.0,0,2301.0,2544.0
36047,2016,2016_70017,29.25,0,420.017094017094,675.0
36047,2016,2016_70018,2.0,0,298.625,349.0
36047,2016,2016_70019,0.5,0,250.5,251.0
36047,2016,2016_70020,0.25,0,232.0,232.0
36047,2016,2016_New York-2,0.5,0,2374.0,2375.0
36047,2016,2016_New York-4,0.75,0,377.6666666666667,416.0
36047,2016,2016_New York-5,1.0,0,459.25,496.0
36047,2017,2017_71745,2.75,0,723.0909090909091,964.0
36047,2017,2017_71746,0.25,0,1033.0,1033.0
36047,2017,2017_71747,17.5,0,344.7857142857143,531.0
36047,2017,2017_71748,33.75,0,384.56296296296296,1356.0
36047,2017,2017_71749,0.25,0,202.0,202.0
36047,2017,2017_71750,0.25,0,217.0,217.0
36047,2017,2017_71751,24.5,0,398.0,656.0
36047,2017,2017_71752,2.75,0,240.8181818181818,327.0
36047,2017,2017_71753,12.5,0,324.44,431.0
36047,2017,2017_71754,0.5,0,210.5,211.0
36047,2017,2017_71755,0.25,0,211.0,211.0
36047,2017,2017_71756,1.0,0,215.75,217.0
36047,2017,2017_71757,9.25,0,236.5675675675676,261.0
36047,2017,2017_71758,1.25,0,225.8,237.0
36047,2017,2017_71759,0.25,0,382.0,382.0
36047,2017,2017_71760,0.75,0,200.0,200.0
36047,2017,2017_71761,13.0,0,263.0576923076923,446.0
36047,2017,2017_71762,95.25,0,834.4619422572179,1830.0
36047,2017,2017_71763,12.75,0,298.70588235294116,372.0
36047,2017,2017_71764,2.5,0,383.2,419.0
36047,2017,2017_71765,2.75,0,256.45454545454544,258.0
36047,2017,2017_71766,2.5,0,251.1,269.0
36047,2017,2017_71767,0.25,0,286.0,286.0
36047,2017,2017_71768,61.25,0,447.0367346938776,676.0
36047,2017,2017_71769,4.25,0,334.11764705882354,416.0
36047,2017,2017_71770,0.5,0,208.5,209.0
36047,2017,2017_71771,14.0,0,317.875,423.0
36047,2017,2017_71772,0.75,0,406.3333333333333,407.0
36047,2017,2017_71773,0.25,0,205.0,205.0
36047,2017,2017_71774,0.25,0,204.0,204.0
36047,2017,2017_71775,5.75,0,331.2608695652174,389.0
36047,2017,2017_71776,0.75,0,200.33333333333337,201.0
36047,2017,2017_71777,0.25,0,204.0,204.0
36047,2017,2017_71778,0.25,0,243.0,243.0
36047,2017,2017_71779,0.25,0,203.0,203.0
36047,2017,2017_71780,5.5,0,292.77272727272725,354.0
36047,2017,2017_71781,4.0,0,215.75,223.0
36047,2017,2017_71782,0.5,0,281.5,282.0
36047,2017,2017_71783,1.75,0,257.2857142857143,314.0
36047,2017,2017_71784,3.0,0,264.3333333333333,370.0
36047,2017,2017_71785,0.25,0,283.0,283.0
36047,2017,2017_71786,5.75,0,232.30434782608697,256.0
36047,2017,2017_71787,0.5,0,225.0,225.0
36047,2017,2017_71788,1.0,0,273.0,274.0
36047,2017,2017_71789,2.25,0,735.7777777777778,812.0
36047,2017,2017_71790,0.5,0,203.5,207.0
36047,2017,2017_71791,0.25,0,252.0,252.0
36047,2017,2017_71792,1.5,0,305.6666666666667,321.0
36047,2017,2017_71793,0.25,0,201.0,201.0
36047,2017,2017_71794,14.25,0,216.78947368421052,245.0
36047,2017,2017_71795,1.75,0,205.57142857142856,211.0
36047,2017,2017_71796,1.25,0,1668.8,3308.0
36047,2017,2017_71797,2.75,0,234.1818181818182,243.0
36047,2017,2017_71798,1.75,0,684.1428571428571,734.0
36047,2017,2017_71799,24.0,0,677.6770833333334,945.0
36047,2017,2017_71800,0.5,0,218.5,220.0
36047,2017,2017_71801,0.75,0,219.0,227.0
36047,2017,2017_71802,2.5,0,260.6,268.0
36047,2017,2017_71803,8.5,0,233.55882352941177,326.0
36047,2017,2017_71804,2.0,0,297.125,298.0
36047,2017,2017_71805,0.25,0,308.0,308.0
36047,2017,2017_71806,0.25,0,243.0,243.0
36047,2017,2017_71807,1.0,0,201.0,202.0
36047,2017,2017_71808,5.25,0,201.8571428571429,206.0
36047,2017,2017_71809,0.75,0,1114.6666666666667,1188.0
36047,2017,2017_71810,1.5,0,286.0,306.0
36047,2017,2017_71811,0.25,0,204.0,204.0
36047,2017,2017_71812,2.75,0,701.5454545454545,702.0
36047,2017,2017_71813,0.75,0,247.0,261.0
36047,2017,2017_71814,1.25,0,269.4,271.0
36047,2017,2017_71815,1.5,0,324.0,324.0
36047,2017,2017_71816,0.75,0,287.0,287.0
36047,2017,2017_71817,7.5,0,259.26666666666665,284.0
36047,2017,2017_71818,1.75,0,304.7142857142857,306.0
36047,2017,2017_71819,1.0,0,705.0,723.0
36047,2017,2017_71820,0.25,0,700.0,700.0
36047,2017,2017_71821,2.25,0,278.77777777777777,292.0
36047,2017,2017_71822,3.75,0,222.66666666666663,225.0
36047,2017,2017_71823,0.5,0,2883.0,2883.0
36047,2017,2017_71824,1.5,0,553.3333333333334,1239.0
36047,2017,2017_71825,3.0,0,217.0,252.0
36047,2017,2017_71826,2.25,0,215.77777777777777,221.0
36047,2017,2017_71827,2.5,0,682.2,1118.0
36047,2017,2017_71828,6.75,0,242.55555555555551,260.0
36047,2017,2017_71829,40.5,0,605.8456790123457,937.0
36047,2017,2017_71830,0.25,0,200.0,200.0
36047,2017,2017_71831,0.75,0,216.66666666666663,224.0
36047,2017,2017_71832,1.0,0,264.25,265.0
36047,2017,2017_71833,8.25,0,365.969696969697,394.0
36047,2017,2017_New York-2,2.5,0,682.2,1118.0
36047,2017,2017_New York-3,6.75,0,242.55555555555551,260.0
36047,2017,2017_New York-4,8.25,0,365.969696969697,394.0
36047,2018,2018_91079,0.75,0,745.6666666666666,746.0
36047,2018,2018_91080,0.25,0,505.0,505.0
36047,2018,2018_91081,0.75,0,403.0,505.0
36047,2018,2018_91082,0.25,0,323.0,323.0
36047,2018,2018_91083,2.0,0,373.875,411.0
36047,2018,2018_91084,0.5,0,238.5,249.0
36047,2018,2018_91085,2.5,0,421.1,447.0
36047,2018,2018_91086,0.25,0,446.0,446.0
36047,2018,2018_91087,0.5,0,220.0,220.0
36047,2018,2018_91088,1.25,0,229.6,249.0
36047,2018,2018_91089,0.25,0,240.0,240.0
36047,2018,2018_91090,0.25,0,248.0,248.0
36047,2018,2018_91091,7.0,0,275.2142857142857,321.0
36047,2018,2018_91092,1.25,0,318.4,385.0
36047,2018,2018_91093,0.75,0,469.0,521.0
36047,2018,2018_91094,4.5,0,297.77777777777777,476.0
36047,2018,2018_91095,2.5,0,258.2,301.0
36047,2018,2018_91096,1.25,0,246.4,258.0
36047,2018,2018_91097,0.25,0,257.0,257.0
36047,2018,2018_91098,0.5,0,240.5,258.0
36047,2018,2018_91099,0.5,0,214.5,219.0
36047,2018,2018_91100,1.5,0,215.83333333333337,231.0
36047,2018,2018_91101,49.75,0,293.1859296482412,432.0
36047,2018,2018_91102,1.5,0,208.66666666666663,214.0
36047,2018,2018_91103,6.5,0,316.96153846153845,336.0
36047,2018,2018_91104,0.75,0,400.6666666666667,420.0
36047,2018,2018_91105,0.25,0,544.0,544.0
36047,2018,2018_91106,7.5,0,459.26666666666665,522.0
36047,2018,2018_91107,1.25,0,436.8,506.0
36047,2018,2018_91108,9.25,0,248.35135135135135,253.0
36047,2018,2018_91109,0.75,0,938.3333333333334,946.0
36047,2018,2018_91110,0.75,0,214.0,219.0
36047,2018,2018_91111,0.5,0,206.0,206.0
36047,2018,2018_91112,0.5,0,229.0,230.0
36047,2018,2018_91113,0.25,0,201.0,201.0
36047,2018,2018_91114,0.25,0,200.0,200.0
36047,2018,2018_91115,35.0,0,512.7571428571429,1186.0
36047,2018,2018_91116,2.25,0,271.8888888888889,277.0
36047,2018,2018_91117,1.25,0,311.2,312.0
36047,2018,2018_91118,17.25,0,388.7826086956522,621.0
36047,2018,2018_91119,46.25,0,687.5081081081081,1192.0
36047,2018,2018_91120,3.5,0,214.07142857142856,222.0
36047,2018,2018_91121,0.25,0,210.0,210.0
36047,2018,2018_91122,0.5,0,201.0,202.0
36047,2018,2018_91123,5.0,0,619.85,1057.0
36047,2018,2018_91124,1.75,0,330.0,387.0
36047,2018,2018_91125,0.75,0,1392.0,1532.0
36047,2018,2018_91126,0.75,0,222.0,222.0
36047,2018,2018_91127,0.25,0,220.0,220.0
36047,2018,2018_91128,0.25,0,2866.0,2866.0
36047,2018,2018_91129,2.75,0,341.72727272727275,786.0
36047,2018,2018_91130,2.5,0,1078.3,1081.0
36047,2018,2018_91131,7.5,0,1059.4666666666667,1184.0
36047,2018,2018_91132,1.0,0,220.25,237.0
36047,2018,2018_91133,1.75,0,282.2857142857143,283.0
36047,2018,2018_91134,3.5,0,219.3571428571429,227.0
36047,2018,2018_91135,3.5,0,931.5,1382.0
36047,2018,2018_91136,1.0,0,269.25,270.0
36047,2018,2018_91137,3.25,0,264.38461538461536,269.0
36047,2018,2018_91138,0.75,0,971.6666666666666,995.0
36047,2018,2018_91139,0.75,0,780.0,1108.0
36047,2018,2018_91140,1.75,0,309.0,311.0
36047,2018,2018_91141,1.5,0,672.0,852.0
36047,2018,2018_91142,1.0,0,270.75,305.0
36047,2018,2018_91143,0.25,0,221.0,221.0
36047,2018,2018_91144,7.0,0,272.17857142857144,371.0
36047,2018,2018_91145,3.75,0,308.26666666666665,411.0
36047,2018,2018_91146,1.0,0,5130.75,6275.0
36047,2018,2018_91147,1.75,0,317.85714285714283,331.0
36047,2018,2018_91148,1.25,0,402.6,405.0
36047,2018,2018_91149,2.0,0,831.625,861.0
36047,2018,2018_91150,3.75,0,304.93333333333334,429.0
36047,2018,2018_91151,6.0,0,330.125,345.0
36047,2018,2018_91152,4.5,0,320.77777777777777,409.0
36047,2018,2018_91153,1.5,0,1020.3333333333334,1133.0
36047,2018,2018_91154,0.25,0,285.0,285.0
36047,2018,2018_91155,26.25,0,311.4952380952381,782.0
36047,2018,2018_91156,0.75,0,230.33333333333337,283.0
36047,2018,2018_91157,2.0,0,216.625,230.0
36047,2018,2018_91158,1.5,0,367.3333333333333,372.0
36047,2018,2018_91159,1.25,0,1097.6,1127.0
36047,2018,2018_91160,1.0,0,256.0,257.0
36047,2018,2018_91161,5.5,0,289.59090909090907,291.0
36047,2018,2018_91162,0.25,0,279.0,279.0
36047,2018,2018_91163,0.25,0,236.0,236.0
36047,2018,2018_91164,4.0,0,691.4375,947.0
36047,2018,2018_91165,38.25,0,429.16993464052285,633.0
36047,2018,2018_91166,2.75,0,343.6363636363636,566.0
36047,2018,2018_91167,7.0,0,270.7142857142857,312.0
36047,2018,2018_91168,1.0,0,201.25,202.0
36047,2018,2018_91169,1.5,0,582.6666666666666,585.0
36047,2018,2018_91170,0.25,0,240.0,240.0
36047,2018,2018_91171,4.25,0,244.64705882352945,266.0
36047,2018,2018_91172,4.75,0,221.1052631578947,236.0
36047,2018,2018_91173,2.0,0,427.25,453.0
36047,2018,2018_91174,2.0,0,600.0,609.0
36047,2018,2018_91175,0.75,0,1092.3333333333333,1096.0
36047,2018,2018_New York-0,0.75,1,938.3333333333334,946.0
36047,2018,2018_New York-1,0.75,1,938.3333333333334,946.0
36047,2018,2018_New York-10,3.75,1,304.93333333333334,429.0
36047,2018,2018_New York-13,0.75,0,745.6666666666666,746.0
36047,2018,2018_New York-4,0.75,1,1392.0,1532.0
36047,2018,2018_New York-5,0.75,1,938.3333333333334,946.0
36047,2018,2018_New York-6,17.25,0,388.7826086956522,621.0
36047,2018,2018_New York-7,0.75,1,1392.0,1532.0
36047,2018,2018_New York-8,0.75,1,938.3333333333334,946.0
36047,2018,2018_New York-9,1.75,0,309.0,311.0
36047,2019,2019_94053,6.5,0,683.8846153846154,723.0
36047,2019,2019_94054,0.75,0,263.0,264.0
36047,2019,2019_94055,0.25,0,256.0,256.0
36047,2019,2019_94056,1.25,0,257.6,258.0
36047,2019,2019_94057,0.5,0,201.0,202.0
36047,2019,2019_94058,0.5,0,200.0,200.0
36047,2019,2019_94059,2.0,0,207.625,213.0
36047,2019,2019_94060,2.25,0,894.2222222222222,1092.0
36047,2019,2019_94061,22.25,0,261.8876404494382,399.0
36047,2019,2019_94062,0.5,0,204.5,206.0
36047,2019,2019_94063,5.0,0,301.15,319.0
36047,2019,2019_94064,0.75,0,313.3333333333333,314.0
36047,2019,2019_94065,0.75,0,699.0,708.0
36047,2019,2019_94066,4.25,0,1600.7058823529412,2891.0
36047,2019,2019_94067,0.25,0,246.0,246.0
36047,2019,2019_94068,0.75,0,202.33333333333337,204.0
36047,2019,2019_94069,2.25,0,236.44444444444449,276.0
36047,2019,2019_94070,1.0,0,233.75,238.0
36047,2019,2019_94071,0.5,0,706.5,964.0
36047,2019,2019_94072,0.5,0,200.0,200.0
36047,2019,2019_94073,3.25,0,3643.3846153846152,3652.0
36047,2019,2019_94074,1.5,0,227.0,252.0
36047,2019,2019_94075,0.75,0,208.0,223.0
36047,2019,2019_94076,1.25,0,216.4,231.0
36047,2019,2019_94077,36.25,0,504.5931034482759,852.0
36047,2019,2019_94078,1.75,0,230.42857142857144,238.0
36047,2019,2019_94079,1.25,0,207.8,221.0
36047,2019,2019_94080,0.75,0,214.66666666666663,216.0
36047,2019,2019_94081,0.5,0,213.0,214.0
36047,2019,2019_94082,0.25,0,202.0,202.0
36047,2019,2019_94083,0.25,0,203.0,203.0
36047,2019,2019_94084,2.75,0,230.9090909090909,232.0
36047,2019,2019_94085,4.75,0,236.1052631578947,271.0
36047,2019,2019_94086,0.5,0,230.0,230.0
36047,2019,2019_94087,3.0,0,235.66666666666663,241.0
36047,2019,2019_94088,7.75,0,297.35483870967744,365.0
36047,2019,2019_94089,36.75,0,501.2517006802721,1045.0
36047,2019,2019_94090,0.25,0,3804.0,3804.0
36047,2019,2019_94091,10.0,0,501.35,782.0
36047,2019,2019_94092,70.5,0,629.4893617021277,948.0
36047,2019,2019_94093,5.0,0,381.45,524.0
36047,2019,2019_94094,0.75,0,240.33333333333337,241.0
36047,2019,2019_94095,2.25,0,214.0,227.0
36047,2019,2019_94096,1.25,0,243.4,246.0
36047,2019,2019_94097,1.0,0,376.75,596.0
36047,2019,2019_94098,2.0,0,658.125,927.0
36047,2019,2019_94099,1.0,0,267.0,267.0
36047,2019,2019_94100,2.25,0,230.66666666666663,236.0
36047,2019,2019_94101,0.25,0,206.0,206.0
36047,2019,2019_94102,2.5,0,202.0,207.0
36047,2019,2019_94103,0.5,0,200.0,200.0
36047,2019,2019_94104,0.25,0,211.0,211.0
36047,2019,2019_94105,2.25,0,1112.5555555555557,1126.0
36047,2019,2019_94106,4.75,0,271.4736842105263,314.0
36047,2019,2019_94107,0.25,0,207.0,207.0
36047,2019,2019_94108,11.0,0,238.47727272727272,272.0
36047,2019,2019_94109,8.5,0,260.3235294117647,290.0
36047,2019,2019_94110,1.25,0,641.2,643.0
36047,2019,2019_94111,2.0,0,742.75,1023.0
36047,2019,2019_94112,6.0,0,238.5,251.0
36047,2019,2019_94113,0.5,0,404.5,405.0
36047,2019,2019_94114,10.25,0,295.9512195121951,336.0
36047,2019,2019_94115,8.5,0,396.8529411764706,501.0
36047,2019,2019_94116,0.5,0,320.5,360.0
36047,2019,2019_94117,1.5,0,216.33333333333337,232.0
36047,2019,2019_94118,4.75,0,293.7368421052632,340.0
36047,2019,2019_94119,3.75,0,508.3333333333333,1230.0
36047,2019,2019_94120,5.75,0,237.56521739130432,273.0
36047,2019,2019_94121,6.25,0,354.64,520.0
36047,2019,2019_94122,0.25,0,296.0,296.0
36047,2019,2019_94123,2.25,0,290.3333333333333,346.0
36047,2019,2019_94124,0.25,0,211.0,211.0
36047,2019,2019_94125,1.5,0,228.0,234.0
36047,2019,2019_94126,0.25,0,216.0,216.0
36047,2019,2019_94127,29.25,0,14957.042735042734,35638.0
36047,2019,2019_94128,28.25,0,2943.8761061946902,7408.0
36047,2019,2019_94129,4.0,0,218.625,225.0
36047,2019,2019_94130,4.25,0,345.29411764705884,468.0
36047,2019,2019_94131,14.25,0,957.122807017544,1149.0
36047,2019,2019_94132,3.5,0,225.1428571428571,234.0
36047,2019,2019_94133,1.25,0,239.2,244.0
36047,2019,2019_94134,0.25,0,596.0,596.0
36047,2019,2019_94135,2.0,0,254.75,283.0
36047,2019,2019_94136,3.25,0,304.53846153846155,627.0
36047,2019,2019_94137,1.25,0,285.6,287.0
36047,2019,2019_94138,1.25,0,3787.6,3789.0
36047,2019,2019_94139,1.25,0,235.6,245.0
36047,2019,2019_94140,1.5,0,496.3333333333333,645.0
36047,2019,2019_94141,1.0,0,766.25,768.0
36047,2019,2019_94142,7.5,0,329.4,337.0
36047,2019,2019_94143,0.5,0,207.5,209.0
36047,2019,2019_94144,2.75,0,249.36363636363637,359.0
36047,2019,2019_94145,1.75,0,617.4285714285714,806.0
36047,2019,2019_94146,1.75,0,283.57142857142856,350.0
36047,2019,2019_94147,5.25,0,220.76190476190476,238.0
36047,2019,2019_94148,0.5,0,753.5,754.0
36047,2019,2019_94149,1.25,0,597.8,598.0
36047,2019,2019_94150,5.25,0,595.047619047619,596.0
36047,2019,2019_94151,2.25,0,232.77777777777777,235.0
36047,2019,2019_94152,2.0,0,4280.25,4548.0
36047,2019,2019_94153,2.25,0,273.55555555555554,278.0
36047,2019,2019_94154,6.0,0,222.66666666666663,227.0
36047,2019,2019_94155,19.75,0,691.8354430379746,1157.0
36047,2019,2019_94156,1.75,0,702.0,766.0
36047,2019,2019_94157,23.0,0,491.60869565217394,902.0
36047,2019,2019_94158,8.0,0,402.6875,511.0
36047,2019,2019_94159,1.0,0,310.0,337.0
36047,2019,2019_94160,1.5,0,210.83333333333337,216.0
36047,2019,2019_94161,2.0,0,280.0,325.0
36047,2019,2019_94162,0.25,0,201.0,201.0
36047,2019,2019_94163,8.5,0,248.55882352941177,321.0
36047,2019,2019_94164,10.0,0,430.775,460.0
36047,2019,2019_94165,7.5,0,332.7,379.0
36047,2019,2019_94166,1.25,0,314.6,334.0
36047,2019,2019_94167,1.25,0,235.2,252.0
36047,2019,2019_94168,1.25,0,201.8,202.0
36047,2019,2019_New York-0,5.25,1,220.76190476190476,238.0
36047,2019,2019_New York-1,28.25,1,2943.8761061946902,7408.0
36047,2019,2019_New York-2,1.25,0,243.4,246.0
36047,2019,2019_New York-3,1.75,0,283.57142857142856,350.0
36047,2019,2019_New York-4,5.25,1,220.76190476190476,238.0
36047,2019,2019_New York-5,5.25,0,220.76190476190476,238.0
36047,2020,2020_99734,1.75,0,618.4285714285714,677.0
36047,2020,2020_99735,2.25,0,279.3333333333333,309.0
36047,2020,2020_99736,4.75,0,220.0,246.0
36047,2020,2020_99737,0.25,0,329.0,329.0
36047,2020,2020_99738,1.75,0,219.57142857142856,224.0
36047,2020,2020_99739,0.25,0,200.0,200.0
36047,2020,2020_99740,1.0,0,202.25,203.0
36047,2020,2020_99741,0.5,0,543.0,543.0
36047,2020,2020_99742,1.0,0,256.25,257.0
36047,2020,2020_99743,1.75,0,293.42857142857144,406.0
36047,2020,2020_99744,5.25,0,515.4285714285714,885.0
36047,2020,2020_99745,0.25,0,220.0,220.0
36047,2020,2020_99746,0.25,0,202.0,202.0
36047,2020,2020_99747,0.5,0,1154.5,1156.0
36047,2020,2020_99748,12.0,0,325.25,561.0
36047,2020,2020_99749,6.75,0,301.3703703703704,349.0
36047,2020,2020_99750,1.75,0,365.57142857142856,1300.0
36047,2020,2020_99751,1.0,0,223.0,223.0
36047,2020,2020_99752,1.75,0,315.14285714285717,318.0
36047,2020,2020_99753,2.5,0,892.3,936.0
36047,2020,2020_99754,0.25,0,719.0,719.0
36047,2020,2020_99755,1.5,0,261.3333333333333,264.0
36047,2020,2020_99756,11.25,0,380.1555555555556,451.0
36047,2020,2020_99757,18.5,0,832.0675675675676,2524.0
36047,2020,2020_99758,1.75,0,466.42857142857144,503.0
36047,2020,2020_99759,0.75,0,313.6666666666667,353.0
36047,2020,2020_99760,3.0,0,211.91666666666663,239.0
36047,2020,2020_99761,0.25,0,216.0,216.0
36047,2020,2020_99762,5.0,0,525.8,727.0
36047,2020,2020_99763,0.25,0,1069.0,1069.0
36047,2020,2020_99764,3.75,0,312.1333333333333,345.0
36047,2020,2020_99765,10.5,0,256.9761904761905,327.0
36047,2020,2020_99766,16.75,0,821.2686567164179,995.0
36047,2020,2020_99767,4.75,0,215.1578947368421,302.0
36047,2020,2020_99768,1.5,0,379.1666666666667,405.0
36047,2020,2020_99769,8.75,0,744.0857142857143,906.0
36047,2020,2020_99770,32.5,0,632.6384615384616,1458.0
36047,2020,2020_99771,1.5,0,769.8333333333334,1331.0
36047,2020,2020_99772,2.5,0,315.1,332.0
36047,2020,2020_99773,0.5,0,219.0,221.0
36047,2020,2020_99774,12.75,0,313.19607843137254,1080.0
36047,2020,2020_99775,0.25,0,201.0,201.0
36047,2020,2020_99776,12.75,0,441.47058823529414,524.0
36047,2020,2020_99777,0.75,0,277.6666666666667,278.0
36047,2020,2020_99778,1.25,0,225.2,226.0
36047,2020,2020_99779,2.75,0,218.0909090909091,222.0
36047,2020,2020_99780,1.5,0,328.5,339.0
36047,2020,2020_99781,1.0,0,249.5,266.0
36047,2020,2020_99782,204.0,0,2669.7622549019607,23146.0
36047,2020,2020_99783,1.75,0,325.42857142857144,345.0
36047,2020,2020_99784,0.75,0,238.0,241.0
36047,2020,2020_99785,1.5,0,231.5,234.0
36047,2020,2020_99786,1.25,0,210.2,211.0
36047,2020,2020_99787,2.25,0,325.3333333333333,327.0
36047,2020,2020_99788,6.75,0,272.85185185185185,289.0
36047,2020,2020_99789,0.25,0,885.0,885.0
36047,2020,2020_99790,1.25,0,295.0,296.0
36047,2020,2020_99791,0.5,0,203.5,204.0
36047,2020,2020_99792,2.0,0,1273.5,1278.0
36047,2020,2020_99793,3.5,0,830.4285714285714,874.0
36047,2020,2020_99794,1.25,0,260.0,262.0
36047,2020,2020_99795,1.25,0,790.8,800.0
36047,2020,2020_99796,3.0,0,226.5,233.0
36047,2020,2020_99797,1.75,0,560.7142857142857,618.0
36047,2020,2020_99798,1.25,0,242.4,244.0
36047,2020,2020_99799,0.75,0,747.6666666666666,757.0
36047,2020,2020_99800,1.0,0,1050.5,1529.0
36047,2020,2020_99801,0.25,0,382.0,382.0
36047,2020,2020_99802,2.0,0,668.125,701.0
36047,2020,2020_99803,2.75,0,874.4545454545455,1773.0
36047,2020,2020_99804,0.75,0,878.0,898.0
36047,2020,2020_99805,1.25,0,533.6,540.0
36047,2020,2020_99806,1.25,0,217.6,218.0
36047,2020,2020_99807,0.5,0,805.0,805.0
36047,2020,2020_99808,1.75,0,207.71428571428572,212.0
36047,2020,2020_99809,10.0,0,340.375,471.0
36047,2020,2020_99810,135.25,0,1372.018484288355,2343.0
36047,2020,2020_99811,4.5,0,667.6111111111111,1175.0
36047,2020,2020_99812,3.0,0,243.25,257.0
36047,2020,2020_99813,3.0,0,224.5,228.0
36047,2020,2020_99814,7.0,0,209.82142857142856,213.0
36047,2020,2020_99815,2.25,0,207.55555555555551,210.0
36047,2020,2020_New York-0,5.25,1,515.4285714285714,885.0
36047,2020,2020_New York-1,0.5,0,1154.5,1156.0
36047,2020,2020_New York-10,10.5,0,256.9761904761905,327.0
36047,2020,2020_New York-12,1.25,1,260.0,262.0
36047,2020,2020_New York-2,10.5,0,256.9761904761905,327.0
36047,2020,2020_New York-3,204.0,1,2669.7622549019607,23146.0
36047,2020,2020_New York-4,1.5,0,769.8333333333334,1331.0
36047,2021,2021_98979,1.0,0,225.25,226.0
36047,2021,2021_98980,2.5,0,212.6,217.0
36047,2021,2021_98981,2.5,0,282.2,287.0
36047,2021,2021_98982,3.75,0,315.6666666666667,414.0
36047,2021,2021_98983,0.5,0,202.0,202.0
36047,2021,2021_98984,2.5,0,400.0,414.0
36047,2021,2021_98985,2.0,0,386.625,432.0
36047,2021,2021_98986,0.25,0,207.0,207.0
36047,2021,2021_98987,8.25,0,357.27272727272725,548.0
36047,2021,2021_98988,24.0,0,1140.875,1811.0
36047,2021,2021_98989,2.5,0,1488.3,1835.0
36047,2021,2021_98990,44.0,0,567.1931818181819,1024.0
36047,2021,2021_98991,27.25,0,379.57798165137615,580.0
36047,2021,2021_98992,4.0,0,256.3125,287.0
36047,2021,2021_98993,2.5,0,213.0,231.0
36047,2021,2021_98994,31.0,0,373.25,523.0
36047,2021,2021_98995,3.75,0,239.06666666666663,301.0
36047,2021,2021_98996,7.0,0,266.7142857142857,321.0
36047,2021,2021_98997,0.75,0,208.66666666666663,214.0
36047,2021,2021_98998,0.25,0,227.0,227.0
36047,2021,2021_98999,3.25,0,218.23076923076923,229.0
36047,2021,2021_99000,0.75,0,218.66666666666663,227.0
36047,2021,2021_99001,3.5,0,222.07142857142856,240.0
36047,2021,2021_99002,35.75,0,463.1888111888112,660.0
36047,2021,2021_99003,1.0,0,308.75,309.0
36047,2021,2021_99004,1.5,0,246.5,284.0
36047,2021,2021_99005,0.25,0,229.0,229.0
36047,2021,2021_99006,9.25,0,235.51351351351352,258.0
36047,2021,2021_99007,0.5,0,257.0,257.0
36047,2021,2021_99008,11.0,0,327.1136363636364,377.0
36047,2021,2021_99009,16.25,0,325.7076923076923,508.0
36047,2021,2021_99010,7.25,0,246.86206896551724,279.0
36047,2021,2021_99011,102.5,0,587.8243902439025,1173.0
36047,2021,2021_99012,0.5,0,234.5,246.0
36047,2021,2021_99013,4.5,0,246.94444444444449,275.0
36047,2021,2021_99014,2.25,0,210.22222222222223,220.0
36047,2021,2021_99015,2.25,0,371.77777777777777,379.0
36047,2021,2021_99016,0.5,0,218.0,218.0
36047,2021,2021_99017,0.5,0,385.0,391.0
36047,2021,2021_99018,1.25,0,618.6,708.0
36047,2021,2021_99019,3.5,0,236.07142857142856,244.0
36047,2021,2021_99020,1.0,0,343.0,343.0
36047,2021,2021_99021,1.75,0,679.2857142857143,719.0
36047,2021,2021_99022,1.75,0,306.42857142857144,310.0
36047,2021,2021_99023,1.5,0,381.0,668.0
36047,2021,2021_99024,1.25,0,691.0,767.0
36047,2021,2021_99025,0.25,0,3479.0,3479.0
36047,2021,2021_99026,7.5,0,441.4,506.0
36047,2021,2021_99027,2.75,0,262.6363636363636,266.0
36047,2021,2021_99028,0.5,0,203.0,203.0
36047,2021,2021_99029,11.25,0,335.31111111111113,425.0
36047,2021,2021_99030,1.0,0,452.5,453.0
36047,2021,2021_99031,0.75,0,267.0,267.0
36047,2021,2021_99032,1.75,0,772.2857142857143,786.0
36047,2021,2021_99033,1.5,0,1063.8333333333333,1070.0
36047,2021,2021_99034,0.75,0,201.0,201.0
36047,2021,2021_99035,17.5,0,507.22857142857146,588.0
36047,2021,2021_99036,4.0,0,592.0625,971.0
36047,2021,2021_99037,2.0,0,672.75,1014.0
36047,2021,2021_99038,4.25,0,477.7647058823529,493.0
36047,2021,2021_99039,1.75,0,799.0,807.0
36047,2021,2021_99040,0.5,0,277.0,277.0
36047,2021,2021_99041,11.0,0,444.6818181818182,803.0
36047,2021,2021_99042,0.25,0,237.0,237.0
36047,2021,2021_99043,0.5,0,200.5,201.0
36047,2021,2021_99044,0.25,0,234.0,234.0
36047,2021,2021_99045,2.5,0,253.8,315.0
36047,2021,2021_99046,1.75,0,665.1428571428571,1131.0
36047,2021,2021_99047,33.75,0,1397.1037037037038,2265.0
36047,2021,2021_99048,3.0,0,723.1666666666666,726.0
36047,2021,2021_99049,6.5,0,323.2692307692308,462.0
36047,2021,2021_99050,0.25,0,1852.0,1852.0
36047,2021,2021_99051,4.0,0,396.625,576.0
36047,2021,2021_99052,8.5,0,427.9117647058824,461.0
36047,2021,2021_99053,1.5,0,340.1666666666667,360.0
36047,2021,2021_99054,3.0,0,337.5,342.0
36047,2021,2021_99055,2.25,0,585.6666666666666,1079.0
36047,2021,2021_99056,0.5,0,410.0,410.0
36047,2021,2021_99057,1.25,0,281.8,282.0
36047,2021,2021_99058,2.75,0,260.8181818181818,263.0
36047,2021,2021_99059,6.0,0,233.20833333333337,234.0
36047,2021,2021_99060,0.75,0,232.0,232.0
36047,2021,2021_99061,2.75,0,222.0,266.0
36047,2021,2021_99062,0.25,0,274.0,274.0
36047,2021,2021_99063,10.0,0,393.175,436.0
36047,2021,2021_99064,5.75,0,336.4347826086956,436.0
36047,2021,2021_99065,0.75,0,404.0,410.0
36047,2021,2021_99066,8.75,0,296.77142857142854,544.0
36047,2021,2021_99067,5.25,0,244.1428571428571,257.0
36047,2021,2021_99068,3.5,0,234.42857142857144,253.0
36047,2021,2021_99069,0.25,0,200.0,200.0
36047,2021,2021_99070,11.0,0,284.84090909090907,319.0
36047,2021,2021_99071,3.25,0,480.38461538461536,635.0
36047,2021,2021_99072,6.0,0,306.0833333333333,376.0
36047,2021,2021_99073,0.25,0,1025.0,1025.0
36047,2021,2021_99074,1.75,0,272.85714285714283,293.0
36047,2021,2021_99075,7.25,0,328.48275862068965,366.0
36047,2021,2021_99076,3.5,0,266.7142857142857,286.0
36047,2021,2021_99077,12.25,0,337.2448979591837,513.0
36047,2021,2021_99078,1.25,0,241.8,248.0
36047,2021,2021_99079,31.75,0,847.9448818897638,1386.0
36047,2021,2021_99080,2.25,0,213.11111111111111,233.0
36047,2021,2021_99081,2.75,0,231.0,231.0
36047,2021,2021_99082,2.0,0,376.875,379.0
36047,2021,2021_99083,0.75,0,319.0,319.0
36047,2021,2021_99084,0.25,0,319.0,319.0
36047,2021,2021_99085,5.75,0,253.08695652173913,262.0
36047,2021,2021_99086,5.25,0,891.047619047619,1285.0
36047,2021,2021_99087,10.25,0,220.1219512195122,228.0
36047,2021,2021_99088,1.5,0,326.1666666666667,328.0
36047,2021,2021_99089,4.0,0,470.4375,486.0
36047,2021,2021_99090,0.5,0,392.5,393.0
36047,2021,2021_99091,0.25,0,941.0,941.0
36047,2021,2021_99092,1.0,0,674.0,674.0
36047,2021,2021_99093,1.25,0,211.4,213.0
36047,2021,2021_99094,3.75,0,396.8,507.0
36047,2021,2021_99095,1.5,0,1113.1666666666667,1114.0
36047,2021,2021_99096,1.0,0,329.25,389.0
36047,2021,2021_99097,2.25,0,209.0,211.0
36047,2021,2021_99098,2.0,0,206.0,207.0
36047,2021,2021_99099,1.5,0,3260.3333333333335,3262.0
36047,2021,2021_99100,0.75,0,416.0,510.0
36047,2021,2021_New York-0,0.25,0,1852.0,1852.0
36047,2021,2021_New York-3,1.5,0,1113.1666666666667,1114.0
36047,2021,2021_New York-7,2.25,0,371.77777777777777,379.0
36047,2021,2021_New York-8,11.0,0,444.6818181818182,803.0
36047,2022,2022_104727,3.0,0,347.4166666666667,348.0
36047,2022,2022_104728,2.75,0,296.6363636363636,342.0
36047,2022,2022_104729,25.5,0,356.6470588235294,650.0
36047,2022,2022_104730,0.5,0,214.0,214.0
36047,2022,2022_104731,0.5,0,200.5,201.0
36047,2022,2022_104732,6.25,0,243.6,286.0
36047,2022,2022_104733,30.25,0,519.8181818181819,812.0
36047,2022,2022_104734,1.5,0,1104.8333333333333,1222.0
36047,2022,2022_104735,12.5,0,428.84,728.0
36047,2022,2022_104736,1.0,0,204.25,206.0
36047,2022,2022_104737,0.25,0,405.0,405.0
36047,2022,2022_104738,0.25,0,207.0,207.0
36047,2022,2022_104739,0.25,0,203.0,203.0
36047,2022,2022_104740,4.25,0,232.94117647058823,244.0
36047,2022,2022_104741,29.25,0,457.982905982906,1679.0
36047,2022,2022_104742,0.25,0,228.0,228.0
36047,2022,2022_104743,0.25,0,245.0,245.0
36047,2022,2022_104744,0.25,0,205.0,205.0
36047,2022,2022_104745,1.0,0,225.75,229.0
36047,2022,2022_104746,0.5,0,460.0,460.0
36047,2022,2022_104747,0.75,0,202.33333333333337,204.0
36047,2022,2022_104748,11.25,0,336.8,400.0
36047,2022,2022_104749,0.25,0,322.0,322.0
36047,2022,2022_104750,1.25,0,323.0,350.0
36047,2022,2022_104751,0.5,0,291.5,351.0
36047,2022,2022_104752,3.0,0,237.0,275.0
36047,2022,2022_104753,5.25,0,231.1428571428571,268.0
36047,2022,2022_104754,15.5,0,274.14516129032256,357.0
36047,2022,2022_104755,83.25,0,704.5255255255255,1114.0
36047,2022,2022_104756,7.5,0,258.3333333333333,340.0
36047,2022,2022_104757,3.0,0,214.75,234.0
36047,2022,2022_104758,20.75,0,402.7831325301205,604.0
36047,2022,2022_104759,12.25,0,264.1020408163265,322.0
36047,2022,2022_104760,1.0,0,204.5,205.0
36047,2022,2022_104761,0.25,0,208.0,208.0
36047,2022,2022_104762,0.25,0,245.0,245.0
36047,2022,2022_104763,1.25,0,201.2,205.0
36047,2022,2022_104764,2.75,0,265.0,300.0
36047,2022,2022_104765,0.25,0,210.0,210.0
36047,2022,2022_104766,1.75,0,259.7142857142857,266.0
36047,2022,2022_104767,7.5,0,260.4,316.0
36047,2022,2022_104768,0.25,0,231.0,231.0
36047,2022,2022_104769,3.75,0,267.26666666666665,313.0
36047,2022,2022_104770,0.5,0,272.0,273.0
36047,2022,2022_104771,0.75,0,206.0,216.0
36047,2022,2022_104772,5.0,0,244.05,307.0
36047,2022,2022_104773,0.25,0,212.0,212.0
36047,2022,2022_104774,1.25,0,217.6,231.0
36047,2022,2022_104775,0.75,0,250.33333333333337,267.0
36047,2022,2022_104776,0.5,0,310.0,310.0
36047,2022,2022_104777,0.25,0,257.0,257.0
36047,2022,2022_104778,0.25,0,205.0,205.0
36047,2022,2022_104779,1.0,0,207.0,208.0
36047,2022,2022_104780,2.5,0,239.5,240.0
36047,2022,2022_104781,0.5,0,235.5,263.0
36047,2022,2022_104782,0.25,0,220.0,220.0
36047,2022,2022_104783,4.5,0,237.33333333333337,250.0
36047,2022,2022_104784,1.25,0,264.8,330.0
36047,2022,2022_104785,1.0,0,245.0,248.0
36047,2022,2022_104786,0.25,0,757.0,757.0
36047,2022,2022_104787,1.25,0,297.6,311.0
36047,2022,2022_104788,1.5,0,206.83333333333337,212.0
36047,2022,2022_104789,1.75,0,295.7142857142857,384.0
36047,2022,2022_104790,0.75,0,289.6666666666667,455.0
36047,2022,2022_104791,2.75,0,265.8181818181818,342.0
36047,2022,2022_104792,1.75,0,267.7142857142857,296.0
36047,2022,2022_104793,1.25,0,442.4,452.0
36047,2022,2022_104794,0.25,0,278.0,278.0
36047,2022,2022_104795,0.75,0,262.3333333333333,263.0
36047,2022,2022_104796,1.5,0,357.8333333333333,953.0
36047,2022,2022_104797,1.25,0,823.2,833.0
36047,2022,2022_104798,0.25,0,1838.0,1838.0
36047,2022,2022_104799,1.0,0,372.75,391.0
36047,2022,2022_104800,1.0,0,222.75,244.0
36047,2022,2022_104801,0.5,0,237.0,251.0
36047,2022,2022_104802,0.5,0,218.5,221.0
36047,2022,2022_104803,37.75,0,409.6887417218543,610.0
36047,2022,2022_104804,1.25,0,203.4,208.0
36047,2022,2022_104805,0.25,0,308.0,308.0
36047,2022,2022_104806,0.25,0,293.0,293.0
36047,2022,2022_104807,8.75,0,280.2,342.0
36047,2022,2022_104808,3.0,0,476.1666666666667,518.0
36047,2022,2022_104809,0.25,0,215.0,215.0
36047,2022,2022_104810,0.25,0,393.0,393.0
36047,2022,2022_104811,1.0,0,281.0,285.0
36047,2022,2022_104812,0.5,0,204.0,204.0
36047,2022,2022_104813,1.25,0,2054.0,3865.0
36047,2022,2022_104814,0.25,0,205.0,205.0
36047,2022,2022_104815,0.25,0,1078.0,1078.0
36047,2022,2022_104816,0.5,0,501.5,502.0
36047,2022,2022_104817,0.25,0,228.0,228.0
36047,2022,2022_104818,0.5,0,224.5,227.0
36047,2022,2022_104819,0.25,0,226.0,226.0
36047,2022,2022_104820,2.0,0,227.375,239.0
36047,2022,2022_104821,0.25,0,210.0,210.0
36047,2022,2022_104822,2.5,0,203.5,205.0
36047,2022,2022_104823,0.5,0,250.5,251.0
36047,2022,2022_104824,0.5,0,237.5,240.0
36047,2022,2022_104825,1.0,0,306.75,407.0
36047,2022,2022_104826,0.25,0,261.0,261.0
36047,2022,2022_104827,0.75,0,235.66666666666663,245.0
36047,2022,2022_104828,1.0,0,238.25,240.0
36047,2022,2022_104829,1.25,0,632.6,714.0
36047,2022,2022_104830,8.0,0,563.03125,722.0
36047,2022,2022_104831,6.75,0,345.0,686.0
36047,2022,2022_104832,7.5,0,338.1,372.0
36047,2022,2022_104833,1.75,0,648.8571428571429,743.0
36047,2022,2022_104834,1.0,0,303.0,304.0
36047,2022,2022_104835,1.75,0,218.1428571428571,251.0
36047,2022,2022_104836,0.25,0,238.0,238.0
36047,2022,2022_104837,0.5,0,388.5,410.0
36047,2022,2022_104838,7.25,0,368.2413793103448,561.0
36047,2022,2022_104839,0.25,0,373.0,373.0
36047,2022,2022_104840,1.75,0,351.14285714285717,531.0
36047,2022,2022_104841,1.25,0,229.8,231.0
36047,2022,2022_104842,1.75,0,233.28571428571428,236.0
36047,2022,2022_104843,3.5,0,321.07142857142856,351.0
36047,2022,2022_104844,3.0,0,234.0,240.0
36047,2022,2022_104845,14.75,0,410.0169491525424,596.0
36047,2022,2022_104846,5.5,0,643.0909090909091,926.0
36047,2022,2022_104847,0.5,0,220.5,233.0
36047,2022,2022_104848,0.5,0,207.5,214.0
36047,2022,2022_104849,0.25,0,217.0,217.0
36047,2022,2022_104850,0.5,0,229.0,230.0
36047,2022,2022_104851,0.5,0,223.5,226.0
36047,2022,2022_104852,0.5,0,272.0,284.0
36047,2022,2022_104853,0.5,0,235.0,235.0
36047,2022,2022_104854,5.5,0,306.5,545.0
36047,2022,2022_104855,0.75,0,214.33333333333337,215.0
36047,2022,2022_104856,0.75,0,215.33333333333337,225.0
36047,2022,2022_104857,3.75,0,222.4,225.0
36047,2022,2022_104858,5.25,0,324.7142857142857,433.0
36047,2022,2022_104859,7.5,0,421.26666666666665,498.0
36047,2022,2022_104860,4.25,0,510.88235294117646,689.0
36047,2022,2022_104861,19.25,0,984.974025974026,1294.0
36047,2022,2022_104862,0.25,0,564.0,564.0
36047,2022,2022_104863,1.5,0,225.0,229.0
36047,2022,2022_104864,0.25,0,378.0,378.0
36047,2022,2022_104865,1.25,0,232.6,237.0
36047,2022,2022_104866,0.5,0,274.5,275.0
36047,2022,2022_104867,0.5,0,1849.0,1851.0
36047,2022,2022_104868,1.0,0,291.5,305.0
36047,2022,2022_104869,0.5,0,210.0,210.0
36047,2022,2022_104870,0.5,0,282.5,283.0
36047,2022,2022_104871,0.5,0,202.0,202.0
36047,2022,2022_104872,0.25,0,267.0,267.0
36047,2022,2022_104873,5.0,0,469.7,862.0
36047,2022,2022_104874,0.5,0,271.5,298.0
36047,2022,2022_104875,2.0,0,274.75,307.0
36047,2022,2022_104876,0.25,0,482.0,482.0
36047,2022,2022_104877,0.25,0,240.0,240.0
36047,2022,2022_104878,0.25,0,213.0,213.0
36047,2022,2022_104879,1.0,0,315.75,329.0
36047,2022,2022_104880,1.0,0,267.0,275.0
36047,2022,2022_104881,1.0,0,214.5,215.0
36047,2022,2022_104882,0.25,0,217.0,217.0
36047,2022,2022_104883,0.25,0,209.0,209.0
36047,2022,2022_104884,0.25,0,582.0,582.0
36047,2022,2022_104885,2.0,0,204.875,205.0
36047,2022,2022_104886,3.25,0,254.15384615384616,273.0
36047,2022,2022_104887,1.0,0,414.25,418.0
36047,2022,2022_104888,4.75,0,220.8421052631579,223.0
36047,2022,2022_104889,2.75,0,217.63636363636363,221.0
36047,2022,2022_104890,0.5,0,252.5,253.0
36047,2022,2022_104891,0.5,0,246.5,254.0
36047,2022,2022_104892,1.5,0,339.0,351.0
36047,2022,2022_104893,1.75,0,426.8571428571428,429.0
36047,2022,2022_104894,0.25,0,427.0,427.0
36047,2022,2022_104895,0.5,0,200.0,200.0
36047,2022,2022_104896,1.75,0,5460.571428571428,6816.0
36047,2022,2022_104897,0.25,0,327.0,327.0
36047,2022,2022_104898,0.25,0,207.0,207.0
36047,2022,2022_104899,1.75,0,208.0,208.0
36047,2022,2022_104900,1.5,0,436.1666666666667,483.0
36047,2022,2022_104901,0.5,0,219.0,230.0
36047,2022,2022_104902,0.25,0,221.0,221.0
36047,2022,2022_104903,6.0,0,277.7916666666667,303.0
36047,2022,2022_104904,0.75,0,336.0,336.0
36047,2022,2022_104905,3.25,0,676.4615384615385,1102.0
36047,2022,2022_New York-0,1.25,1,442.4,452.0
36047,2022,2022_New York-1,1.0,0,372.75,391.0
36047,2022,2022_New York-12,0.75,0,215.33333333333337,225.0
36047,2022,2022_New York-13,7.5,1,258.3333333333333,340.0
36047,2022,2022_New York-2,3.25,1,676.4615384615385,1102.0
36047,2022,2022_New York-3,1.25,1,442.4,452.0
36047,2022,2022_New York-4,1.0,0,372.75,391.0
36047,2022,2022_New York-6,0.5,0,200.0,200.0
36047,2022,2022_New York-7,1.0,0,225.75,229.0
36047,2022,2022_New York-8,0.25,0,207.0,207.0
36047,2022,2022_New York-9,0.25,0,208.0,208.0
36047,2023,2023_100514,0.5,0,202.0,202.0
36047,2023,2023_100515,1.5,0,363.3333333333333,364.0
36047,2023,2023_100516,2.75,0,295.54545454545456,342.0
36047,2023,2023_100517,26.0,0,405.74038461538464,647.0
36047,2023,2023_100518,7.0,0,213.1071428571429,223.0
36047,2023,2023_100519,9.75,0,254.94871794871796,302.0
36047,2023,2023_100520,0.5,0,292.0,294.0
36047,2023,2023_100521,1.5,0,479.3333333333333,544.0
36047,2023,2023_100522,8.5,0,231.3235294117647,262.0
36047,2023,2023_100523,0.75,0,393.0,393.0
36047,2023,2023_100524,0.5,0,241.0,241.0
36047,2023,2023_100525,0.5,0,239.5,240.0
36047,2023,2023_100526,3.0,0,240.75,339.0
36047,2023,2023_100527,0.25,0,204.0,204.0
36047,2023,2023_100528,0.5,0,345.0,345.0
36047,2023,2023_100529,1.75,0,1466.2857142857142,1467.0
36047,2023,2023_100530,1.0,0,228.5,229.0
36047,2023,2023_100531,0.5,0,561.0,841.0
36047,2023,2023_100532,0.5,0,565.5,567.0
36047,2023,2023_100533,0.25,0,400.0,400.0
36047,2023,2023_100534,1.75,0,374.42857142857144,376.0
36047,2023,2023_100535,2.5,0,291.9,377.0
36047,2023,2023_100536,2.5,0,213.7,229.0
36047,2023,2023_100537,1.5,0,244.5,254.0
36047,2023,2023_100538,0.25,0,206.0,206.0
36047,2023,2023_100539,1.75,0,377.7142857142857,734.0
36047,2023,2023_100540,0.5,0,210.5,211.0
36047,2023,2023_100541,0.5,0,226.5,227.0
36047,2023,2023_100542,0.75,0,212.33333333333337,217.0
36047,2023,2023_100543,0.25,0,219.0,219.0
36047,2023,2023_100544,1.25,0,318.4,345.0
36047,2023,2023_100545,0.25,0,260.0,260.0
36047,2023,2023_100546,5.5,0,329.0,343.0
36047,2023,2023_100547,0.75,0,251.0,266.0
36047,2023,2023_100548,0.75,0,224.0,234.0
36047,2023,2023_100549,0.25,0,201.0,201.0
36047,2023,2023_100550,33.75,0,522.5925925925926,1039.0
36047,2023,2023_100551,2.75,0,248.27272727272728,259.0
36047,2023,2023_100552,5.5,0,271.3181818181818,477.0
36047,2023,2023_100553,0.25,0,237.0,237.0
36047,2023,2023_100554,1.75,0,294.0,318.0
36047,2023,2023_100555,41.25,0,907.4484848484848,1891.0
36047,2023,2023_100556,0.25,0,227.0,227.0
36047,2023,2023_100557,0.25,0,228.0,228.0
36047,2023,2023_100558,7.75,0,292.06451612903226,386.0
36047,2023,2023_100559,8.5,0,364.6470588235294,411.0
36047,2023,2023_100560,1.75,0,364.7142857142857,366.0
36047,2023,2023_100561,0.5,0,322.0,322.0
36047,2023,2023_100562,1.0,0,534.25,547.0
36047,2023,2023_100563,4.25,0,422.7647058823529,670.0
36047,2023,2023_100564,1.75,0,208.28571428571428,213.0
36047,2023,2023_100565,1.5,0,461.1666666666667,462.0
36047,2023,2023_100566,1.0,0,308.75,313.0
36047,2023,2023_100567,1.5,0,357.3333333333333,358.0
36047,2023,2023_100568,8.5,0,822.4117647058823,1508.0
36047,2023,2023_100569,1.0,0,442.0,442.0
36047,2023,2023_New York-1,0.75,0,393.0,393.0
36047,2023,2023_New York-2,2.5,0,291.9,377.0
36047,2023,2023_New York-5,5.5,0,271.3181818181818,477.0
36061,2015,2015_69203,5.5,0,324.45454545454544,354.0
36061,2015,2015_69204,8.75,0,371.48571428571427,517.0
36061,2015,2015_69205,0.25,0,240.0,240.0
36061,2015,2015_69206,8.5,0,235.14705882352945,266.0
36061,2015,2015_69207,5.0,0,226.95,279.0
36061,2015,2015_69208,1.75,0,222.57142857142856,223.0
36061,2015,2015_69209,0.25,0,226.0,226.0
36061,2015,2015_69210,3.75,0,220.46666666666667,262.0
36061,2015,2015_69211,3.5,0,241.92857142857144,287.0
36061,2015,2015_69212,0.5,0,205.5,206.0
36061,2015,2015_69213,8.25,0,237.12121212121212,310.0
36061,2015,2015_69214,2.5,0,208.9,219.0
36061,2015,2015_69215,0.75,0,202.0,202.0
36061,2015,2015_69216,1.5,0,203.0,204.0
36061,2015,2015_69217,0.25,0,200.0,200.0
36061,2015,2015_69218,1.25,0,256.8,262.0
36061,2015,2015_69219,19.5,0,334.44871794871796,449.0
36061,2015,2015_69220,0.5,0,213.0,214.0
36061,2015,2015_69221,5.25,0,219.1904761904762,261.0
36061,2015,2015_69222,3.5,0,212.5,215.0
36061,2015,2015_69223,2.0,0,223.625,245.0
36061,2015,2015_69224,6.25,0,288.12,386.0
36061,2015,2015_69225,8.25,0,682.3030303030303,734.0
36061,2015,2015_69226,14.0,0,457.3571428571428,619.0
36061,2015,2015_69227,29.0,0,465.9741379310345,832.0
36061,2015,2015_69228,14.25,0,377.6842105263158,551.0
36061,2015,2015_69229,0.25,0,201.0,201.0
36061,2015,2015_69230,26.25,0,473.9809523809524,832.0
36061,2015,2015_69231,0.25,0,218.0,218.0
36061,2015,2015_69232,1.25,0,217.0,234.0
36061,2015,2015_69233,0.25,0,202.0,202.0
36061,2015,2015_69234,2.5,0,251.7,287.0
36061,2015,2015_69235,18.25,0,288.5068493150685,337.0
36061,2015,2015_69236,0.75,0,223.33333333333337,224.0
36061,2015,2015_69237,0.5,0,207.5,208.0
36061,2015,2015_69238,2.75,0,412.72727272727275,413.0
36061,2015,2015_69239,4.0,0,222.3125,252.0
36061,2015,2015_69240,0.5,0,210.0,213.0
36061,2015,2015_69241,12.25,0,231.75510204081633,531.0
36061,2015,2015_69242,4.0,0,359.9375,376.0
36061,2015,2015_69243,0.25,0,238.0,238.0
36061,2015,2015_69244,3.75,0,221.06666666666663,222.0
36061,2015,2015_69245,5.75,0,329.17391304347825,330.0
36061,2015,2015_69246,0.25,0,678.0,678.0
36061,2015,2015_69247,0.25,0,678.0,678.0
36061,2015,2015_69248,0.5,0,680.5,682.0
36061,2015,2015_69249,1.75,0,681.7142857142857,683.0
36061,2015,2015_69250,0.5,0,680.0,680.0
36061,2015,2015_69251,0.25,0,682.0,682.0
36061,2015,2015_69252,0.25,0,682.0,682.0
36061,2015,2015_69253,2.5,0,683.2,685.0
36061,2015,2015_69254,0.5,0,203.0,203.0
36061,2015,2015_69255,7.25,0,200.72413793103448,202.0
36061,2015,2015_69256,5.5,0,250.5,285.0
36061,2015,2015_69257,3.25,0,201.30769230769232,202.0
36061,2015,2015_69258,2.5,0,211.6,224.0
36061,2015,2015_69259,2.0,0,340.0,351.0
36061,2015,2015_69260,6.75,0,728.0,786.0
36061,2015,2015_69261,1.0,0,752.75,753.0
36061,2015,2015_69262,17.0,0,796.3382352941177,981.0
36061,2015,2015_69263,0.5,0,229.5,242.0
36061,2015,2015_69264,2.0,0,686.0,686.0
36061,2015,2015_69265,4.0,0,350.4375,380.0
36061,2015,2015_69266,4.75,0,248.47368421052633,263.0
36061,2015,2015_69267,1.25,0,608.0,608.0
36061,2015,2015_69268,0.75,0,274.0,274.0
36061,2015,2015_69269,0.25,0,274.0,274.0
36061,2015,2015_69270,3.0,0,288.75,295.0
36061,2015,2015_69271,13.0,0,260.8076923076923,798.0
36061,2015,2015_69272,4.25,0,220.76470588235293,222.0
36061,2015,2015_New York-0,2.0,0,340.0,351.0
36061,2016,2016_70996,2.0,0,533.625,557.0
36061,2016,2016_70997,2.25,0,541.4444444444445,557.0
36061,2016,2016_70998,14.0,0,275.32142857142856,486.0
36061,2016,2016_70999,1.5,0,279.5,286.0
36061,2016,2016_71000,1.0,0,337.5,346.0
36061,2016,2016_71001,1.75,0,241.8571428571429,275.0
36061,2016,2016_71002,3.75,0,285.8,311.0
36061,2016,2016_71003,7.75,0,225.67741935483872,247.0
36061,2016,2016_71004,1.25,0,272.6,274.0
36061,2016,2016_71005,4.0,0,408.3125,448.0
36061,2016,2016_71006,0.25,0,266.0,266.0
36061,2016,2016_71007,3.25,0,322.3076923076923,323.0
36061,2016,2016_71008,9.75,0,248.07692307692307,270.0
36061,2016,2016_71009,8.5,0,224.64705882352945,242.0
36061,2016,2016_71010,3.0,0,208.41666666666663,210.0
36061,2016,2016_71011,5.5,0,220.45454545454547,221.0
36061,2016,2016_71012,0.25,0,533.0,533.0
36061,2016,2016_71013,5.25,0,694.2380952380952,737.0
36061,2016,2016_71014,20.75,0,940.0481927710844,1127.0
36061,2016,2016_71015,1.0,0,358.75,386.0
36061,2016,2016_71016,6.0,0,317.0833333333333,387.0
36061,2016,2016_71017,0.75,0,619.0,928.0
36061,2016,2016_71018,9.5,0,929.1052631578948,938.0
36061,2016,2016_71019,5.25,0,414.0952380952381,461.0
36061,2016,2016_71020,8.25,0,217.84848484848484,220.0
36061,2016,2016_71021,1.75,0,494.0,494.0
36061,2016,2016_71022,2.0,0,212.125,215.0
36061,2016,2016_71023,3.5,0,237.28571428571428,273.0
36061,2016,2016_New York-1,5.25,0,414.0952380952381,461.0
36061,2016,2016_New York-5,8.25,0,217.84848484848484,220.0
36061,2017,2017_72733,3.75,0,238.6,255.0
36061,2017,2017_72734,0.25,0,212.0,212.0
36061,2017,2017_72735,1.5,0,220.0,220.0
36061,2017,2017_72736,2.0,0,220.0,252.0
36061,2017,2017_72737,2.0,0,273.0,373.0
36061,2017,2017_72738,0.75,0,234.0,239.0
36061,2017,2017_72739,0.75,0,224.33333333333337,232.0
36061,2017,2017_72740,7.75,0,245.8709677419355,309.0
36061,2017,2017_72741,1.25,0,220.0,237.0
36061,2017,2017_72742,11.75,0,282.6808510638298,623.0
36061,2017,2017_72743,1.0,0,214.5,219.0
36061,2017,2017_72744,1.25,0,210.0,210.0
36061,2017,2017_72745,2.5,0,226.2,243.0
36061,2017,2017_72746,5.5,0,287.77272727272725,378.0
36061,2017,2017_72747,7.75,0,209.3548387096774,240.0
36061,2017,2017_72748,1.5,0,220.16666666666663,237.0
36061,2017,2017_72749,0.5,0,204.0,204.0
36061,2017,2017_72750,1.25,0,213.8,215.0
36061,2017,2017_72751,0.25,0,205.0,205.0
36061,2017,2017_72752,2.25,0,225.55555555555551,252.0
36061,2017,2017_72753,0.75,0,281.0,281.0
36061,2017,2017_72754,0.25,0,229.0,229.0
36061,2017,2017_72755,7.75,0,228.16129032258064,229.0
36061,2017,2017_72756,5.75,0,264.0869565217391,310.0
36061,2017,2017_72757,0.75,0,215.0,215.0
36061,2017,2017_72758,5.0,0,346.0,346.0
36061,2017,2017_72759,12.5,0,345.14,674.0
36061,2017,2017_72760,13.5,0,664.9444444444445,701.0
36061,2017,2017_72761,8.5,0,247.47058823529412,249.0
36061,2019,2019_94877,2.0,0,211.0,212.0
36061,2019,2019_94878,5.5,0,266.6363636363636,273.0
36061,2019,2019_94879,7.25,0,230.6551724137931,257.0
36061,2020,2020_100568,4.0,0,527.25,528.0
36061,2020,2020_100569,1.25,0,240.6,247.0
36061,2020,2020_100570,1.0,0,224.5,228.0
36061,2020,2020_100571,8.0,0,421.84375,612.0
36061,2020,2020_100572,11.5,0,360.5,532.0
36061,2020,2020_100573,2.75,0,221.54545454545453,224.0
36061,2020,2020_100574,3.25,0,19607.76923076923,137473.0
36061,2020,2020_100575,0.25,0,204.0,204.0
36061,2020,2020_100576,16.5,0,432.1969696969697,478.0
36061,2020,2020_100577,8.75,0,261.85714285714283,324.0
36061,2020,2020_100578,1.0,0,201.5,204.0
36061,2020,2020_100579,0.25,0,203.0,203.0
36061,2020,2020_100580,1.25,0,221.4,227.0
36061,2020,2020_100581,6.0,0,262.0,262.0
36061,2020,2020_New York-11,16.5,0,432.1969696969697,478.0
36061,2020,2020_New York-13,3.25,1,19607.76923076923,137473.0
36061,2020,2020_New York-3,3.25,1,19607.76923076923,137473.0
36061,2020,2020_New York-5,3.25,1,19607.76923076923,137473.0
36061,2020,2020_New York-6,3.25,1,19607.76923076923,137473.0
36061,2020,2020_New York-8,3.25,1,19607.76923076923,137473.0
36061,2020,2020_New York-9,3.25,1,19607.76923076923,137473.0
36061,2021,2021_99952,0.5,0,224.0,227.0
36061,2021,2021_99953,10.75,0,275.16279069767444,345.0
36061,2021,2021_99954,2.25,0,237.88888888888889,287.0
36061,2021,2021_99955,0.5,0,265.5,290.0
36061,2021,2021_99956,10.75,0,311.5813953488372,368.0
36061,2021,2021_99957,2.0,0,249.375,272.0
36061,2021,2021_99958,0.25,0,223.0,223.0
36061,2021,2021_99959,3.25,0,238.46153846153845,251.0
36061,2021,2021_99960,32.75,0,584.3282442748092,810.0
36061,2021,2021_99961,0.75,0,224.0,238.0
36061,2021,2021_99962,0.25,0,203.0,203.0
36061,2021,2021_99963,1.5,0,228.0,228.0
36061,2021,2021_99964,23.0,0,999.358695652174,1310.0
36061,2021,2021_99965,8.25,0,857.6060606060606,1230.0
36061,2021,2021_99966,5.5,0,366.3181818181818,423.0
36061,2021,2021_99967,7.5,0,255.6,292.0
36061,2021,2021_99968,0.5,0,239.0,239.0
36061,2021,2021_99969,0.25,0,240.0,240.0
36061,2021,2021_99970,0.75,0,239.0,239.0
36061,2021,2021_99971,1.5,0,231.33333333333337,232.0
36061,2021,2021_99972,7.5,0,301.93333333333334,339.0
36061,2021,2021_99973,2.5,0,213.7,218.0
36061,2021,2021_99974,0.5,0,218.5,219.0
36061,2021,2021_99975,0.5,0,209.5,210.0
36061,2021,2021_99976,9.5,0,1236.3157894736842,2003.0
36061,2021,2021_99977,2.0,0,1913.25,1914.0
36061,2021,2021_99978,0.75,0,271.0,271.0
36061,2021,2021_99979,0.5,0,402.0,402.0
36061,2021,2021_99980,0.25,0,402.0,402.0
36061,2021,2021_99981,0.75,0,471.6666666666667,476.0
36061,2021,2021_99982,0.5,0,256.0,256.0
36061,2021,2021_99983,4.0,0,567.5625,678.0
36061,2021,2021_99984,12.75,0,366.5882352941176,677.0
36061,2021,2021_99985,0.25,0,261.0,261.0
36061,2021,2021_99986,4.25,0,572.4705882352941,680.0
36061,2021,2021_99987,0.5,0,215.0,215.0
36061,2021,2021_99988,12.25,0,263.2244897959184,264.0
36061,2021,2021_99989,0.25,0,263.0,263.0
36061,2021,2021_99990,1.5,0,263.6666666666667,264.0
36061,2021,2021_New York-2,0.5,0,256.0,256.0
36061,2021,2021_New York-5,32.75,0,584.3282442748092,810.0
36061,2021,2021_New York-8,7.5,0,301.93333333333334,339.0
36061,2022,2022_105699,1.5,0,474.0,474.0
36061,2022,2022_105700,1.25,0,257.2,272.0
36061,2022,2022_105701,2.25,0,210.88888888888889,230.0
36061,2022,2022_105702,10.75,0,281.27906976744185,323.0
36061,2022,2022_105703,0.25,0,232.0,232.0
36061,2022,2022_105704,3.0,0,236.91666666666663,251.0
36061,2022,2022_105705,0.5,0,230.5,231.0
36061,2022,2022_105706,3.0,0,511.25,549.0
36061,2022,2022_105707,0.25,0,210.0,210.0
36061,2022,2022_105708,5.75,0,387.69565217391306,430.0
36061,2022,2022_105709,1.5,0,219.5,225.0
36061,2022,2022_105710,0.25,0,509.0,509.0
36061,2022,2022_105711,0.5,0,518.0,518.0
36061,2022,2022_105712,1.0,0,374.5,375.0
36061,2022,2022_105713,0.75,0,375.3333333333333,376.0
36061,2022,2022_105714,0.5,0,313.0,313.0
36061,2022,2022_105715,0.5,0,326.5,336.0
36061,2022,2022_105716,1.5,0,348.5,358.0
36061,2022,2022_105717,0.25,0,2213.0,2213.0
36061,2022,2022_105718,2.0,0,475.125,476.0
36061,2022,2022_105719,0.25,0,231.0,231.0
36061,2022,2022_105720,2.75,0,280.09090909090907,313.0
36061,2022,2022_105721,17.25,0,1263.855072463768,1380.0
36061,2022,2022_105722,0.5,0,222.5,228.0
36061,2022,2022_105723,10.5,0,416.1428571428572,548.0
36061,2022,2022_105724,0.25,0,367.0,367.0
36061,2022,2022_105725,2.25,0,254.88888888888889,305.0
36061,2022,2022_105726,4.25,0,261.94117647058823,278.0
36061,2022,2022_105727,4.75,0,298.2105263157895,327.0
36061,2022,2022_105728,5.25,0,213.0,213.0
36061,2022,2022_105729,0.5,0,275.0,275.0
36061,2022,2022_105730,5.25,0,468.0952380952381,469.0
36061,2022,2022_105731,2.25,0,287.44444444444446,312.0
36061,2022,2022_105732,0.75,0,290.6666666666667,294.0
36061,2022,2022_105733,2.75,0,205.0,205.0
36061,2022,2022_105734,1.75,0,208.8571428571429,251.0
36061,2022,2022_105735,0.5,0,219.5,220.0
36061,2022,2022_105736,0.75,0,229.33333333333337,232.0
36061,2022,2022_105737,0.5,0,410.5,435.0
36061,2022,2022_105738,6.0,0,468.7916666666667,495.0
36061,2022,2022_New York-0,0.25,1,2213.0,2213.0
36061,2022,2022_New York-1,0.25,0,231.0,231.0
36061,2022,2022_New York-3,0.25,1,2213.0,2213.0
36061,2022,2022_New York-4,0.25,0,231.0,231.0
36061,2023,2023_101368,1.75,0,286.7142857142857,338.0
36061,2023,2023_101369,4.75,0,201.05263157894737,202.0
36061,2023,2023_101370,2.5,0,367.3,369.0
36061,2023,2023_101371,0.25,0,1022.0,1022.0
36061,2023,2023_101372,0.5,0,398.0,454.0
36061,2023,2023_101373,8.5,0,290.52941176470586,362.0
36061,2023,2023_101374,2.5,0,210.0,210.0
36061,2023,2023_101375,8.0,0,322.625,346.0
36061,2023,2023_101376,5.75,0,404.0869565217391,538.0
36061,2023,2023_101377,0.25,0,278.0,278.0
36061,2023,2023_101378,1.0,0,222.0,222.0
36061,2023,2023_101379,2.75,0,290.1818181818182,291.0
36061,2023,2023_101380,0.25,0,254.0,254.0
36061,2023,2023_101381,1.5,0,338.0,338.0
36061,2023,2023_101382,1.5,0,202.0,202.0
36061,2023,2023_101383,1.5,0,218.0,218.0
36061,2023,2023_101384,0.25,0,366.0,366.0
36061,2023,2023_101385,0.75,0,418.3333333333333,431.0
36061,2023,2023_101386,1.0,0,203.0,203.0
36061,2023,2023_101387,7.5,0,203.06666666666663,228.0
36061,2023,2023_101388,4.0,0,222.0,222.0
36061,2023,2023_New York-5,0.25,0,278.0,278.0
36081,2014,2014_7497,13.25,0,662.0754716981132,1701.0
36081,2014,2014_7498,1.0,0,203.75,204.0
36081,2014,2014_7499,1.25,0,384.2,385.0
36081,2014,2014_7500,1.5,0,1210.6666666666667,1211.0
36081,2014,2014_7501,2.0,0,1283.25,1640.0
36081,2014,2014_7502,0.75,0,547.6666666666666,549.0
36081,2014,2014_7503,0.25,0,597.0,597.0
36081,2014,2014_7504,2.0,0,936.75,1066.0
36081,2014,2014_7505,2.5,0,659.4,1190.0
36081,2014,2014_7506,1.75,0,433.8571428571428,462.0
36081,2014,2014_7507,0.25,0,974.0,974.0
36081,2014,2014_7508,0.25,0,200.0,200.0
36081,2014,2014_7509,4.25,0,214.76470588235293,219.0
36081,2014,2014_7510,1.25,0,212.6,213.0
36081,2015,2015_70135,1.25,0,833.0,864.0
36081,2015,2015_70136,1.25,0,357.6,359.0
36081,2015,2015_70137,2.25,0,221.55555555555551,232.0
36081,2015,2015_70138,0.75,0,1325.0,1981.0
36081,2015,2015_70139,2.0,0,1161.375,1168.0
36081,2015,2015_70140,6.25,0,298.52,321.0
36081,2015,2015_70141,11.5,0,221.8913043478261,313.0
36081,2015,2015_70142,0.5,0,233.5,234.0
36081,2015,2015_70143,0.75,0,211.66666666666663,216.0
36081,2015,2015_70144,1.0,0,220.0,221.0
36081,2015,2015_70145,0.25,0,369.0,369.0
36081,2015,2015_70146,5.75,0,299.8695652173913,555.0
36081,2015,2015_70147,0.5,0,205.5,206.0
36081,2015,2015_70148,1.0,0,211.5,212.0
36081,2015,2015_70149,1.75,0,230.57142857142856,257.0
36081,2015,2015_70150,25.25,0,531.5742574257425,2944.0
36081,2015,2015_70151,0.25,0,200.0,200.0
36081,2015,2015_70152,5.75,0,247.95652173913044,301.0
36081,2015,2015_70153,8.75,0,347.77142857142854,436.0
36081,2015,2015_70154,34.25,0,369.5985401459854,563.0
36081,2015,2015_70155,0.25,0,320.0,320.0
36081,2015,2015_70156,0.75,0,203.0,204.0
36081,2015,2015_70157,0.25,0,201.0,201.0
36081,2015,2015_70158,1.25,0,249.6,280.0
36081,2015,2015_70159,8.0,0,215.9375,237.0
36081,2015,2015_70160,0.75,0,200.66666666666663,202.0
36081,2015,2015_70161,0.5,0,201.0,202.0
36081,2015,2015_70162,0.25,0,228.0,228.0
36081,2015,2015_70163,2.25,0,337.3333333333333,349.0
36081,2015,2015_70164,8.0,0,265.59375,393.0
36081,2015,2015_70165,3.0,0,231.16666666666663,273.0
36081,2015,2015_70166,0.25,0,209.0,209.0
36081,2015,2015_70167,0.25,0,245.0,245.0
36081,2015,2015_70168,6.75,0,232.85185185185185,261.0
36081,2015,2015_70169,0.5,0,562.0,584.0
36081,2015,2015_70170,0.25,0,236.0,236.0
36081,2015,2015_70171,3.5,0,244.78571428571428,252.0
36081,2015,2015_70172,2.25,0,304.6666666666667,316.0
36081,2015,2015_70173,0.75,0,328.0,394.0
36081,2015,2015_70174,4.0,0,249.0,288.0
36081,2015,2015_70175,0.5,0,274.0,274.0
36081,2015,2015_70176,15.5,0,746.3387096774194,2307.0
36081,2015,2015_70177,41.0,0,565.0975609756098,988.0
36081,2015,2015_70178,26.25,0,495.16190476190474,801.0
36081,2015,2015_70179,7.0,0,272.5,304.0
36081,2015,2015_70180,1.5,0,228.83333333333337,240.0
36081,2015,2015_70181,0.25,0,201.0,201.0
36081,2015,2015_70182,35.5,0,324.50704225352115,712.0
36081,2015,2015_70183,0.25,0,202.0,202.0
36081,2015,2015_70184,23.25,0,300.3225806451613,413.0
36081,2015,2015_70185,0.25,0,686.0,686.0
36081,2015,2015_70186,6.25,0,292.64,568.0
36081,2015,2015_70187,1.5,0,233.83333333333337,236.0
36081,2015,2015_70188,2.0,0,221.875,232.0
36081,2015,2015_70189,2.5,0,236.4,252.0
36081,2015,2015_70190,7.0,0,248.71428571428572,258.0
36081,2015,2015_70191,8.0,0,293.25,351.0
36081,2015,2015_70192,0.75,0,232.0,232.0
36081,2015,2015_70193,0.25,0,319.0,319.0
36081,2015,2015_70194,5.0,0,246.8,261.0
36081,2015,2015_70195,0.5,0,215.5,216.0
36081,2015,2015_70196,2.0,0,424.25,439.0
36081,2015,2015_70197,0.25,0,1172.0,1172.0
36081,2015,2015_70198,1.5,0,822.5,849.0
36081,2015,2015_70199,3.5,0,340.57142857142856,493.0
36081,2015,2015_70200,3.0,0,247.75,255.0
36081,2015,2015_70201,1.25,0,456.8,1282.0
36081,2015,2015_70202,2.5,0,206.0,209.0
36081,2015,2015_70203,1.25,0,317.0,381.0
36081,2015,2015_70204,4.25,0,670.0588235294117,693.0
36081,2015,2015_70205,1.0,0,210.5,213.0
36081,2015,2015_70206,1.0,0,636.75,703.0
36081,2015,2015_70207,1.0,0,876.75,920.0
36081,2015,2015_70208,1.5,0,381.1666666666667,565.0
36081,2015,2015_70209,1.5,0,297.3333333333333,302.0
36081,2015,2015_70210,0.25,0,283.0,283.0
36081,2015,2015_70211,0.25,0,549.0,549.0
36081,2015,2015_70212,1.0,0,590.0,808.0
36081,2015,2015_70213,1.75,0,380.8571428571428,401.0
36081,2015,2015_70214,1.5,0,550.6666666666666,947.0
36081,2015,2015_70215,0.75,0,354.3333333333333,355.0
36081,2015,2015_70216,0.5,0,734.0,734.0
36081,2015,2015_70217,1.25,0,601.0,602.0
36081,2015,2015_70218,1.5,0,432.8333333333333,643.0
36081,2015,2015_70219,1.0,0,413.5,415.0
36081,2015,2015_70220,2.0,0,273.25,672.0
36081,2015,2015_70221,16.75,0,538.5671641791045,2238.0
36081,2015,2015_70222,0.75,0,205.66666666666663,206.0
36081,2015,2015_70223,4.25,0,291.47058823529414,328.0
36081,2015,2015_70224,1.75,0,593.1428571428571,671.0
36081,2015,2015_70225,3.5,0,472.8571428571428,655.0
36081,2015,2015_70226,0.75,0,356.6666666666667,382.0
36081,2015,2015_70227,0.75,0,479.6666666666667,571.0
36081,2015,2015_70228,2.25,0,520.8888888888889,582.0
36081,2015,2015_70229,0.25,0,307.0,307.0
36081,2015,2015_70230,0.25,0,307.0,307.0
36081,2015,2015_70231,0.25,0,308.0,308.0
36081,2015,2015_70232,1.0,0,306.75,307.0
36081,2015,2015_70233,2.75,0,310.0,335.0
36081,2015,2015_70234,1.0,0,365.5,398.0
36081,2015,2015_70235,0.25,0,402.0,402.0
36081,2015,2015_70236,0.25,0,827.0,827.0
36081,2015,2015_70237,12.25,0,360.48979591836735,374.0
36081,2015,2015_70238,1.0,0,304.25,305.0
36081,2015,2015_70239,0.25,0,306.0,306.0
36081,2015,2015_70240,0.25,0,306.0,306.0
36081,2015,2015_70241,1.75,0,710.0,1211.0
36081,2015,2015_70242,1.0,0,217.25,248.0
36081,2015,2015_70243,11.5,0,410.0869565217391,632.0
36081,2015,2015_70244,0.75,0,327.3333333333333,343.0
36081,2015,2015_70245,0.25,0,800.0,800.0
36081,2015,2015_70246,1.25,0,241.4,252.0
36081,2015,2015_70247,1.0,0,222.5,226.0
36081,2015,2015_70248,1.75,0,398.1428571428572,459.0
36081,2015,2015_70249,0.25,0,263.0,263.0
36081,2015,2015_70250,0.5,0,243.0,244.0
36081,2015,2015_70251,1.75,0,334.14285714285717,562.0
36081,2015,2015_70252,1.25,0,346.8,351.0
36081,2015,2015_70253,0.25,0,314.0,314.0
36081,2015,2015_70254,1.5,0,628.8333333333334,777.0
36081,2015,2015_70255,2.5,0,650.0,906.0
36081,2015,2015_70256,1.75,0,593.1428571428571,651.0
36081,2015,2015_70257,0.25,0,255.0,255.0
36081,2015,2015_70258,0.75,0,628.0,1135.0
36081,2015,2015_70259,1.75,0,294.85714285714283,296.0
36081,2015,2015_70260,4.0,0,208.125,211.0
36081,2015,2015_70261,1.25,0,892.0,893.0
36081,2015,2015_70262,3.0,0,594.6666666666666,597.0
36081,2015,2015_70263,0.25,0,222.0,222.0
36081,2015,2015_70264,1.75,0,1106.428571428571,1772.0
36081,2015,2015_70265,0.25,0,320.0,320.0
36081,2015,2015_70266,1.0,0,757.25,759.0
36081,2015,2015_70267,5.0,0,202.8,204.0
36081,2015,2015_70268,1.25,0,532.4,533.0
36081,2015,2015_70269,1.0,0,289.25,290.0
36081,2015,2015_70270,0.25,0,308.0,308.0
36081,2015,2015_70271,0.25,0,225.0,225.0
36081,2015,2015_70272,4.75,0,581.0526315789474,657.0
36081,2015,2015_70273,0.75,0,474.0,474.0
36081,2015,2015_70274,0.25,0,286.0,286.0
36081,2015,2015_70275,0.75,0,245.0,245.0
36081,2015,2015_70276,0.75,0,250.33333333333337,252.0
36081,2015,2015_70277,0.75,0,650.3333333333334,651.0
36081,2015,2015_70278,1.25,0,245.6,262.0
36081,2015,2015_70279,0.25,0,752.0,752.0
36081,2015,2015_70280,0.75,0,774.6666666666666,777.0
36081,2015,2015_70281,0.25,0,444.0,444.0
36081,2015,2015_70282,1.5,0,1081.1666666666667,1105.0
36081,2015,2015_70283,1.25,0,259.0,287.0
36081,2015,2015_70284,0.75,0,746.3333333333334,1102.0
36081,2015,2015_70285,0.5,0,335.5,336.0
36081,2015,2015_70286,0.25,0,867.0,867.0
36081,2015,2015_70287,2.0,0,959.75,1094.0
36081,2015,2015_70288,2.5,0,465.7,537.0
36081,2015,2015_70289,0.75,0,297.0,299.0
36081,2015,2015_70290,2.25,0,233.11111111111111,235.0
36081,2015,2015_70291,1.75,0,257.14285714285717,305.0
36081,2015,2015_70292,1.0,0,562.5,899.0
36081,2015,2015_70293,0.25,0,1524.0,1524.0
36081,2015,2015_70294,0.5,0,1524.5,1525.0
36081,2015,2015_70295,1.25,0,482.2,484.0
36081,2015,2015_70296,0.25,0,466.0,466.0
36081,2015,2015_70297,3.5,0,443.8571428571428,490.0
36081,2015,2015_70298,0.25,0,415.0,415.0
36081,2015,2015_70299,1.25,0,277.8,280.0
36081,2015,2015_70300,1.0,0,472.25,493.0
36081,2015,2015_70301,0.75,0,405.0,601.0
36081,2015,2015_70302,0.5,0,496.5,549.0
36081,2015,2015_70303,6.75,0,380.6296296296296,558.0
36081,2015,2015_New York-0,1.25,0,346.8,351.0
36081,2015,2015_New York-1,0.25,0,1524.0,1524.0
36081,2015,2015_New York-3,0.75,0,405.0,601.0
36081,2016,2016_72015,2.5,0,224.4,228.0
36081,2016,2016_72016,0.75,0,843.0,844.0
36081,2016,2016_72017,1.0,0,218.0,220.0
36081,2016,2016_72018,2.0,0,229.0,245.0
36081,2016,2016_72019,1.0,0,203.75,210.0
36081,2016,2016_72020,1.75,0,264.7142857142857,275.0
36081,2016,2016_72021,0.5,0,497.5,498.0
36081,2016,2016_72022,4.25,0,223.1764705882353,244.0
36081,2016,2016_72023,16.5,0,450.1818181818182,606.0
36081,2016,2016_72024,1.0,0,375.75,416.0
36081,2016,2016_72025,9.25,0,308.6216216216216,404.0
36081,2016,2016_72026,0.5,0,202.0,202.0
36081,2016,2016_72027,0.75,0,205.33333333333337,209.0
36081,2016,2016_72028,1.0,0,210.0,210.0
36081,2016,2016_72029,1.0,0,239.0,288.0
36081,2016,2016_72030,1.0,0,253.25,280.0
36081,2016,2016_72031,3.25,0,246.15384615384616,255.0
36081,2016,2016_72032,0.25,0,286.0,286.0
36081,2016,2016_72033,2.75,0,450.09090909090907,925.0
36081,2016,2016_72034,0.25,0,833.0,833.0
36081,2016,2016_72035,0.25,0,897.0,897.0
36081,2016,2016_72036,0.25,0,314.0,314.0
36081,2016,2016_72037,1.5,0,571.0,641.0
36081,2016,2016_72038,1.75,0,251.1428571428571,257.0
36081,2016,2016_72039,1.25,0,601.0,601.0
36081,2016,2016_72040,1.5,0,884.6666666666666,1232.0
36081,2016,2016_72041,5.25,0,1353.7142857142858,4139.0
36081,2016,2016_72042,5.75,0,396.82608695652175,494.0
36081,2016,2016_72043,3.5,0,1979.5,1982.0
36081,2016,2016_72044,1.75,0,230.42857142857144,252.0
36081,2016,2016_72045,1.0,0,395.75,398.0
36081,2016,2016_72046,0.75,0,1984.3333333333333,1986.0
36081,2016,2016_72047,15.75,0,643.1269841269841,1288.0
36081,2016,2016_72048,0.25,0,317.0,317.0
36081,2016,2016_72049,1.5,0,3468.5,3954.0
36081,2016,2016_72050,2.5,0,207.9,213.0
36081,2016,2016_72051,0.25,0,411.0,411.0
36081,2016,2016_72052,1.0,0,212.75,245.0
36081,2016,2016_72053,2.75,0,1299.6363636363635,1304.0
36081,2016,2016_72054,3.25,0,1289.8461538461538,1375.0
36081,2016,2016_72055,7.5,0,1132.6,2201.0
36081,2016,2016_72056,0.25,0,1015.0,1015.0
36081,2016,2016_72057,1.0,0,364.5,439.0
36081,2016,2016_72058,10.25,0,601.2926829268292,1417.0
36081,2016,2016_72059,0.25,0,216.0,216.0
36081,2016,2016_72060,1.0,0,204.0,205.0
36081,2016,2016_72061,0.25,0,382.0,382.0
36081,2016,2016_72062,0.75,0,1020.3333333333334,1022.0
36081,2016,2016_72063,0.25,0,497.0,497.0
36081,2016,2016_72064,12.5,0,1177.32,3433.0
36081,2016,2016_72065,1.75,0,336.42857142857144,485.0
36081,2016,2016_72066,0.75,0,889.3333333333334,890.0
36081,2016,2016_72067,3.5,0,975.9285714285714,978.0
36081,2016,2016_72068,0.25,0,563.0,563.0
36081,2016,2016_72069,0.75,0,1178.0,1178.0
36081,2016,2016_72070,3.25,0,828.3846153846154,2440.0
36081,2016,2016_72071,1.75,0,838.1428571428571,1039.0
36081,2016,2016_72072,1.0,0,1012.5,1062.0
36081,2016,2016_72073,11.75,0,323.8723404255319,416.0
36081,2016,2016_72074,1.5,0,1057.6666666666667,1066.0
36081,2016,2016_72075,0.75,0,419.0,419.0
36081,2016,2016_72076,0.5,0,375.0,375.0
36081,2016,2016_72077,2.5,0,356.1,357.0
36081,2016,2016_72078,1.75,0,382.1428571428572,397.0
36081,2016,2016_72079,0.25,0,475.0,475.0
36081,2016,2016_72080,11.25,0,501.8444444444444,880.0
36081,2016,2016_72081,4.0,0,235.625,278.0
36081,2016,2016_72082,3.5,0,239.71428571428572,247.0
36081,2016,2016_72083,0.75,0,453.3333333333333,460.0
36081,2016,2016_72084,0.25,0,656.0,656.0
36081,2016,2016_72085,1.25,0,285.4,515.0
36081,2016,2016_72086,6.75,0,1246.074074074074,2351.0
36081,2016,2016_72087,2.75,0,322.3636363636364,442.0
36081,2016,2016_72088,1.5,0,2982.6666666666665,3027.0
36081,2016,2016_72089,1.25,0,865.2,1104.0
36081,2016,2016_72090,1.75,0,568.1428571428571,728.0
36081,2016,2016_72091,2.5,0,571.8,628.0
36081,2016,2016_72092,0.75,0,248.0,248.0
36081,2016,2016_72093,11.5,0,704.695652173913,1529.0
36081,2016,2016_72094,7.25,0,381.6206896551725,728.0
36081,2016,2016_72095,0.25,0,283.0,283.0
36081,2016,2016_72096,4.25,0,756.6470588235294,997.0
36081,2016,2016_72097,0.25,0,226.0,226.0
36081,2016,2016_72098,10.75,0,629.1162790697674,1950.0
36081,2016,2016_72099,0.5,0,1422.5,1423.0
36081,2016,2016_72100,0.25,0,420.0,420.0
36081,2016,2016_72101,1.75,0,325.42857142857144,637.0
36081,2016,2016_72102,0.75,0,220.0,223.0
36081,2016,2016_72103,0.5,0,209.0,209.0
36081,2016,2016_72104,1.25,0,295.8,476.0
36081,2016,2016_72105,0.75,0,302.3333333333333,309.0
36081,2016,2016_72106,7.25,0,625.0,926.0
36081,2016,2016_72107,1.0,0,555.0,556.0
36081,2016,2016_72108,1.25,0,732.2,779.0
36081,2016,2016_72109,2.5,0,1060.3,1152.0
36081,2016,2016_72110,1.25,0,468.6,1104.0
36081,2016,2016_72111,5.5,0,676.0,843.0
36081,2016,2016_72112,3.5,0,927.0,1461.0
36081,2016,2016_72113,0.5,0,457.5,504.0
36081,2016,2016_72114,1.5,0,634.5,751.0
36081,2016,2016_72115,2.5,0,605.0,920.0
36081,2016,2016_72116,2.25,0,659.1111111111111,682.0
36081,2016,2016_72117,1.0,0,574.5,906.0
36081,2016,2016_72118,3.75,0,1333.8,1653.0
36081,2016,2016_72119,3.25,0,368.46153846153845,1595.0
36081,2016,2016_72120,0.75,0,237.33333333333337,285.0
36081,2016,2016_72121,1.5,0,942.3333333333334,948.0
36081,2016,2016_72122,1.5,0,356.6666666666667,357.0
36081,2016,2016_72123,1.5,0,379.3333333333333,526.0
36081,2016,2016_72124,3.0,0,900.0,926.0
36081,2016,2016_72125,9.25,0,586.2162162162163,1981.0
36081,2016,2016_72126,0.25,0,301.0,301.0
36081,2016,2016_72127,0.25,0,3805.0,3805.0
36081,2016,2016_72128,0.25,0,4011.0,4011.0
36081,2016,2016_72129,4.5,0,476.22222222222223,575.0
36081,2016,2016_72130,1.0,0,540.0,647.0
36081,2016,2016_72131,1.25,0,217.0,218.0
36081,2016,2016_72132,0.25,0,1037.0,1037.0
36081,2016,2016_72133,1.25,0,331.8,332.0
36081,2016,2016_72134,1.5,0,475.8333333333333,477.0
36081,2016,2016_72135,0.75,0,456.3333333333333,457.0
36081,2016,2016_72136,0.25,0,347.0,347.0
36081,2016,2016_72137,1.75,0,223.8571428571429,248.0
36081,2016,2016_72138,2.75,0,220.63636363636363,222.0
36081,2016,2016_72139,0.5,0,2611.0,2612.0
36081,2016,2016_72140,1.75,0,245.71428571428572,247.0
36081,2016,2016_72141,2.0,0,238.0,268.0
36081,2016,2016_72142,1.0,0,207.0,210.0
36081,2016,2016_72143,29.75,0,468.6470588235294,737.0
36081,2016,2016_72144,7.75,0,319.83870967741933,388.0
36081,2016,2016_72145,2.5,0,204.2,210.0
36081,2016,2016_72146,2.75,0,702.4545454545455,1443.0
36081,2016,2016_72147,0.5,0,871.0,1167.0
36081,2016,2016_72148,1.25,0,405.8,408.0
36081,2016,2016_72149,2.75,0,333.27272727272725,336.0
36081,2016,2016_72150,0.75,0,1025.0,1851.0
36081,2016,2016_New York-1,7.25,0,625.0,926.0
36081,2016,2016_New York-2,1.0,0,1012.5,1062.0
36081,2016,2016_New York-4,1.5,0,1057.6666666666667,1066.0
36081,2016,2016_New York-5,1.0,0,574.5,906.0
36081,2017,2017_73651,0.25,0,247.0,247.0
36081,2017,2017_73652,2.75,0,292.54545454545456,344.0
36081,2017,2017_73653,2.0,0,218.875,265.0
36081,2017,2017_73654,0.25,0,200.0,200.0
36081,2017,2017_73655,0.25,0,388.0,388.0
36081,2017,2017_73656,0.25,0,425.0,425.0
36081,2017,2017_73657,2.0,0,1003.375,1267.0
36081,2017,2017_73658,2.25,0,348.22222222222223,674.0
36081,2017,2017_73659,0.75,0,304.3333333333333,306.0
36081,2017,2017_73660,1.75,0,245.1428571428571,249.0
36081,2017,2017_73661,1.0,0,1274.75,1276.0
36081,2017,2017_73662,8.0,0,364.25,566.0
36081,2017,2017_73663,1.75,0,1652.0,3174.0
36081,2017,2017_73664,0.25,0,542.0,542.0
36081,2017,2017_73665,2.0,0,323.125,863.0
36081,2017,2017_73666,2.25,0,405.8888888888889,451.0
36081,2017,2017_73667,1.5,0,292.8333333333333,585.0
36081,2017,2017_73668,2.75,0,705.3636363636364,1178.0
36081,2017,2017_73669,1.0,0,373.5,466.0
36081,2017,2017_73670,0.5,0,317.5,318.0
36081,2017,2017_73671,0.75,0,217.0,217.0
36081,2017,2017_73672,1.75,0,353.7142857142857,358.0
36081,2017,2017_73673,3.5,0,351.42857142857144,357.0
36081,2017,2017_73674,0.75,0,1151.0,1151.0
36081,2017,2017_73675,0.25,0,1280.0,1280.0
36081,2017,2017_73676,2.25,0,589.6666666666666,1336.0
36081,2017,2017_73677,0.75,0,201.0,201.0
36081,2017,2017_73678,2.5,0,246.3,303.0
36081,2017,2017_73679,13.75,0,254.3272727272727,332.0
36081,2017,2017_73680,57.75,0,544.1125541125541,3310.0
36081,2017,2017_73681,4.0,0,291.125,340.0
36081,2017,2017_73682,1.75,0,225.0,233.0
36081,2017,2017_73683,2.0,0,494.125,495.0
36081,2017,2017_73684,3.75,0,428.26666666666665,624.0
36081,2017,2017_73685,2.0,0,262.625,278.0
36081,2017,2017_73686,0.25,0,201.0,201.0
36081,2017,2017_73687,1.5,0,801.8333333333334,926.0
36081,2017,2017_73688,1.25,0,661.4,665.0
36081,2017,2017_73689,0.25,0,371.0,371.0
36081,2017,2017_73690,2.0,0,268.625,504.0
36081,2017,2017_73691,0.5,0,212.5,213.0
36081,2017,2017_73692,2.75,0,216.36363636363637,223.0
36081,2017,2017_73693,0.75,0,204.33333333333337,208.0
36081,2017,2017_73694,11.0,0,272.70454545454544,401.0
36081,2017,2017_73695,1.0,0,208.0,212.0
36081,2017,2017_73696,2.75,0,218.72727272727272,230.0
36081,2017,2017_73697,0.25,0,209.0,209.0
36081,2017,2017_73698,1.0,0,201.75,203.0
36081,2017,2017_73699,10.5,0,247.8809523809524,314.0
36081,2017,2017_73700,0.25,0,211.0,211.0
36081,2017,2017_73701,2.75,0,234.45454545454547,247.0
36081,2017,2017_73702,1.0,0,1521.25,2734.0
36081,2017,2017_73703,0.25,0,3925.0,3925.0
36081,2017,2017_73704,3.0,0,429.5833333333333,472.0
36081,2017,2017_73705,0.5,0,950.5,1000.0
36081,2017,2017_73706,4.25,0,580.4705882352941,855.0
36081,2017,2017_73707,3.5,0,506.57142857142856,508.0
36081,2017,2017_73708,0.25,0,214.0,214.0
36081,2017,2017_73709,3.5,0,681.5,1247.0
36081,2017,2017_73710,2.5,0,354.5,416.0
36081,2017,2017_73711,0.25,0,221.0,221.0
36081,2017,2017_73712,1.0,0,3062.0,3956.0
36081,2017,2017_73713,0.5,0,965.5,985.0
36081,2017,2017_73714,1.25,0,517.6,520.0
36081,2017,2017_73715,2.5,0,256.1,270.0
36081,2017,2017_73716,3.5,0,563.3571428571429,925.0
36081,2017,2017_73717,3.5,0,384.92857142857144,752.0
36081,2017,2017_73718,0.25,0,1211.0,1211.0
36081,2017,2017_73719,0.25,0,898.0,898.0
36081,2017,2017_73720,0.5,0,323.5,324.0
36081,2017,2017_73721,0.5,0,209.5,210.0
36081,2017,2017_73722,0.5,0,213.5,214.0
36081,2017,2017_73723,2.0,0,477.375,503.0
36081,2017,2017_73724,1.5,0,1078.0,1179.0
36081,2017,2017_73725,3.25,0,1025.6153846153843,1349.0
36081,2017,2017_73726,0.25,0,516.0,516.0
36081,2017,2017_73727,3.25,0,680.3076923076923,870.0
36081,2017,2017_73728,0.25,0,548.0,548.0
36081,2017,2017_73729,0.25,0,210.0,210.0
36081,2017,2017_73730,6.0,0,492.0416666666667,797.0
36081,2017,2017_73731,21.5,0,743.4186046511628,2274.0
36081,2017,2017_73732,4.5,0,624.5,814.0
36081,2017,2017_73733,1.25,0,200.8,202.0
36081,2017,2017_73734,0.75,0,1199.3333333333333,1201.0
36081,2017,2017_73735,0.25,0,201.0,201.0
36081,2017,2017_73736,1.25,0,289.0,291.0
36081,2017,2017_73737,1.0,0,1059.0,1072.0
36081,2017,2017_73738,4.75,0,349.5263157894737,380.0
36081,2017,2017_73739,0.25,0,1045.0,1045.0
36081,2017,2017_73740,5.5,0,851.8181818181819,1295.0
36081,2017,2017_73741,0.25,0,270.0,270.0
36081,2017,2017_73742,1.75,0,226.0,227.0
36081,2017,2017_73743,1.5,0,680.1666666666666,719.0
36081,2017,2017_73744,2.0,0,482.125,608.0
36081,2017,2017_73745,0.25,0,631.0,631.0
36081,2017,2017_73746,0.75,0,324.0,326.0
36081,2017,2017_73747,5.75,0,234.34782608695653,256.0
36081,2017,2017_73748,4.0,0,239.625,271.0
36081,2017,2017_73749,7.5,0,3986.733333333333,6721.0
36081,2017,2017_73750,0.25,0,570.0,570.0
36081,2017,2017_73751,1.25,0,504.4,513.0
36081,2017,2017_73752,0.25,0,1175.0,1175.0
36081,2017,2017_73753,4.25,0,291.4117647058824,389.0
36081,2017,2017_73754,1.0,0,286.75,334.0
36081,2017,2017_73755,1.0,0,303.75,307.0
36081,2017,2017_73756,0.25,0,1661.0,1661.0
36081,2017,2017_73757,0.25,0,200.0,200.0
36081,2017,2017_73758,0.25,0,205.0,205.0
36081,2017,2017_73759,1.25,0,710.2,805.0
36081,2017,2017_73760,1.5,0,788.8333333333334,948.0
36081,2017,2017_73761,3.5,0,263.35714285714283,325.0
36081,2017,2017_73762,0.25,0,308.0,308.0
36081,2017,2017_73763,0.75,0,380.0,380.0
36081,2017,2017_73764,3.25,0,343.7692307692308,351.0
36081,2017,2017_73765,0.75,0,1023.3333333333334,1311.0
36081,2017,2017_73766,1.5,0,681.6666666666666,804.0
36081,2017,2017_73767,3.25,0,2331.6923076923076,2441.0
36081,2017,2017_73768,0.25,0,983.0,983.0
36081,2017,2017_73769,0.75,0,612.3333333333334,808.0
36081,2017,2017_73770,0.25,0,1168.0,1168.0
36081,2017,2017_73771,0.5,0,898.5,902.0
36081,2017,2017_73772,1.0,0,254.0,290.0
36081,2017,2017_73773,0.75,0,208.33333333333337,209.0
36081,2017,2017_73774,0.25,0,2391.0,2391.0
36081,2017,2017_73775,1.5,0,1976.3333333333333,2327.0
36081,2017,2017_73776,0.25,0,377.0,377.0
36081,2017,2017_73777,0.25,0,3441.0,3441.0
36081,2017,2017_73778,0.25,0,256.0,256.0
36081,2017,2017_73779,1.25,0,2209.8,2211.0
36081,2017,2017_73780,0.5,0,579.5,580.0
36081,2017,2017_73781,1.25,0,821.0,875.0
36081,2017,2017_73782,2.25,0,442.44444444444446,500.0
36081,2017,2017_73783,3.75,0,342.8666666666667,541.0
36081,2017,2017_73784,4.75,0,878.5263157894736,2156.0
36081,2017,2017_73785,0.5,0,213.0,213.0
36081,2017,2017_73786,1.0,0,209.0,214.0
36081,2017,2017_73787,0.25,0,1313.0,1313.0
36081,2017,2017_73788,8.25,0,424.8484848484849,535.0
36081,2017,2017_73789,1.75,0,474.1428571428572,520.0
36081,2017,2017_73790,1.5,0,243.66666666666663,276.0
36081,2017,2017_73791,0.25,0,356.0,356.0
36081,2017,2017_73792,0.5,0,262.0,262.0
36081,2017,2017_73793,4.75,0,232.1578947368421,302.0
36081,2017,2017_73794,0.25,0,328.0,328.0
36081,2017,2017_73795,0.75,0,760.0,788.0
36081,2017,2017_73796,0.5,0,1302.0,1742.0
36081,2017,2017_73797,1.25,0,271.6,273.0
36081,2017,2017_73798,5.5,0,1122.7727272727273,1201.0
36081,2017,2017_73799,0.25,0,379.0,379.0
36081,2017,2017_73800,6.5,0,303.5769230769231,306.0
36081,2017,2017_73801,2.25,0,251.66666666666663,311.0
36081,2017,2017_73802,3.0,0,1730.3333333333333,1881.0
36081,2017,2017_73803,0.5,0,348.5,349.0
36081,2017,2017_73804,0.5,0,511.0,512.0
36081,2017,2017_73805,0.5,0,279.5,280.0
36081,2017,2017_73806,1.25,0,1629.4,2114.0
36081,2017,2017_73807,0.5,0,225.5,226.0
36081,2017,2017_73808,2.0,0,201.25,202.0
36081,2017,2017_73809,1.75,0,554.1428571428571,581.0
36081,2017,2017_73810,0.75,0,228.66666666666663,231.0
36081,2017,2017_73811,0.25,0,213.0,213.0
36081,2017,2017_73812,0.25,0,251.0,251.0
36081,2017,2017_73813,0.75,0,200.0,200.0
36081,2017,2017_73814,1.25,0,225.6,240.0
36081,2017,2017_73815,0.25,0,203.0,203.0
36081,2017,2017_73816,0.25,0,203.0,203.0
36081,2017,2017_73817,0.5,0,431.0,431.0
36081,2017,2017_73818,2.0,0,291.0,373.0
36081,2017,2017_73819,3.0,0,341.0,469.0
36081,2017,2017_73820,1.75,0,760.1428571428571,930.0
36081,2017,2017_New York-0,1.5,1,801.8333333333334,926.0
36081,2017,2017_New York-1,1.5,1,801.8333333333334,926.0
36081,2017,2017_New York-2,1.25,0,1629.4,2114.0
36081,2017,2017_New York-3,0.5,0,225.5,226.0
36081,2017,2017_New York-4,1.75,0,760.1428571428571,930.0
36081,2018,2018_93131,0.5,0,1150.5,1373.0
36081,2018,2018_93132,0.25,0,1480.0,1480.0
36081,2018,2018_93133,0.25,0,1737.0,1737.0
36081,2018,2018_93134,4.0,0,1240.3125,1744.0
36081,2018,2018_93135,1.25,0,229.2,258.0
36081,2018,2018_93136,2.5,0,589.7,886.0
36081,2018,2018_93137,1.0,0,593.0,731.0
36081,2018,2018_93138,1.0,0,322.5,324.0
36081,2018,2018_93139,0.25,0,328.0,328.0
36081,2018,2018_93140,1.25,0,311.8,330.0
36081,2018,2018_93141,1.25,0,455.6,514.0
36081,2018,2018_93142,3.25,0,4641.538461538462,4873.0
36081,2018,2018_93143,0.25,0,223.0,223.0
36081,2018,2018_93144,0.25,0,224.0,224.0
36081,2018,2018_93145,4.0,0,257.5625,327.0
36081,2018,2018_93146,2.0,0,225.0,244.0
36081,2018,2018_93147,6.25,0,290.16,520.0
36081,2018,2018_93148,19.75,0,646.506329113924,2030.0
36081,2018,2018_93149,1.25,0,203.8,206.0
36081,2018,2018_93150,0.25,0,200.0,200.0
36081,2018,2018_93151,1.25,0,208.8,213.0
36081,2018,2018_93152,13.0,0,365.2692307692308,554.0
36081,2018,2018_93153,1.0,0,724.0,1847.0
36081,2018,2018_93154,1.5,0,281.3333333333333,283.0
36081,2018,2018_93155,0.25,0,206.0,206.0
36081,2018,2018_93156,6.25,0,400.8,412.0
36081,2018,2018_93157,0.25,0,389.0,389.0
36081,2018,2018_93158,0.25,0,387.0,387.0
36081,2018,2018_93159,3.0,0,394.25,435.0
36081,2018,2018_93160,11.5,0,247.8695652173913,272.0
36081,2018,2018_93161,1.5,0,970.6666666666666,972.0
36081,2018,2018_93162,0.75,0,223.33333333333337,225.0
36081,2018,2018_93163,0.5,0,1069.0,1069.0
36081,2018,2018_93164,0.25,0,1070.0,1070.0
36081,2018,2018_93165,0.25,0,220.0,220.0
36081,2018,2018_93166,8.5,0,295.0882352941176,480.0
36081,2018,2018_93167,1.5,0,358.6666666666667,361.0
36081,2018,2018_93168,1.75,0,824.8571428571429,1227.0
36081,2018,2018_93169,0.5,0,979.5,980.0
36081,2018,2018_93170,0.25,0,201.0,201.0
36081,2018,2018_93171,2.25,0,453.0,458.0
36081,2018,2018_93172,2.75,0,202.1818181818182,204.0
36081,2018,2018_93173,2.25,0,201.0,202.0
36081,2018,2018_93174,6.5,0,4532.961538461538,7793.0
36081,2018,2018_93175,0.25,0,7668.0,7668.0
36081,2018,2018_93176,4.25,0,8494.35294117647,9384.0
36081,2018,2018_93177,7.5,0,7146.866666666667,8175.0
36081,2018,2018_93178,5.5,0,6182.772727272727,7132.0
36081,2018,2018_93179,2.75,0,5714.727272727273,6333.0
36081,2018,2018_93180,18.25,0,2818.4520547945203,4790.0
36081,2018,2018_93181,3.75,0,1670.2,2222.0
36081,2018,2018_93182,3.5,0,1014.2857142857144,1153.0
36081,2018,2018_93183,22.0,0,587.1363636363636,1176.0
36081,2018,2018_93184,0.5,0,219.0,221.0
36081,2018,2018_93185,2.5,0,228.8,236.0
36081,2018,2018_93186,0.25,0,215.0,215.0
36081,2018,2018_93187,37.0,0,1279.5608108108108,3482.0
36081,2018,2018_93188,2.0,0,223.25,238.0
36081,2018,2018_93189,0.25,0,226.0,226.0
36081,2018,2018_93190,1.25,0,1004.8,1093.0
36081,2018,2018_93191,1.5,0,230.33333333333337,320.0
36081,2018,2018_93192,3.0,0,409.5,455.0
36081,2018,2018_93193,39.0,0,320.93589743589746,576.0
36081,2018,2018_93194,0.25,0,961.0,961.0
36081,2018,2018_93195,0.5,0,265.0,265.0
36081,2018,2018_93196,1.25,0,267.6,268.0
36081,2018,2018_93197,0.25,0,305.0,305.0
36081,2018,2018_93198,0.5,0,202.0,203.0
36081,2018,2018_93199,1.25,0,596.2,779.0
36081,2018,2018_93200,2.0,0,258.875,278.0
36081,2018,2018_93201,3.25,0,555.8461538461538,854.0
36081,2018,2018_93202,0.5,0,1015.5,1017.0
36081,2018,2018_93203,5.25,0,556.4285714285714,859.0
36081,2018,2018_93204,0.5,0,1435.5,1652.0
36081,2018,2018_93205,6.75,0,657.4814814814815,1395.0
36081,2018,2018_93206,1.25,0,202.2,205.0
36081,2018,2018_93207,5.0,0,319.55,593.0
36081,2018,2018_93208,0.75,0,510.0,536.0
36081,2018,2018_93209,3.5,0,314.7857142857143,317.0
36081,2018,2018_93210,3.0,0,1112.5833333333333,1358.0
36081,2018,2018_93211,0.5,0,201.5,203.0
36081,2018,2018_93212,0.5,0,440.0,441.0
36081,2018,2018_93213,1.25,0,455.2,456.0
36081,2018,2018_93214,1.5,0,697.5,892.0
36081,2018,2018_93215,1.0,0,309.25,312.0
36081,2018,2018_93216,0.25,0,3691.0,3691.0
36081,2018,2018_93217,0.75,0,536.6666666666666,539.0
36081,2018,2018_93218,3.5,0,641.7857142857143,763.0
36081,2018,2018_93219,0.25,0,316.0,316.0
36081,2018,2018_93220,1.0,0,337.75,371.0
36081,2018,2018_93221,2.0,0,592.75,663.0
36081,2018,2018_93222,1.25,0,256.2,259.0
36081,2018,2018_93223,1.25,0,306.2,324.0
36081,2018,2018_93224,5.25,0,639.047619047619,1100.0
36081,2018,2018_93225,1.25,0,796.0,827.0
36081,2018,2018_93226,4.0,0,341.6875,379.0
36081,2018,2018_93227,3.75,0,438.73333333333335,450.0
36081,2018,2018_93228,1.0,0,1917.0,2135.0
36081,2018,2018_93229,4.75,0,1190.2631578947369,1570.0
36081,2018,2018_93230,0.25,0,253.0,253.0
36081,2018,2018_93231,1.75,0,268.7142857142857,273.0
36081,2018,2018_93232,0.75,0,215.66666666666663,217.0
36081,2018,2018_93233,0.25,0,223.0,223.0
36081,2018,2018_93234,7.5,0,375.03333333333336,546.0
36081,2018,2018_93235,0.5,0,242.5,243.0
36081,2018,2018_93236,3.75,0,240.66666666666663,268.0
36081,2018,2018_93237,6.25,0,456.16,778.0
36081,2018,2018_93238,1.5,0,208.0,218.0
36081,2018,2018_93239,3.0,0,972.8333333333334,1053.0
36081,2018,2018_93240,4.75,0,318.7894736842105,397.0
36081,2018,2018_93241,0.25,0,214.0,214.0
36081,2018,2018_93242,1.0,0,216.25,218.0
36081,2018,2018_93243,0.25,0,353.0,353.0
36081,2018,2018_93244,0.75,0,586.0,587.0
36081,2018,2018_93245,2.0,0,730.125,755.0
36081,2018,2018_93246,3.0,0,856.0,905.0
36081,2018,2018_93247,3.25,0,586.0769230769231,896.0
36081,2018,2018_93248,1.5,0,488.3333333333333,505.0
36081,2018,2018_93249,2.5,0,1153.9,1823.0
36081,2018,2018_93250,1.25,0,316.6,334.0
36081,2018,2018_93251,1.5,0,991.3333333333334,1220.0
36081,2018,2018_93252,1.0,0,223.0,226.0
36081,2018,2018_93253,0.25,0,217.0,217.0
36081,2018,2018_93254,0.25,0,428.0,428.0
36081,2018,2018_93255,5.5,0,348.6818181818182,457.0
36081,2018,2018_93256,0.75,0,432.6666666666667,433.0
36081,2018,2018_93257,5.0,0,806.35,3008.0
36081,2018,2018_93258,0.75,0,209.33333333333337,210.0
36081,2018,2018_93259,0.25,0,384.0,384.0
36081,2018,2018_93260,3.75,0,427.26666666666665,650.0
36081,2018,2018_93261,0.75,0,241.33333333333337,246.0
36081,2018,2018_93262,4.75,0,519.421052631579,571.0
36081,2018,2018_93263,3.0,0,400.0,470.0
36081,2018,2018_93264,2.25,0,255.22222222222223,337.0
36081,2018,2018_93265,1.5,0,867.5,896.0
36081,2018,2018_93266,2.5,0,335.8,348.0
36081,2018,2018_93267,2.25,0,346.3333333333333,348.0
36081,2018,2018_93268,15.25,0,1033.327868852459,2882.0
36081,2018,2018_93269,1.5,0,457.5,481.0
36081,2018,2018_93270,3.0,0,279.25,331.0
36081,2018,2018_93271,1.75,0,1406.7142857142858,1503.0
36081,2018,2018_93272,1.25,0,310.6,311.0
36081,2018,2018_93273,0.5,0,317.0,318.0
36081,2018,2018_93274,2.25,0,240.22222222222223,246.0
36081,2018,2018_93275,0.25,0,231.0,231.0
36081,2018,2018_93276,1.75,0,233.1428571428571,235.0
36081,2018,2018_93277,1.25,0,247.0,269.0
36081,2018,2018_93278,0.75,0,267.3333333333333,286.0
36081,2018,2018_93279,4.0,0,287.625,341.0
36081,2018,2018_93280,1.75,0,240.28571428571428,241.0
36081,2018,2018_93281,0.25,0,203.0,203.0
36081,2018,2018_93282,1.75,0,325.57142857142856,332.0
36081,2018,2018_93283,17.25,0,1500.768115942029,6252.0
36081,2018,2018_93284,3.0,0,242.58333333333337,273.0
36081,2018,2018_93285,0.75,0,206.0,210.0
36081,2018,2018_93286,1.25,0,1281.8,1315.0
36081,2018,2018_93287,3.75,0,270.06666666666666,392.0
36081,2018,2018_93288,4.5,0,283.6666666666667,414.0
36081,2018,2018_93289,3.75,0,370.4,453.0
36081,2018,2018_93290,1.5,0,506.3333333333333,533.0
36081,2018,2018_93291,1.25,0,224.4,225.0
36081,2018,2018_93292,1.5,0,237.5,252.0
36081,2018,2018_93293,4.75,0,1518.578947368421,1767.0
36081,2018,2018_93294,2.25,0,255.33333333333337,256.0
36081,2018,2018_93295,0.25,0,979.0,979.0
36081,2018,2018_93296,1.0,0,339.25,340.0
36081,2018,2018_93297,0.5,0,723.5,797.0
36081,2018,2018_93298,0.75,0,221.33333333333337,234.0
36081,2018,2018_93299,0.25,0,454.0,454.0
36081,2018,2018_93300,0.25,0,1093.0,1093.0
36081,2018,2018_93301,0.25,0,235.0,235.0
36081,2018,2018_93302,2.0,0,907.625,908.0
36081,2018,2018_93303,0.25,0,609.0,609.0
36081,2018,2018_93304,0.5,0,207.0,210.0
36081,2018,2018_93305,0.25,0,205.0,205.0
36081,2018,2018_93306,3.75,0,636.4666666666667,901.0
36081,2018,2018_93307,0.75,0,256.3333333333333,257.0
36081,2018,2018_93308,0.25,0,687.0,687.0
36081,2018,2018_93309,0.5,0,357.5,358.0
36081,2018,2018_93310,0.25,0,411.0,411.0
36081,2018,2018_93311,0.5,0,664.5,665.0
36081,2018,2018_93312,1.25,0,889.6,1948.0
36081,2018,2018_93313,0.5,0,868.0,1467.0
36081,2018,2018_93314,3.0,0,241.33333333333337,247.0
36081,2018,2018_93315,0.25,0,204.0,204.0
36081,2018,2018_93316,4.25,0,244.1764705882353,299.0
36081,2018,2018_93317,1.0,0,202.5,203.0
36081,2018,2018_93318,3.0,0,267.25,271.0
36081,2018,2018_93319,0.5,0,220.0,221.0
36081,2018,2018_93320,15.25,0,624.9016393442623,1685.0
36081,2018,2018_93321,1.75,0,942.0,950.0
36081,2018,2018_93322,2.75,0,364.0,445.0
36081,2018,2018_93323,0.5,0,279.0,280.0
36081,2018,2018_93324,0.5,0,229.0,229.0
36081,2018,2018_93325,1.5,0,270.6666666666667,272.0
36081,2018,2018_93326,2.5,0,387.1,445.0
36081,2018,2018_93327,1.75,0,323.7142857142857,342.0
36081,2018,2018_93328,1.75,0,339.0,415.0
36081,2018,2018_93329,2.25,0,265.8888888888889,296.0
36081,2018,2018_93330,2.25,0,1473.5555555555557,1556.0
36081,2018,2018_93331,2.75,0,265.3636363636364,314.0
36081,2018,2018_93332,1.5,0,703.8333333333334,963.0
36081,2018,2018_93333,1.25,0,787.2,792.0
36081,2018,2018_93334,2.25,0,1176.3333333333333,1581.0
36081,2018,2018_New York-0,6.5,1,4532.961538461538,7793.0
36081,2018,2018_New York-1,6.5,1,4532.961538461538,7793.0
36081,2018,2018_New York-10,3.75,1,427.26666666666665,650.0
36081,2018,2018_New York-13,0.5,0,1150.5,1373.0
36081,2018,2018_New York-14,0.75,0,510.0,536.0
36081,2018,2018_New York-2,3.25,1,555.8461538461538,854.0
36081,2018,2018_New York-4,3.0,1,1112.5833333333333,1358.0
36081,2018,2018_New York-5,6.5,1,4532.961538461538,7793.0
36081,2018,2018_New York-6,2.0,0,223.25,238.0
36081,2018,2018_New York-7,3.0,1,1112.5833333333333,1358.0
36081,2018,2018_New York-8,6.5,1,4532.961538461538,7793.0
36081,2018,2018_New York-9,4.75,0,1190.2631578947369,1570.0
36081,2019,2019_95794,1.25,0,477.6,497.0
36081,2019,2019_95795,0.25,0,681.0,681.0
36081,2019,2019_95796,2.5,0,1195.8,1569.0
36081,2019,2019_95797,0.25,0,322.0,322.0
36081,2019,2019_95798,0.25,0,207.0,207.0
36081,2019,2019_95799,2.0,0,372.75,465.0
36081,2019,2019_95800,1.25,0,247.8,253.0
36081,2019,2019_95801,2.0,0,230.5,238.0
36081,2019,2019_95802,4.25,0,367.2941176470589,570.0
36081,2019,2019_95803,0.5,0,240.5,242.0
36081,2019,2019_95804,0.25,0,242.0,242.0
36081,2019,2019_95805,0.25,0,216.0,216.0
36081,2019,2019_95806,2.25,0,317.22222222222223,321.0
36081,2019,2019_95807,0.25,0,297.0,297.0
36081,2019,2019_95808,9.5,0,245.44736842105263,330.0
36081,2019,2019_95809,10.0,0,424.275,585.0
36081,2019,2019_95810,2.0,0,203.0,205.0
36081,2019,2019_95811,1.25,0,248.0,256.0
36081,2019,2019_95812,0.75,0,415.3333333333333,416.0
36081,2019,2019_95813,4.0,0,1194.0,1878.0
36081,2019,2019_95814,2.5,0,223.2,255.0
36081,2019,2019_95815,0.25,0,209.0,209.0
36081,2019,2019_95816,0.75,0,209.66666666666663,213.0
36081,2019,2019_95817,2.75,0,220.1818181818182,231.0
36081,2019,2019_95818,2.0,0,590.0,626.0
36081,2019,2019_95819,1.5,0,539.8333333333334,610.0
36081,2019,2019_95820,4.75,0,503.5263157894737,805.0
36081,2019,2019_95821,0.25,0,207.0,207.0
36081,2019,2019_95822,2.0,0,878.75,1166.0
36081,2019,2019_95823,0.75,0,206.0,208.0
36081,2019,2019_95824,1.25,0,352.8,369.0
36081,2019,2019_95825,1.25,0,252.0,263.0
36081,2019,2019_95826,10.5,0,324.6190476190476,481.0
36081,2019,2019_95827,61.5,0,417.4756097560976,1133.0
36081,2019,2019_95828,0.5,0,267.5,268.0
36081,2019,2019_95829,2.75,0,475.0,693.0
36081,2019,2019_95830,7.0,0,1176.5,1180.0
36081,2019,2019_95831,0.25,0,245.0,245.0
36081,2019,2019_95832,0.75,0,471.6666666666667,472.0
36081,2019,2019_95833,0.5,0,331.0,387.0
36081,2019,2019_95834,11.25,0,418.22222222222223,434.0
36081,2019,2019_95835,0.75,0,221.66666666666663,223.0
36081,2019,2019_95836,2.0,0,619.375,831.0
36081,2019,2019_95837,2.0,0,361.125,367.0
36081,2019,2019_95838,0.25,0,269.0,269.0
36081,2019,2019_95839,1.25,0,409.6,412.0
36081,2019,2019_95840,0.25,0,201.0,201.0
36081,2019,2019_95841,0.25,0,200.0,200.0
36081,2019,2019_95842,3.0,0,1368.3333333333333,1526.0
36081,2019,2019_95843,0.25,0,285.0,285.0
36081,2019,2019_95844,0.5,0,281.0,281.0
36081,2019,2019_95845,3.75,0,281.6666666666667,289.0
36081,2019,2019_95846,1.0,0,292.0,325.0
36081,2019,2019_95847,0.25,0,294.0,294.0
36081,2019,2019_95848,1.0,0,1036.5,1038.0
36081,2019,2019_95849,0.5,0,975.5,989.0
36081,2019,2019_95850,1.5,0,415.3333333333333,472.0
36081,2019,2019_95851,0.25,0,221.0,221.0
36081,2019,2019_95852,1.75,0,241.28571428571428,242.0
36081,2019,2019_95853,0.75,0,203.33333333333337,204.0
36081,2019,2019_95854,1.25,0,476.4,477.0
36081,2019,2019_95855,1.25,0,504.2,512.0
36081,2019,2019_95856,0.25,0,356.0,356.0
36081,2019,2019_95857,2.5,0,280.9,357.0
36081,2019,2019_95858,1.25,0,219.0,219.0
36081,2019,2019_95859,0.25,0,297.0,297.0
36081,2019,2019_95860,0.25,0,361.0,361.0
36081,2019,2019_95861,1.0,0,279.75,295.0
36081,2019,2019_95862,3.0,0,844.9166666666666,850.0
36081,2019,2019_95863,1.75,0,2045.2857142857144,2770.0
36081,2019,2019_95864,2.0,0,943.875,1253.0
36081,2019,2019_95865,0.75,0,233.0,233.0
36081,2019,2019_95866,2.75,0,864.2727272727273,871.0
36081,2019,2019_95867,0.75,0,505.3333333333333,797.0
36081,2019,2019_95868,1.5,0,368.6666666666667,391.0
36081,2019,2019_95869,0.25,0,274.0,274.0
36081,2019,2019_95870,2.0,0,245.5,266.0
36081,2019,2019_95871,1.5,0,314.0,364.0
36081,2019,2019_95872,1.5,0,205.0,206.0
36081,2019,2019_95873,0.5,0,200.0,200.0
36081,2019,2019_95874,0.25,0,200.0,200.0
36081,2019,2019_95875,1.75,0,253.57142857142856,270.0
36081,2019,2019_95876,3.75,0,783.3333333333334,787.0
36081,2019,2019_95877,0.25,0,221.0,221.0
36081,2019,2019_95878,1.25,0,434.6,436.0
36081,2019,2019_95879,3.5,0,760.7857142857143,960.0
36081,2019,2019_95880,6.25,0,849.08,1390.0
36081,2019,2019_95881,2.25,0,549.8888888888889,638.0
36081,2019,2019_95882,1.25,0,212.6,214.0
36081,2019,2019_95883,0.75,0,311.6666666666667,313.0
36081,2019,2019_95884,3.0,0,221.08333333333337,228.0
36081,2019,2019_95885,0.25,0,216.0,216.0
36081,2019,2019_95886,10.0,0,220.725,249.0
36081,2019,2019_95887,5.5,0,450.1818181818182,482.0
36081,2019,2019_95888,0.75,0,398.6666666666667,399.0
36081,2019,2019_95889,2.0,0,1950.0,2692.0
36081,2019,2019_95890,5.0,0,524.9,613.0
36081,2019,2019_95891,0.25,0,212.0,212.0
36081,2019,2019_95892,2.25,0,317.3333333333333,398.0
36081,2019,2019_95893,0.75,0,385.0,385.0
36081,2019,2019_95894,0.5,0,210.0,219.0
36081,2019,2019_95895,1.0,0,296.0,297.0
36081,2019,2019_95896,0.25,0,284.0,284.0
36081,2019,2019_95897,19.5,0,770.0128205128206,1804.0
36081,2019,2019_95898,2.25,0,211.22222222222223,218.0
36081,2019,2019_95899,4.0,0,1413.625,2240.0
36081,2019,2019_95900,50.5,0,3489.430693069307,18381.0
36081,2019,2019_95901,24.25,0,4270.082474226804,10435.0
36081,2019,2019_95902,1.25,0,209.0,215.0
36081,2019,2019_95903,0.25,0,310.0,310.0
36081,2019,2019_95904,1.0,0,202.25,203.0
36081,2019,2019_95905,0.75,0,267.3333333333333,282.0
36081,2019,2019_95906,1.5,0,261.8333333333333,262.0
36081,2019,2019_95907,3.5,0,239.3571428571429,251.0
36081,2019,2019_95908,4.25,0,456.3529411764706,515.0
36081,2019,2019_95909,0.25,0,202.0,202.0
36081,2019,2019_95910,0.5,0,201.0,201.0
36081,2019,2019_95911,1.25,0,524.0,528.0
36081,2019,2019_95912,0.25,0,257.0,257.0
36081,2019,2019_95913,0.25,0,370.0,370.0
36081,2019,2019_95914,1.75,0,437.42857142857144,506.0
36081,2019,2019_95915,1.75,0,318.57142857142856,392.0
36081,2019,2019_95916,1.0,0,1074.0,1351.0
36081,2019,2019_95917,5.25,0,883.047619047619,1173.0
36081,2019,2019_95918,1.5,0,636.0,689.0
36081,2019,2019_95919,1.25,0,1241.8,1244.0
36081,2019,2019_95920,0.5,0,609.5,622.0
36081,2019,2019_95921,1.0,0,286.5,314.0
36081,2019,2019_95922,0.5,0,504.5,507.0
36081,2019,2019_95923,2.5,0,221.8,226.0
36081,2019,2019_95924,0.5,0,295.0,295.0
36081,2019,2019_95925,1.25,0,441.2,442.0
36081,2019,2019_95926,1.25,0,209.0,236.0
36081,2019,2019_95927,2.25,0,244.55555555555551,248.0
36081,2019,2019_95928,0.5,0,219.0,219.0
36081,2019,2019_95929,1.25,0,1047.8,1049.0
36081,2019,2019_95930,1.5,0,822.6666666666666,1809.0
36081,2019,2019_95931,0.25,0,677.0,677.0
36081,2019,2019_95932,1.0,0,230.5,232.0
36081,2019,2019_95933,3.25,0,1073.3846153846157,1943.0
36081,2019,2019_95934,0.25,0,393.0,393.0
36081,2019,2019_95935,19.75,0,632.0886075949367,1359.0
36081,2019,2019_95936,2.5,0,298.0,300.0
36081,2019,2019_95937,3.25,0,732.3846153846154,1493.0
36081,2019,2019_95938,0.75,0,202.0,202.0
36081,2019,2019_95939,4.25,0,860.5294117647059,1055.0
36081,2019,2019_95940,13.5,0,1280.037037037037,3579.0
36081,2019,2019_95941,0.25,0,514.0,514.0
36081,2019,2019_95942,1.75,0,309.2857142857143,314.0
36081,2019,2019_95943,2.0,0,266.125,274.0
36081,2019,2019_95944,0.25,0,1504.0,1504.0
36081,2019,2019_95945,0.25,0,844.0,844.0
36081,2019,2019_95946,1.75,0,413.1428571428572,447.0
36081,2019,2019_95947,0.75,0,1092.0,1094.0
36081,2019,2019_95948,1.75,0,294.57142857142856,337.0
36081,2019,2019_95949,1.5,0,1165.0,1166.0
36081,2019,2019_95950,1.25,0,289.0,289.0
36081,2019,2019_95951,0.25,0,241.0,241.0
36081,2019,2019_95952,0.25,0,727.0,727.0
36081,2019,2019_95953,1.25,0,273.4,294.0
36081,2019,2019_95954,0.25,0,368.0,368.0
36081,2019,2019_95955,2.0,0,237.625,243.0
36081,2019,2019_95956,1.0,0,1400.5,1442.0
36081,2019,2019_95957,1.0,0,282.25,307.0
36081,2019,2019_95958,1.25,0,216.8,221.0
36081,2019,2019_95959,4.5,0,213.16666666666663,225.0
36081,2019,2019_95960,0.25,0,322.0,322.0
36081,2019,2019_95961,5.0,0,499.7,622.0
36081,2019,2019_95962,0.25,0,367.0,367.0
36081,2019,2019_95963,2.25,0,232.0,238.0
36081,2019,2019_95964,9.0,0,348.22222222222223,648.0
36081,2019,2019_95965,1.25,0,217.8,222.0
36081,2019,2019_95966,3.75,0,564.6666666666666,904.0
36081,2019,2019_95967,0.75,0,352.3333333333333,447.0
36081,2019,2019_95968,1.0,0,2196.0,2202.0
36081,2019,2019_95969,1.25,0,302.4,309.0
36081,2019,2019_95970,0.25,0,312.0,312.0
36081,2019,2019_95971,3.75,0,301.26666666666665,328.0
36081,2019,2019_95972,0.25,0,324.0,324.0
36081,2019,2019_95973,2.0,0,249.5,368.0
36081,2019,2019_New York-0,13.5,1,1280.037037037037,3579.0
36081,2019,2019_New York-1,24.25,1,4270.082474226804,10435.0
36081,2019,2019_New York-2,11.25,0,418.22222222222223,434.0
36081,2019,2019_New York-3,2.5,0,298.0,300.0
36081,2019,2019_New York-4,13.5,1,1280.037037037037,3579.0
36081,2019,2019_New York-5,0.25,0,514.0,514.0
36081,2019,2019_New York-7,5.5,1,450.1818181818182,482.0
36081,2019,2019_New York-9,1.0,0,1074.0,1351.0
36081,2020,2020_101457,6.75,0,209.8148148148148,230.0
36081,2020,2020_101458,0.25,0,200.0,200.0
36081,2020,2020_101459,0.75,0,446.0,461.0
36081,2020,2020_101460,0.5,0,296.0,296.0
36081,2020,2020_101461,0.75,0,398.6666666666667,399.0
36081,2020,2020_101462,1.5,0,954.5,1151.0
36081,2020,2020_101463,1.25,0,540.2,542.0
36081,2020,2020_101464,2.5,0,247.0,249.0
36081,2020,2020_101465,0.75,0,222.33333333333337,226.0
36081,2020,2020_101466,0.25,0,222.0,222.0
36081,2020,2020_101467,1.0,0,214.0,217.0
36081,2020,2020_101468,9.75,0,304.8205128205128,517.0
36081,2020,2020_101469,2.5,0,908.9,1147.0
36081,2020,2020_101470,0.5,0,517.5,527.0
36081,2020,2020_101471,2.0,0,274.125,276.0
36081,2020,2020_101472,6.75,0,555.4444444444445,1133.0
36081,2020,2020_101473,2.0,0,274.875,279.0
36081,2020,2020_101474,1.75,0,326.42857142857144,754.0
36081,2020,2020_101475,0.25,0,701.0,701.0
36081,2020,2020_101476,3.75,0,1119.7333333333331,1676.0
36081,2020,2020_101477,0.25,0,957.0,957.0
36081,2020,2020_101478,1.75,0,296.57142857142856,298.0
36081,2020,2020_101479,1.75,0,822.4285714285714,978.0
36081,2020,2020_101480,1.25,0,366.6,391.0
36081,2020,2020_101481,0.25,0,967.0,967.0
36081,2020,2020_101482,1.0,0,481.0,571.0
36081,2020,2020_101483,1.75,0,365.7142857142857,424.0
36081,2020,2020_101484,4.25,0,238.8235294117647,311.0
36081,2020,2020_101485,9.25,0,294.8378378378378,343.0
36081,2020,2020_101486,0.75,0,261.6666666666667,262.0
36081,2020,2020_101487,0.5,0,260.0,260.0
36081,2020,2020_101488,0.75,0,920.6666666666666,921.0
36081,2020,2020_101489,0.5,0,674.0,674.0
36081,2020,2020_101490,0.75,0,1203.3333333333333,1204.0
36081,2020,2020_101491,0.25,0,288.0,288.0
36081,2020,2020_101492,13.75,0,817.2,1997.0
36081,2020,2020_101493,0.75,0,232.66666666666663,233.0
36081,2020,2020_101494,0.25,0,213.0,213.0
36081,2020,2020_101495,0.25,0,201.0,201.0
36081,2020,2020_101496,3.5,0,321.2142857142857,323.0
36081,2020,2020_101497,0.25,0,536.0,536.0
36081,2020,2020_101498,1.0,0,683.5,1015.0
36081,2020,2020_101499,0.25,0,640.0,640.0
36081,2020,2020_101500,1.75,0,317.85714285714283,330.0
36081,2020,2020_101501,0.25,0,243.0,243.0
36081,2020,2020_101502,3.5,0,510.07142857142856,530.0
36081,2020,2020_101503,0.5,0,254.0,254.0
36081,2020,2020_101504,1.25,0,438.0,489.0
36081,2020,2020_101505,0.5,0,464.5,466.0
36081,2020,2020_101506,0.5,0,242.5,244.0
36081,2020,2020_101507,0.5,0,214.5,215.0
36081,2020,2020_101508,1.25,0,337.6,342.0
36081,2020,2020_101509,1.5,0,574.1666666666666,681.0
36081,2020,2020_101510,2.0,0,233.875,236.0
36081,2020,2020_101511,0.5,0,617.0,617.0
36081,2020,2020_101512,1.75,0,418.57142857142856,433.0
36081,2020,2020_101513,1.5,0,306.8333333333333,307.0
36081,2020,2020_101514,0.5,0,240.5,242.0
36081,2020,2020_101515,3.25,0,234.6153846153846,239.0
36081,2020,2020_101516,3.5,0,234.1428571428571,260.0
36081,2020,2020_101517,2.25,0,318.3333333333333,332.0
36081,2020,2020_101518,0.25,0,243.0,243.0
36081,2020,2020_101519,2.0,0,596.625,1227.0
36081,2020,2020_101520,2.0,0,886.75,982.0
36081,2020,2020_101521,2.75,0,274.45454545454544,364.0
36081,2020,2020_101522,1.0,0,630.25,1655.0
36081,2020,2020_101523,1.0,0,555.75,588.0
36081,2020,2020_101524,1.75,0,384.1428571428572,444.0
36081,2020,2020_101525,2.75,0,4561.181818181818,6313.0
36081,2020,2020_101526,0.75,0,898.6666666666666,959.0
36081,2020,2020_101527,1.75,0,625.0,703.0
36081,2020,2020_101528,3.25,0,291.0,337.0
36081,2020,2020_101529,22.5,0,909.7555555555556,2106.0
36081,2020,2020_101530,0.25,0,209.0,209.0
36081,2020,2020_101531,1.25,0,573.2,607.0
36081,2020,2020_101532,2.0,0,457.625,478.0
36081,2020,2020_101533,4.0,0,242.125,290.0
36081,2020,2020_101534,0.25,0,270.0,270.0
36081,2020,2020_101535,1.25,0,364.8,558.0
36081,2020,2020_101536,0.5,0,379.0,523.0
36081,2020,2020_101537,20.75,0,1169.3855421686746,1906.0
36081,2020,2020_101538,2.5,0,445.0,1205.0
36081,2020,2020_101539,0.25,0,200.0,200.0
36081,2020,2020_101540,1.25,0,200.8,202.0
36081,2020,2020_101541,0.25,0,209.0,209.0
36081,2020,2020_101542,20.5,0,1557.5,3467.0
36081,2020,2020_101543,1.25,0,277.8,326.0
36081,2020,2020_101544,4.5,0,424.1111111111111,510.0
36081,2020,2020_101545,2.5,0,286.9,309.0
36081,2020,2020_101546,1.25,0,353.0,523.0
36081,2020,2020_101547,0.25,0,218.0,218.0
36081,2020,2020_101548,1.0,0,222.0,226.0
36081,2020,2020_101549,0.25,0,220.0,220.0
36081,2020,2020_101550,17.25,0,737.7826086956521,1238.0
36081,2020,2020_101551,6.25,0,360.48,524.0
36081,2020,2020_101552,4.25,0,211.8235294117647,224.0
36081,2020,2020_101553,19.25,0,343.6233766233766,571.0
36081,2020,2020_101554,5.75,0,253.5217391304348,280.0
36081,2020,2020_101555,2.75,0,336.54545454545456,466.0
36081,2020,2020_101556,0.5,0,203.0,203.0
36081,2020,2020_101557,224.25,0,17997.706800445932,52750.0
36081,2020,2020_101558,0.75,0,213.33333333333337,221.0
36081,2020,2020_101559,2.75,0,598.7272727272727,1399.0
36081,2020,2020_101560,3.0,0,241.0,241.0
36081,2020,2020_101561,0.75,0,241.0,241.0
36081,2020,2020_101562,4.5,0,1601.2222222222222,3634.0
36081,2020,2020_101563,0.25,0,4481.0,4481.0
36081,2020,2020_101564,5.25,0,742.952380952381,1435.0
36081,2020,2020_101565,4.5,0,781.3888888888889,1190.0
36081,2020,2020_101566,0.25,0,200.0,200.0
36081,2020,2020_101567,1.25,0,205.4,207.0
36081,2020,2020_101568,2.0,0,222.0,228.0
36081,2020,2020_101569,0.25,0,611.0,611.0
36081,2020,2020_101570,3.0,0,306.75,324.0
36081,2020,2020_101571,2.5,0,231.4,249.0
36081,2020,2020_101572,11.25,0,755.9777777777778,1951.0
36081,2020,2020_101573,8.0,0,280.625,333.0
36081,2020,2020_101574,2.75,0,407.54545454545456,614.0
36081,2020,2020_101575,5.0,0,324.8,488.0
36081,2020,2020_101576,14.25,0,704.4912280701755,1176.0
36081,2020,2020_101577,2.5,0,248.4,262.0
36081,2020,2020_101578,4.0,0,311.6875,369.0
36081,2020,2020_101579,2.25,0,876.6666666666666,890.0
36081,2020,2020_101580,1.5,0,313.0,350.0
36081,2020,2020_101581,0.5,0,284.5,308.0
36081,2020,2020_101582,1.75,0,261.2857142857143,262.0
36081,2020,2020_101583,1.75,0,263.42857142857144,269.0
36081,2020,2020_101584,1.25,0,230.8,231.0
36081,2020,2020_101585,6.0,0,913.7916666666666,1877.0
36081,2020,2020_101586,1.5,0,293.3333333333333,347.0
36081,2020,2020_101587,3.0,0,247.08333333333337,249.0
36081,2020,2020_101588,0.5,0,275.5,276.0
36081,2020,2020_101589,0.75,0,215.33333333333337,216.0
36081,2020,2020_101590,1.25,0,1107.2,1116.0
36081,2020,2020_101591,1.75,0,383.42857142857144,414.0
36081,2020,2020_101592,0.5,0,458.0,464.0
36081,2020,2020_101593,1.5,0,208.0,208.0
36081,2020,2020_101594,1.75,0,389.42857142857144,414.0
36081,2020,2020_101595,0.25,0,266.0,266.0
36081,2020,2020_101596,0.5,0,240.0,241.0
36081,2020,2020_101597,5.5,0,664.9090909090909,934.0
36081,2020,2020_101598,1.0,0,697.0,697.0
36081,2020,2020_101599,2.25,0,771.6666666666666,2652.0
36081,2020,2020_101600,4.0,0,303.125,310.0
36081,2020,2020_101601,0.25,0,311.0,311.0
36081,2020,2020_101602,1.25,0,382.4,416.0
36081,2020,2020_101603,9.0,0,599.8333333333334,1403.0
36081,2020,2020_101604,1.25,0,1482.0,1482.0
36081,2020,2020_101605,0.25,0,729.0,729.0
36081,2020,2020_101606,0.25,0,321.0,321.0
36081,2020,2020_101607,8.0,0,1060.125,1560.0
36081,2020,2020_101608,0.5,0,308.0,308.0
36081,2020,2020_101609,1.25,0,505.4,535.0
36081,2020,2020_101610,0.5,0,802.5,803.0
36081,2020,2020_101611,3.0,0,368.1666666666667,485.0
36081,2020,2020_101612,0.75,0,869.0,870.0
36081,2020,2020_101613,0.25,0,218.0,218.0
36081,2020,2020_101614,0.25,0,236.0,236.0
36081,2020,2020_101615,0.5,0,269.0,269.0
36081,2020,2020_101616,0.75,0,277.3333333333333,278.0
36081,2020,2020_101617,2.25,0,387.6666666666667,431.0
36081,2020,2020_101618,2.0,0,297.875,299.0
36081,2020,2020_101619,2.0,0,362.5,417.0
36081,2020,2020_101620,145.5,0,632.6305841924399,1502.0
36081,2020,2020_101621,8.75,0,265.51428571428573,305.0
36081,2020,2020_101622,8.75,0,293.1714285714286,424.0
36081,2020,2020_101623,15.5,0,1027.0967741935483,1664.0
36081,2020,2020_101624,2.5,0,446.1,476.0
36081,2020,2020_101625,1.25,0,591.4,774.0
36081,2020,2020_101626,1.5,0,225.66666666666663,233.0
36081,2020,2020_101627,2.5,0,334.4,372.0
36081,2020,2020_101628,1.5,0,343.3333333333333,345.0
36081,2020,2020_New York-0,6.75,1,555.4444444444445,1133.0
36081,2020,2020_New York-1,1.75,0,296.57142857142856,298.0
36081,2020,2020_New York-10,4.0,0,242.125,290.0
36081,2020,2020_New York-12,0.75,1,215.33333333333337,216.0
36081,2020,2020_New York-14,1.25,1,438.0,489.0
36081,2020,2020_New York-2,4.0,0,242.125,290.0
36081,2020,2020_New York-4,2.5,0,286.9,309.0
36081,2021,2021_100963,1.75,0,1114.7142857142858,1415.0
36081,2021,2021_100964,1.75,0,265.0,265.0
36081,2021,2021_100965,0.25,0,263.0,263.0
36081,2021,2021_100966,1.25,0,2557.8,2611.0
36081,2021,2021_100967,4.75,0,358.0,377.0
36081,2021,2021_100968,3.25,0,252.92307692307693,260.0
36081,2021,2021_100969,1.0,0,351.25,380.0
36081,2021,2021_100970,0.25,0,248.0,248.0
36081,2021,2021_100971,2.75,0,305.3636363636364,310.0
36081,2021,2021_100972,3.0,0,1725.25,2504.0
36081,2021,2021_100973,0.25,0,234.0,234.0
36081,2021,2021_100974,0.5,0,253.5,254.0
36081,2021,2021_100975,1.25,0,267.4,333.0
36081,2021,2021_100976,0.25,0,255.0,255.0
36081,2021,2021_100977,7.25,0,278.2068965517241,296.0
36081,2021,2021_100978,0.25,0,202.0,202.0
36081,2021,2021_100979,2.25,0,407.8888888888889,485.0
36081,2021,2021_100980,0.25,0,208.0,208.0
36081,2021,2021_100981,3.0,0,226.58333333333337,243.0
36081,2021,2021_100982,7.75,0,255.3870967741935,491.0
36081,2021,2021_100983,14.25,0,502.9122807017544,670.0
36081,2021,2021_100984,2.5,0,697.6,749.0
36081,2021,2021_100985,44.0,0,750.6875,3276.0
36081,2021,2021_100986,32.5,0,538.6538461538462,1019.0
36081,2021,2021_100987,9.25,0,359.81081081081084,1302.0
36081,2021,2021_100988,3.75,0,241.6,270.0
36081,2021,2021_100989,12.75,0,364.6078431372549,559.0
36081,2021,2021_100990,18.75,0,282.84,390.0
36081,2021,2021_100991,1.5,0,257.6666666666667,337.0
36081,2021,2021_100992,1.5,0,219.0,220.0
36081,2021,2021_100993,16.5,0,389.8484848484849,951.0
36081,2021,2021_100994,2.0,0,264.875,266.0
36081,2021,2021_100995,2.0,0,889.625,1013.0
36081,2021,2021_100996,1.0,0,225.75,242.0
36081,2021,2021_100997,2.5,0,212.5,226.0
36081,2021,2021_100998,6.25,0,305.8,327.0
36081,2021,2021_100999,0.5,0,208.5,209.0
36081,2021,2021_101000,73.0,0,460.986301369863,809.0
36081,2021,2021_101001,1.0,0,354.25,399.0
36081,2021,2021_101002,2.5,0,395.8,435.0
36081,2021,2021_101003,1.25,0,218.4,226.0
36081,2021,2021_101004,15.75,0,477.5396825396826,698.0
36081,2021,2021_101005,0.25,0,201.0,201.0
36081,2021,2021_101006,2.25,0,740.1111111111111,769.0
36081,2021,2021_101007,2.5,0,310.4,331.0
36081,2021,2021_101008,0.5,0,1127.0,1127.0
36081,2021,2021_101009,0.25,0,1139.0,1139.0
36081,2021,2021_101010,2.75,0,1186.4545454545455,1208.0
36081,2021,2021_101011,2.75,0,960.6363636363636,1459.0
36081,2021,2021_101012,1.75,0,285.57142857142856,299.0
36081,2021,2021_101013,0.5,0,428.0,428.0
36081,2021,2021_101014,0.25,0,469.0,469.0
36081,2021,2021_101015,1.75,0,568.0,1399.0
36081,2021,2021_101016,1.5,0,381.0,384.0
36081,2021,2021_101017,1.5,0,1193.6666666666667,1452.0
36081,2021,2021_101018,3.0,0,589.6666666666666,652.0
36081,2021,2021_101019,1.0,0,201.0,202.0
36081,2021,2021_101020,2.5,0,259.6,268.0
36081,2021,2021_101021,0.25,0,206.0,206.0
36081,2021,2021_101022,0.25,0,711.0,711.0
36081,2021,2021_101023,0.75,0,611.0,613.0
36081,2021,2021_101024,0.25,0,200.0,200.0
36081,2021,2021_101025,0.75,0,354.6666666666667,362.0
36081,2021,2021_101026,1.0,0,395.75,547.0
36081,2021,2021_101027,0.75,0,232.0,262.0
36081,2021,2021_101028,0.25,0,305.0,305.0
36081,2021,2021_101029,6.75,0,463.8148148148149,682.0
36081,2021,2021_101030,2.25,0,1044.2222222222222,1358.0
36081,2021,2021_101031,1.5,0,605.6666666666666,658.0
36081,2021,2021_101032,8.0,0,1172.65625,1217.0
36081,2021,2021_101033,1.25,0,1058.0,1198.0
36081,2021,2021_101034,1.75,0,366.0,389.0
36081,2021,2021_101035,0.75,0,1181.3333333333333,1198.0
36081,2021,2021_101036,9.75,0,1427.820512820513,2483.0
36081,2021,2021_101037,1.5,0,321.3333333333333,394.0
36081,2021,2021_101038,1.0,0,204.5,207.0
36081,2021,2021_101039,0.25,0,206.0,206.0
36081,2021,2021_101040,1.75,0,235.28571428571428,242.0
36081,2021,2021_101041,1.25,0,283.2,285.0
36081,2021,2021_101042,0.5,0,218.0,218.0
36081,2021,2021_101043,0.25,0,229.0,229.0
36081,2021,2021_101044,1.75,0,726.8571428571429,752.0
36081,2021,2021_101045,3.75,0,252.6,270.0
36081,2021,2021_101046,2.25,0,1353.0,1427.0
36081,2021,2021_101047,3.5,0,1393.357142857143,1524.0
36081,2021,2021_101048,0.25,0,627.0,627.0
36081,2021,2021_101049,0.25,0,1441.0,1441.0
36081,2021,2021_101050,5.5,0,293.3181818181818,317.0
36081,2021,2021_101051,1.25,0,432.8,437.0
36081,2021,2021_101052,1.75,0,356.57142857142856,359.0
36081,2021,2021_101053,0.75,0,660.3333333333334,671.0
36081,2021,2021_101054,3.75,0,655.4,682.0
36081,2021,2021_101055,1.0,0,317.25,318.0
36081,2021,2021_101056,2.0,0,333.5,334.0
36081,2021,2021_101057,0.25,0,320.0,320.0
36081,2021,2021_101058,0.5,0,412.0,412.0
36081,2021,2021_101059,1.0,0,386.25,387.0
36081,2021,2021_101060,0.25,0,218.0,218.0
36081,2021,2021_101061,0.5,0,214.5,227.0
36081,2021,2021_101062,0.5,0,218.5,220.0
36081,2021,2021_101063,2.25,0,395.44444444444446,432.0
36081,2021,2021_101064,0.75,0,357.3333333333333,360.0
36081,2021,2021_101065,0.5,0,831.0,831.0
36081,2021,2021_101066,0.25,0,827.0,827.0
36081,2021,2021_101067,0.25,0,272.0,272.0
36081,2021,2021_101068,0.25,0,882.0,882.0
36081,2021,2021_101069,3.5,0,221.28571428571428,222.0
36081,2021,2021_101070,0.5,0,236.0,236.0
36081,2021,2021_101071,2.0,0,434.125,486.0
36081,2021,2021_101072,21.25,0,460.8941176470588,607.0
36081,2021,2021_101073,2.0,0,840.375,904.0
36081,2021,2021_101074,1.25,0,748.0,748.0
36081,2021,2021_101075,0.25,0,215.0,215.0
36081,2021,2021_101076,3.0,0,224.16666666666663,229.0
36081,2021,2021_101077,0.5,0,271.0,271.0
36081,2021,2021_101078,0.25,0,238.0,238.0
36081,2021,2021_101079,0.5,0,936.5,1361.0
36081,2021,2021_101080,1.5,0,632.3333333333334,697.0
36081,2021,2021_101081,2.5,0,495.9,497.0
36081,2021,2021_101082,0.25,0,291.0,291.0
36081,2021,2021_101083,1.5,0,936.5,1329.0
36081,2021,2021_101084,2.5,0,883.2,1178.0
36081,2021,2021_101085,9.5,0,688.3421052631579,1130.0
36081,2021,2021_101086,2.75,0,372.0,521.0
36081,2021,2021_101087,7.75,0,1072.741935483871,1814.0
36081,2021,2021_101088,37.75,0,525.4238410596026,2067.0
36081,2021,2021_101089,0.5,0,297.5,298.0
36081,2021,2021_101090,3.5,0,447.2142857142857,507.0
36081,2021,2021_101091,0.25,0,320.0,320.0
36081,2021,2021_101092,1.25,0,386.2,389.0
36081,2021,2021_101093,2.25,0,435.8888888888889,437.0
36081,2021,2021_101094,21.25,0,1327.0588235294117,5463.0
36081,2021,2021_101095,0.25,0,206.0,206.0
36081,2021,2021_101096,0.25,0,203.0,203.0
36081,2021,2021_101097,0.5,0,234.5,235.0
36081,2021,2021_101098,0.5,0,250.0,250.0
36081,2021,2021_101099,1.25,0,550.0,605.0
36081,2021,2021_101100,1.0,0,453.0,528.0
36081,2021,2021_101101,2.75,0,235.63636363636363,273.0
36081,2021,2021_101102,0.5,0,890.0,895.0
36081,2021,2021_101103,2.75,0,813.6363636363636,1658.0
36081,2021,2021_101104,2.0,0,1467.0,1676.0
36081,2021,2021_101105,3.75,0,2329.4,2583.0
36081,2021,2021_101106,0.5,0,210.5,213.0
36081,2021,2021_101107,5.0,0,1119.6,1519.0
36081,2021,2021_101108,1.25,0,550.6,680.0
36081,2021,2021_101109,1.5,0,232.66666666666663,297.0
36081,2021,2021_101110,0.5,0,494.5,495.0
36081,2021,2021_101111,0.25,0,1209.0,1209.0
36081,2021,2021_101112,0.25,0,632.0,632.0
36081,2021,2021_101113,9.5,0,324.5,480.0
36081,2021,2021_101114,0.75,0,212.66666666666663,216.0
36081,2021,2021_101115,1.5,0,287.1666666666667,304.0
36081,2021,2021_101116,1.0,0,336.25,337.0
36081,2021,2021_101117,3.25,0,277.46153846153845,282.0
36081,2021,2021_101118,1.25,0,794.2,1112.0
36081,2021,2021_101119,3.5,0,212.57142857142856,227.0
36081,2021,2021_101120,1.0,0,212.0,212.0
36081,2021,2021_101121,2.25,0,391.3333333333333,496.0
36081,2021,2021_101122,17.0,0,874.6911764705883,1579.0
36081,2021,2021_101123,0.25,0,268.0,268.0
36081,2021,2021_101124,3.75,0,1012.4666666666668,1196.0
36081,2021,2021_101125,25.25,0,453.5445544554456,1398.0
36081,2021,2021_101126,2.0,0,222.5,258.0
36081,2021,2021_101127,0.25,0,1697.0,1697.0
36081,2021,2021_101128,1.0,0,223.25,228.0
36081,2021,2021_101129,4.5,0,300.5,727.0
36081,2021,2021_101130,3.75,0,235.46666666666667,240.0
36081,2021,2021_101131,0.25,0,306.0,306.0
36081,2021,2021_101132,0.25,0,1487.0,1487.0
36081,2021,2021_101133,2.75,0,241.0,291.0
36081,2021,2021_101134,0.75,0,261.3333333333333,263.0
36081,2021,2021_101135,6.0,0,331.7916666666667,343.0
36081,2021,2021_101136,4.5,0,345.05555555555554,370.0
36081,2021,2021_101137,1.0,0,264.0,266.0
36081,2021,2021_101138,0.5,0,203.0,203.0
36081,2021,2021_101139,1.75,0,932.4285714285714,933.0
36081,2021,2021_101140,3.5,0,1233.428571428571,4631.0
36081,2021,2021_101141,0.5,0,297.5,298.0
36081,2021,2021_101142,0.25,0,1108.0,1108.0
36081,2021,2021_101143,0.25,0,205.0,205.0
36081,2021,2021_101144,0.25,0,763.0,763.0
36081,2021,2021_101145,2.75,0,498.09090909090907,573.0
36081,2021,2021_101146,3.25,0,588.0769230769231,615.0
36081,2021,2021_101147,1.0,0,210.25,211.0
36081,2021,2021_101148,0.5,0,295.5,296.0
36081,2021,2021_101149,0.25,0,230.0,230.0
36081,2021,2021_101150,3.0,0,332.75,382.0
36081,2021,2021_101151,16.75,0,450.13432835820896,591.0
36081,2021,2021_101152,1.0,0,650.0,718.0
36081,2021,2021_101153,5.0,0,559.75,849.0
36081,2021,2021_101154,0.75,0,297.0,297.0
36081,2021,2021_101155,0.25,0,349.0,349.0
36081,2021,2021_101156,0.25,0,371.0,371.0
36081,2021,2021_101157,1.0,0,287.25,376.0
36081,2021,2021_101158,0.75,0,336.6666666666667,341.0
36081,2021,2021_101159,6.75,0,312.85185185185185,911.0
36081,2021,2021_101160,0.25,0,912.0,912.0
36081,2021,2021_101161,3.25,0,389.2307692307692,573.0
36081,2021,2021_101162,2.0,0,292.0,294.0
36081,2021,2021_101163,2.5,0,255.2,288.0
36081,2021,2021_101164,2.5,0,1230.4,1530.0
36081,2021,2021_101165,1.0,0,1151.0,1218.0
36081,2021,2021_101166,1.25,0,390.4,665.0
36081,2021,2021_101167,2.0,0,661.25,970.0
36081,2021,2021_101168,0.5,0,608.0,608.0
36081,2021,2021_101169,1.5,0,207.0,209.0
36081,2021,2021_101170,1.0,0,203.75,205.0
36081,2021,2021_101171,0.25,0,229.0,229.0
36081,2021,2021_101172,0.25,0,262.0,262.0
36081,2021,2021_101173,0.5,0,503.0,503.0
36081,2021,2021_101174,1.25,0,281.0,281.0
36081,2021,2021_101175,0.75,0,330.0,332.0
36081,2021,2021_New York-0,21.25,0,1327.0588235294117,5463.0
36081,2021,2021_New York-2,0.25,0,268.0,268.0
36081,2021,2021_New York-6,2.5,0,255.2,288.0
36081,2021,2021_New York-7,2.25,0,740.1111111111111,769.0
36081,2021,2021_New York-8,9.5,0,688.3421052631579,1130.0
36081,2022,2022_106722,1.0,0,4498.75,4500.0
36081,2022,2022_106723,1.0,0,1254.5,3644.0
36081,2022,2022_106724,0.25,0,3502.0,3502.0
36081,2022,2022_106725,1.5,0,264.0,348.0
36081,2022,2022_106726,0.25,0,507.0,507.0
36081,2022,2022_106727,1.0,0,439.75,442.0
36081,2022,2022_106728,0.25,0,526.0,526.0
36081,2022,2022_106729,0.25,0,232.0,232.0
36081,2022,2022_106730,1.25,0,204.2,208.0
36081,2022,2022_106731,9.25,0,439.6216216216216,697.0
36081,2022,2022_106732,1.25,0,755.6,832.0
36081,2022,2022_106733,0.5,0,386.0,386.0
36081,2022,2022_106734,0.5,0,261.5,318.0
36081,2022,2022_106735,0.5,0,262.0,275.0
36081,2022,2022_106736,0.5,0,231.5,255.0
36081,2022,2022_106737,1.25,0,235.2,252.0
36081,2022,2022_106738,1.5,0,202.0,202.0
36081,2022,2022_106739,2.25,0,753.1111111111111,787.0
36081,2022,2022_106740,0.75,0,221.0,222.0
36081,2022,2022_106741,2.25,0,1044.6666666666667,1178.0
36081,2022,2022_106742,1.5,0,254.66666666666663,257.0
36081,2022,2022_106743,0.25,0,233.0,233.0
36081,2022,2022_106744,0.5,0,200.0,200.0
36081,2022,2022_106745,0.75,0,215.33333333333337,238.0
36081,2022,2022_106746,0.25,0,201.0,201.0
36081,2022,2022_106747,0.25,0,538.0,538.0
36081,2022,2022_106748,0.25,0,305.0,305.0
36081,2022,2022_106749,2.75,0,814.4545454545455,841.0
36081,2022,2022_106750,0.25,0,201.0,201.0
36081,2022,2022_106751,0.25,0,441.0,441.0
36081,2022,2022_106752,3.0,0,229.58333333333337,248.0
36081,2022,2022_106753,0.25,0,200.0,200.0
36081,2022,2022_106754,2.5,0,249.0,319.0
36081,2022,2022_106755,20.0,0,430.1625,701.0
36081,2022,2022_106756,2.5,0,246.6,279.0
36081,2022,2022_106757,60.5,0,524.7396694214876,2053.0
36081,2022,2022_106758,2.75,0,230.9090909090909,303.0
36081,2022,2022_106759,2.5,0,209.0,217.0
36081,2022,2022_106760,2.5,0,240.4,258.0
36081,2022,2022_106761,0.25,0,225.0,225.0
36081,2022,2022_106762,3.5,0,223.07142857142856,248.0
36081,2022,2022_106763,0.25,0,203.0,203.0
36081,2022,2022_106764,0.75,0,202.33333333333337,204.0
36081,2022,2022_106765,0.5,0,237.0,237.0
36081,2022,2022_106766,0.25,0,852.0,852.0
36081,2022,2022_106767,0.25,0,472.0,472.0
36081,2022,2022_106768,1.75,0,580.4285714285714,857.0
36081,2022,2022_106769,0.25,0,209.0,209.0
36081,2022,2022_106770,0.5,0,226.0,227.0
36081,2022,2022_106771,1.0,0,255.5,256.0
36081,2022,2022_106772,5.0,0,763.75,1380.0
36081,2022,2022_106773,0.25,0,362.0,362.0
36081,2022,2022_106774,5.75,0,345.1304347826087,481.0
36081,2022,2022_106775,7.25,0,288.6896551724138,343.0
36081,2022,2022_106776,0.25,0,204.0,204.0
36081,2022,2022_106777,0.5,0,210.0,210.0
36081,2022,2022_106778,0.5,0,229.0,229.0
36081,2022,2022_106779,16.75,0,1374.641791044776,2217.0
36081,2022,2022_106780,0.5,0,506.0,507.0
36081,2022,2022_106781,1.5,0,1412.8333333333333,1469.0
36081,2022,2022_106782,1.75,0,293.2857142857143,343.0
36081,2022,2022_106783,0.75,0,218.66666666666663,219.0
36081,2022,2022_106784,0.5,0,209.5,210.0
36081,2022,2022_106785,2.25,0,355.1111111111111,407.0
36081,2022,2022_106786,0.75,0,2495.6666666666665,2498.0
36081,2022,2022_106787,0.75,0,365.6666666666667,373.0
36081,2022,2022_106788,1.0,0,440.75,445.0
36081,2022,2022_106789,0.75,0,446.3333333333333,448.0
36081,2022,2022_106790,0.25,0,697.0,697.0
36081,2022,2022_106791,2.75,0,333.3636363636364,358.0
36081,2022,2022_106792,0.25,0,218.0,218.0
36081,2022,2022_106793,1.5,0,211.83333333333337,220.0
36081,2022,2022_106794,0.25,0,209.0,209.0
36081,2022,2022_106795,0.25,0,208.0,208.0
36081,2022,2022_106796,0.5,0,204.0,204.0
36081,2022,2022_106797,0.25,0,200.0,200.0
36081,2022,2022_106798,0.5,0,200.0,200.0
36081,2022,2022_106799,0.25,0,985.0,985.0
36081,2022,2022_106800,1.75,0,1122.428571428571,1313.0
36081,2022,2022_106801,0.25,0,213.0,213.0
36081,2022,2022_106802,0.25,0,280.0,280.0
36081,2022,2022_106803,0.25,0,598.0,598.0
36081,2022,2022_106804,0.75,0,1120.0,1185.0
36081,2022,2022_106805,1.0,0,269.75,272.0
36081,2022,2022_106806,0.75,0,219.33333333333337,238.0
36081,2022,2022_106807,0.25,0,481.0,481.0
36081,2022,2022_106808,0.25,0,404.0,404.0
36081,2022,2022_106809,0.25,0,406.0,406.0
36081,2022,2022_106810,7.0,0,360.17857142857144,525.0
36081,2022,2022_106811,0.25,0,357.0,357.0
36081,2022,2022_106812,2.5,0,340.7,354.0
36081,2022,2022_106813,1.5,0,1062.6666666666667,1317.0
36081,2022,2022_106814,1.25,0,278.0,279.0
36081,2022,2022_106815,0.25,0,270.0,270.0
36081,2022,2022_106816,0.25,0,270.0,270.0
36081,2022,2022_106817,1.0,0,236.0,264.0
36081,2022,2022_106818,0.25,0,225.0,225.0
36081,2022,2022_106819,0.75,0,210.0,211.0
36081,2022,2022_106820,0.75,0,245.33333333333337,246.0
36081,2022,2022_106821,5.0,0,250.45,256.0
36081,2022,2022_106822,0.25,0,209.0,209.0
36081,2022,2022_106823,0.5,0,306.0,306.0
36081,2022,2022_106824,0.25,0,219.0,219.0
36081,2022,2022_106825,1.25,0,220.2,226.0
36081,2022,2022_106826,0.25,0,617.0,617.0
36081,2022,2022_106827,0.25,0,261.0,261.0
36081,2022,2022_106828,0.25,0,254.0,254.0
36081,2022,2022_106829,1.0,0,287.0,314.0
36081,2022,2022_106830,0.25,0,312.0,312.0
36081,2022,2022_106831,0.25,0,288.0,288.0
36081,2022,2022_106832,0.5,0,274.5,284.0
36081,2022,2022_106833,1.25,0,465.4,469.0
36081,2022,2022_106834,2.0,0,234.0,236.0
36081,2022,2022_106835,12.75,0,270.2549019607843,446.0
36081,2022,2022_106836,9.25,0,430.5675675675675,520.0
36081,2022,2022_106837,3.75,0,346.73333333333335,500.0
36081,2022,2022_106838,0.25,0,222.0,222.0
36081,2022,2022_106839,4.5,0,279.27777777777777,429.0
36081,2022,2022_106840,0.25,0,255.0,255.0
36081,2022,2022_106841,1.0,0,265.25,306.0
36081,2022,2022_106842,1.75,0,324.7142857142857,600.0
36081,2022,2022_106843,1.25,0,258.4,300.0
36081,2022,2022_106844,1.5,0,516.1666666666666,517.0
36081,2022,2022_106845,3.75,0,363.26666666666665,407.0
36081,2022,2022_106846,0.25,0,203.0,203.0
36081,2022,2022_106847,0.75,0,410.3333333333333,413.0
36081,2022,2022_106848,1.75,0,212.8571428571429,216.0
36081,2022,2022_106849,10.5,0,380.9761904761905,660.0
36081,2022,2022_106850,1.0,0,403.75,427.0
36081,2022,2022_106851,0.75,0,255.0,280.0
36081,2022,2022_106852,1.75,0,248.42857142857144,299.0
36081,2022,2022_106853,0.25,0,203.0,203.0
36081,2022,2022_106854,0.5,0,203.5,204.0
36081,2022,2022_106855,0.25,0,241.0,241.0
36081,2022,2022_106856,0.25,0,204.0,204.0
36081,2022,2022_106857,0.5,0,206.5,209.0
36081,2022,2022_106858,0.75,0,276.3333333333333,323.0
36081,2022,2022_106859,1.5,0,361.6666666666667,376.0
36081,2022,2022_106860,0.5,0,229.0,231.0
36081,2022,2022_106861,2.25,0,252.55555555555551,291.0
36081,2022,2022_106862,2.5,0,275.3,293.0
36081,2022,2022_106863,2.0,0,295.5,326.0
36081,2022,2022_106864,2.5,0,592.8,673.0
36081,2022,2022_106865,0.25,0,218.0,218.0
36081,2022,2022_106866,1.75,0,1147.571428571429,1339.0
36081,2022,2022_106867,0.5,0,2370.0,2373.0
36081,2022,2022_106868,0.25,0,210.0,210.0
36081,2022,2022_106869,5.5,0,301.8181818181818,444.0
36081,2022,2022_106870,0.25,0,368.0,368.0
36081,2022,2022_106871,0.75,0,415.0,510.0
36081,2022,2022_106872,0.75,0,446.6666666666667,522.0
36081,2022,2022_106873,0.75,0,510.0,723.0
36081,2022,2022_106874,3.25,0,1225.6923076923076,1763.0
36081,2022,2022_106875,0.25,0,214.0,214.0
36081,2022,2022_106876,0.25,0,270.0,270.0
36081,2022,2022_106877,0.75,0,203.0,205.0
36081,2022,2022_106878,1.75,0,1656.571428571429,3458.0
36081,2022,2022_106879,0.25,0,209.0,209.0
36081,2022,2022_106880,3.5,0,339.5,485.0
36081,2022,2022_106881,1.5,0,1100.8333333333333,1102.0
36081,2022,2022_106882,0.5,0,271.0,271.0
36081,2022,2022_106883,1.25,0,203.8,205.0
36081,2022,2022_106884,7.75,0,240.83870967741936,273.0
36081,2022,2022_106885,0.5,0,228.5,230.0
36081,2022,2022_106886,0.25,0,1087.0,1087.0
36081,2022,2022_106887,13.75,0,510.3636363636364,718.0
36081,2022,2022_106888,1.75,0,268.2857142857143,311.0
36081,2022,2022_106889,0.5,0,219.0,228.0
36081,2022,2022_106890,2.0,0,968.75,1224.0
36081,2022,2022_106891,1.5,0,505.1666666666667,519.0
36081,2022,2022_106892,0.75,0,253.33333333333337,254.0
36081,2022,2022_106893,4.0,0,361.5625,479.0
36081,2022,2022_106894,0.25,0,229.0,229.0
36081,2022,2022_106895,0.5,0,333.5,334.0
36081,2022,2022_106896,0.75,0,272.3333333333333,357.0
36081,2022,2022_106897,0.25,0,220.0,220.0
36081,2022,2022_106898,4.25,0,303.29411764705884,356.0
36081,2022,2022_106899,0.25,0,221.0,221.0
36081,2022,2022_106900,0.75,0,215.33333333333337,228.0
36081,2022,2022_106901,8.5,0,842.5588235294117,1533.0
36081,2022,2022_106902,1.75,0,1051.428571428571,1386.0
36081,2022,2022_106903,2.5,0,873.5,951.0
36081,2022,2022_106904,3.25,0,250.53846153846155,275.0
36081,2022,2022_106905,6.0,0,243.125,248.0
36081,2022,2022_106906,0.5,0,223.5,224.0
36081,2022,2022_106907,0.25,0,207.0,207.0
36081,2022,2022_106908,15.5,0,607.3870967741935,965.0
36081,2022,2022_106909,2.5,0,375.5,404.0
36081,2022,2022_106910,8.75,0,311.8857142857143,362.0
36081,2022,2022_106911,7.25,0,849.9310344827586,3851.0
36081,2022,2022_106912,3.0,0,353.9166666666667,513.0
36081,2022,2022_106913,1.75,0,733.7142857142857,739.0
36081,2022,2022_106914,1.25,0,267.0,366.0
36081,2022,2022_106915,0.25,0,841.0,841.0
36081,2022,2022_106916,0.25,0,226.0,226.0
36081,2022,2022_106917,0.5,0,233.0,233.0
36081,2022,2022_106918,0.5,0,203.0,205.0
36081,2022,2022_106919,1.0,0,240.5,248.0
36081,2022,2022_106920,0.5,0,246.5,277.0
36081,2022,2022_106921,0.5,0,222.5,225.0
36081,2022,2022_106922,0.75,0,411.3333333333333,564.0
36081,2022,2022_106923,0.25,0,339.0,339.0
36081,2022,2022_106924,0.25,0,375.0,375.0
36081,2022,2022_106925,3.75,0,326.1333333333333,412.0
36081,2022,2022_106926,2.0,0,565.625,1042.0
36081,2022,2022_106927,0.25,0,268.0,268.0
36081,2022,2022_106928,2.0,0,593.5,633.0
36081,2022,2022_106929,2.0,0,1275.75,1804.0
36081,2022,2022_106930,4.5,0,286.3333333333333,399.0
36081,2022,2022_106931,1.5,0,491.5,492.0
36081,2022,2022_106932,0.25,0,293.0,293.0
36081,2022,2022_106933,1.25,0,675.6,678.0
36081,2022,2022_106934,1.5,0,278.0,314.0
36081,2022,2022_106935,1.25,0,317.2,318.0
36081,2022,2022_106936,0.25,0,788.0,788.0
36081,2022,2022_106937,0.75,0,241.0,241.0
36081,2022,2022_106938,0.5,0,208.0,210.0
36081,2022,2022_106939,2.0,0,323.125,392.0
36081,2022,2022_106940,0.25,0,298.0,298.0
36081,2022,2022_106941,0.25,0,276.0,276.0
36081,2022,2022_106942,2.25,0,241.55555555555551,260.0
36081,2022,2022_106943,2.75,0,255.36363636363637,329.0
36081,2022,2022_106944,0.5,0,681.5,736.0
36081,2022,2022_106945,0.5,0,274.5,320.0
36081,2022,2022_106946,0.25,0,433.0,433.0
36081,2022,2022_106947,0.25,0,443.0,443.0
36081,2022,2022_106948,2.5,0,426.9,477.0
36081,2022,2022_106949,1.0,0,570.25,579.0
36081,2022,2022_106950,0.25,0,495.0,495.0
36081,2022,2022_106951,0.25,0,495.0,495.0
36081,2022,2022_106952,3.0,0,403.8333333333333,627.0
36081,2022,2022_106953,6.25,0,624.2,676.0
36081,2022,2022_106954,0.5,0,380.0,380.0
36081,2022,2022_106955,0.5,0,358.0,358.0
36081,2022,2022_106956,0.25,0,374.0,374.0
36081,2022,2022_106957,0.75,0,357.3333333333333,359.0
36081,2022,2022_106958,0.25,0,354.0,354.0
36081,2022,2022_106959,0.5,0,355.5,356.0
36081,2022,2022_106960,1.75,0,297.2857142857143,307.0
36081,2022,2022_106961,1.25,0,581.8,583.0
36081,2022,2022_106962,3.0,0,498.5833333333333,506.0
36081,2022,2022_106963,1.5,0,854.6666666666666,857.0
36081,2022,2022_106964,2.25,0,513.1111111111111,532.0
36081,2022,2022_106965,0.5,0,271.0,275.0
36081,2022,2022_106966,0.75,0,251.0,253.0
36081,2022,2022_106967,0.25,0,291.0,291.0
36081,2022,2022_106968,1.0,0,201.25,202.0
36081,2022,2022_106969,0.5,0,386.0,386.0
36081,2022,2022_106970,0.25,0,386.0,386.0
36081,2022,2022_106971,2.25,0,683.0,1417.0
36081,2022,2022_106972,0.75,0,213.66666666666663,217.0
36081,2022,2022_106973,0.5,0,246.0,291.0
36081,2022,2022_106974,0.5,0,264.0,265.0
36081,2022,2022_106975,1.5,0,339.5,366.0
36081,2022,2022_106976,0.25,0,1008.0,1008.0
36081,2022,2022_106977,2.5,0,1007.2,1038.0
36081,2022,2022_106978,2.25,0,1057.0,1060.0
36081,2022,2022_106979,0.25,0,651.0,651.0
36081,2022,2022_106980,9.0,0,424.05555555555554,983.0
36081,2022,2022_106981,4.0,0,273.375,443.0
36081,2022,2022_106982,4.75,0,228.68421052631575,268.0
36081,2022,2022_106983,4.25,0,351.29411764705884,438.0
36081,2022,2022_106984,1.75,0,377.42857142857144,438.0
36081,2022,2022_106985,4.0,0,294.875,375.0
36081,2022,2022_106986,7.0,0,4535.5,6789.0
36081,2022,2022_106987,1.0,0,225.25,226.0
36081,2022,2022_106988,1.0,0,897.0,1017.0
36081,2022,2022_106989,1.0,0,1070.0,1121.0
36081,2022,2022_106990,0.25,0,1034.0,1034.0
36081,2022,2022_106991,0.25,0,297.0,297.0
36081,2022,2022_106992,1.5,0,257.3333333333333,266.0
36081,2022,2022_106993,0.5,0,282.0,282.0
36081,2022,2022_106994,0.25,0,278.0,278.0
36081,2022,2022_106995,0.25,0,483.0,483.0
36081,2022,2022_106996,0.25,0,291.0,291.0
36081,2022,2022_106997,0.25,0,255.0,255.0
36081,2022,2022_106998,0.25,0,272.0,272.0
36081,2022,2022_106999,6.5,0,406.5,696.0
36081,2022,2022_107000,0.25,0,203.0,203.0
36081,2022,2022_107001,1.0,0,340.5,341.0
36081,2022,2022_107002,1.5,0,330.3333333333333,390.0
36081,2022,2022_107003,0.5,0,332.0,332.0
36081,2022,2022_107004,0.75,0,332.0,411.0
36081,2022,2022_107005,0.25,0,247.0,247.0
36081,2022,2022_107006,10.0,0,1120.025,1792.0
36081,2022,2022_107007,0.25,0,201.0,201.0
36081,2022,2022_107008,12.0,0,611.6041666666666,1614.0
36081,2022,2022_107009,2.5,0,1235.7,3091.0
36081,2022,2022_107010,2.0,0,599.0,742.0
36081,2022,2022_107011,0.25,0,537.0,537.0
36081,2022,2022_107012,2.5,0,282.9,283.0
36081,2022,2022_107013,1.0,0,284.25,287.0
36081,2022,2022_New York-0,0.25,1,225.0,225.0
36081,2022,2022_New York-1,0.25,0,617.0,617.0
36081,2022,2022_New York-10,1.0,0,1070.0,1121.0
36081,2022,2022_New York-12,4.25,0,303.29411764705884,356.0
36081,2022,2022_New York-13,2.75,1,230.9090909090909,303.0
36081,2022,2022_New York-2,0.25,1,201.0,201.0
36081,2022,2022_New York-3,0.25,1,225.0,225.0
36081,2022,2022_New York-4,0.25,0,617.0,617.0
36081,2022,2022_New York-5,0.5,0,233.0,233.0
36081,2022,2022_New York-6,7.0,0,4535.5,6789.0
36081,2022,2022_New York-7,0.25,0,538.0,538.0
36081,2022,2022_New York-8,0.5,0,261.5,318.0
36081,2022,2022_New York-9,0.5,0,237.0,237.0
36081,2023,2023_102276,0.75,0,282.3333333333333,283.0
36081,2023,2023_102277,2.0,0,497.25,572.0
36081,2023,2023_102278,0.25,0,291.0,291.0
36081,2023,2023_102279,1.5,0,583.6666666666666,601.0
36081,2023,2023_102280,1.75,0,391.57142857142856,429.0
36081,2023,2023_102281,0.5,0,337.0,358.0
36081,2023,2023_102282,0.25,0,203.0,203.0
36081,2023,2023_102283,0.75,0,259.3333333333333,310.0
36081,2023,2023_102284,2.75,0,423.1818181818182,605.0
36081,2023,2023_102285,0.25,0,587.0,587.0
36081,2023,2023_102286,1.25,0,1417.8,1424.0
36081,2023,2023_102287,1.75,0,431.2857142857143,432.0
36081,2023,2023_102288,0.25,0,452.0,452.0
36081,2023,2023_102289,1.5,0,633.6666666666666,707.0
36081,2023,2023_102290,3.75,0,758.8666666666667,1044.0
36081,2023,2023_102291,0.5,0,276.5,277.0
36081,2023,2023_102292,0.25,0,267.0,267.0
36081,2023,2023_102293,0.5,0,246.0,246.0
36081,2023,2023_102294,0.5,0,255.0,301.0
36081,2023,2023_102295,0.5,0,438.5,439.0
36081,2023,2023_102296,0.25,0,428.0,428.0
36081,2023,2023_102297,1.75,0,743.8571428571429,746.0
36081,2023,2023_102298,0.25,0,209.0,209.0
36081,2023,2023_102299,0.5,0,6008.0,6008.0
36081,2023,2023_102300,0.25,0,1046.0,1046.0
36081,2023,2023_102301,8.0,0,218.84375,231.0
36081,2023,2023_102302,0.25,0,271.0,271.0
36081,2023,2023_102303,1.75,0,254.57142857142856,256.0
36081,2023,2023_102304,0.5,0,248.0,274.0
36081,2023,2023_102305,0.25,0,729.0,729.0
36081,2023,2023_102306,1.0,0,829.0,1050.0
36081,2023,2023_102307,0.25,0,799.0,799.0
36081,2023,2023_102308,2.0,0,321.75,333.0
36081,2023,2023_102309,0.25,0,532.0,532.0
36081,2023,2023_102310,6.25,0,458.2,689.0
36081,2023,2023_102311,2.5,0,2191.2,2533.0
36081,2023,2023_102312,2.0,0,388.25,484.0
36081,2023,2023_102313,1.5,0,338.8333333333333,399.0
36081,2023,2023_102314,2.25,0,301.44444444444446,378.0
36081,2023,2023_102315,0.25,0,230.0,230.0
36081,2023,2023_102316,2.0,0,304.25,305.0
36081,2023,2023_102317,0.75,0,473.0,474.0
36081,2023,2023_102318,0.25,0,536.0,536.0
36081,2023,2023_102319,1.25,0,1096.4,1139.0
36081,2023,2023_102320,0.25,0,1068.0,1068.0
36081,2023,2023_102321,1.75,0,305.85714285714283,383.0
36081,2023,2023_102322,0.75,0,213.66666666666663,214.0
36081,2023,2023_102323,0.25,0,616.0,616.0
36081,2023,2023_102324,0.75,0,209.66666666666663,210.0
36081,2023,2023_102325,0.25,0,212.0,212.0
36081,2023,2023_102326,0.75,0,219.0,232.0
36081,2023,2023_102327,0.25,0,502.0,502.0
36081,2023,2023_102328,0.25,0,270.0,270.0
36081,2023,2023_102329,0.25,0,747.0,747.0
36081,2023,2023_102330,0.25,0,286.0,286.0
36081,2023,2023_102331,3.5,0,519.1428571428571,524.0
36081,2023,2023_102332,1.25,0,414.4,468.0
36081,2023,2023_102333,0.25,0,387.0,387.0
36081,2023,2023_102334,4.0,0,292.0625,556.0
36081,2023,2023_102335,3.25,0,1537.4615384615386,1671.0
36081,2023,2023_102336,0.25,0,269.0,269.0
36081,2023,2023_102337,0.25,0,265.0,265.0
36081,2023,2023_102338,0.25,0,263.0,263.0
36081,2023,2023_102339,0.25,0,787.0,787.0
36081,2023,2023_102340,0.5,0,208.5,213.0
36081,2023,2023_102341,0.25,0,263.0,263.0
36081,2023,2023_102342,1.75,0,1094.571428571429,1283.0
36081,2023,2023_102343,0.5,0,273.0,273.0
36081,2023,2023_102344,1.75,0,462.8571428571428,464.0
36081,2023,2023_102345,0.75,0,775.6666666666666,776.0
36081,2023,2023_102346,0.5,0,343.0,344.0
36081,2023,2023_102347,0.25,0,240.0,240.0
36081,2023,2023_102348,0.25,0,722.0,722.0
36081,2023,2023_102349,0.25,0,208.0,208.0
36081,2023,2023_102350,0.5,0,294.5,297.0
36081,2023,2023_102351,1.0,0,433.75,434.0
36081,2023,2023_102352,0.25,0,556.0,556.0
36081,2023,2023_102353,0.25,0,357.0,357.0
36081,2023,2023_102354,0.25,0,274.0,274.0
36081,2023,2023_102355,0.5,0,521.0,523.0
36081,2023,2023_102356,1.75,0,745.0,802.0
36081,2023,2023_102357,0.75,0,238.0,238.0
36081,2023,2023_102358,0.75,0,385.6666666666667,558.0
36081,2023,2023_102359,4.25,0,348.11764705882354,356.0
36081,2023,2023_102360,2.25,0,301.1111111111111,307.0
36081,2023,2023_102361,1.0,0,429.0,430.0
36081,2023,2023_102362,3.0,0,2508.4166666666665,2519.0
36081,2023,2023_102363,0.25,0,210.0,210.0
36081,2023,2023_102364,0.5,0,932.5,1265.0
36081,2023,2023_102365,0.25,0,206.0,206.0
36081,2023,2023_102366,0.25,0,204.0,204.0
36081,2023,2023_102367,2.5,0,872.5,948.0
36081,2023,2023_102368,2.0,0,443.25,535.0
36081,2023,2023_102369,0.25,0,578.0,578.0
36081,2023,2023_102370,1.0,0,491.75,547.0
36081,2023,2023_102371,1.0,0,222.75,230.0
36081,2023,2023_102372,0.75,0,239.0,244.0
36081,2023,2023_102373,1.75,0,245.8571428571429,254.0
36081,2023,2023_102374,0.5,0,247.5,248.0
36081,2023,2023_102375,6.25,0,241.36,261.0
36081,2023,2023_102376,7.75,0,239.4193548387097,249.0
36081,2023,2023_102377,1.5,0,1286.1666666666667,1372.0
36081,2023,2023_102378,2.5,0,969.7,2405.0
36081,2023,2023_102379,0.25,0,257.0,257.0
36081,2023,2023_102380,0.5,0,280.0,281.0
36081,2023,2023_102381,0.75,0,222.33333333333337,227.0
36081,2023,2023_102382,4.0,0,445.5,585.0
36081,2023,2023_102383,0.5,0,206.0,206.0
36081,2023,2023_102384,0.5,0,210.5,211.0
36081,2023,2023_102385,5.5,0,521.5909090909091,583.0
36081,2023,2023_102386,0.25,0,216.0,216.0
36081,2023,2023_102387,2.0,0,218.875,225.0
36081,2023,2023_102388,7.5,0,294.3333333333333,350.0
36081,2023,2023_102389,3.75,0,264.1333333333333,285.0
36081,2023,2023_102390,1.0,0,342.0,343.0
36081,2023,2023_102391,2.5,0,242.5,264.0
36081,2023,2023_102392,5.0,0,808.1,1165.0
36081,2023,2023_102393,0.25,0,201.0,201.0
36081,2023,2023_102394,0.25,0,1421.0,1421.0
36081,2023,2023_102395,0.75,0,504.0,514.0
36081,2023,2023_102396,0.25,0,561.0,561.0
36081,2023,2023_102397,2.0,0,250.125,266.0
36081,2023,2023_102398,2.0,0,239.0,246.0
36081,2023,2023_102399,1.25,0,258.4,285.0
36081,2023,2023_102400,8.0,0,218.84375,223.0
36081,2023,2023_102401,1.0,0,409.75,428.0
36081,2023,2023_102402,0.25,0,271.0,271.0
36081,2023,2023_102403,0.5,0,313.0,313.0
36081,2023,2023_102404,3.75,0,1183.6,1526.0
36081,2023,2023_102405,2.25,0,1396.111111111111,1813.0
36081,2023,2023_102406,0.25,0,831.0,831.0
36081,2023,2023_102407,1.75,0,933.7142857142856,1041.0
36081,2023,2023_102408,1.25,0,227.0,284.0
36081,2023,2023_102409,0.75,0,233.66666666666663,234.0
36081,2023,2023_102410,1.0,0,341.75,390.0
36081,2023,2023_102411,5.75,0,296.6521739130435,370.0
36081,2023,2023_102412,1.75,0,516.8571428571429,549.0
36081,2023,2023_102413,6.5,0,339.6923076923077,622.0
36081,2023,2023_102414,25.75,0,1192.485436893204,3015.0
36081,2023,2023_102415,2.25,0,236.11111111111111,252.0
36081,2023,2023_102416,1.25,0,218.8,281.0
36081,2023,2023_102417,0.25,0,200.0,200.0
36081,2023,2023_102418,2.0,0,677.25,894.0
36081,2023,2023_102419,1.75,0,370.2857142857143,373.0
36081,2023,2023_102420,1.0,0,200.5,201.0
36081,2023,2023_102421,20.75,0,1294.2771084337348,2635.0
36081,2023,2023_102422,0.75,0,227.66666666666663,237.0
36081,2023,2023_102423,0.25,0,200.0,200.0
36081,2023,2023_102424,2.5,0,278.2,310.0
36081,2023,2023_102425,0.5,0,513.0,513.0
36081,2023,2023_102426,1.75,0,477.42857142857144,523.0
36081,2023,2023_102427,1.5,0,387.1666666666667,532.0
36081,2023,2023_102428,0.25,0,210.0,210.0
36081,2023,2023_102429,0.25,0,292.0,292.0
36081,2023,2023_102430,1.25,0,266.0,267.0
36081,2023,2023_102431,2.25,0,555.6666666666666,616.0
36081,2023,2023_102432,0.75,0,206.0,206.0
36081,2023,2023_102433,0.75,0,232.33333333333337,234.0
36081,2023,2023_102434,2.25,0,486.55555555555554,517.0
36081,2023,2023_102435,5.25,0,549.8095238095239,588.0
36081,2023,2023_102436,3.25,0,375.53846153846155,404.0
36081,2023,2023_102437,0.25,0,286.0,286.0
36081,2023,2023_102438,0.5,0,257.5,258.0
36081,2023,2023_102439,0.25,0,558.0,558.0
36081,2023,2023_102440,0.75,0,484.0,484.0
36081,2023,2023_102441,1.25,0,263.8,299.0
36081,2023,2023_102442,2.0,0,302.75,310.0
36081,2023,2023_102443,15.0,0,2959.016666666667,6878.0
36081,2023,2023_102444,1.75,0,310.57142857142856,388.0
36081,2023,2023_102445,2.0,0,229.375,231.0
36081,2023,2023_102446,0.25,0,227.0,227.0
36081,2023,2023_102447,0.75,0,236.0,237.0
36081,2023,2023_102448,8.5,0,448.5,1577.0
36081,2023,2023_102449,1.5,0,548.0,620.0
36081,2023,2023_New York-0,2.25,1,301.44444444444446,378.0
36081,2023,2023_New York-2,7.75,0,239.4193548387097,249.0
36081,2023,2023_New York-3,1.25,0,1417.8,1424.0
36081,2023,2023_New York-4,0.5,0,438.5,439.0
36081,2023,2023_New York-5,2.0,0,677.25,894.0
36085,2014,2014_7527,1.5,0,1341.1666666666667,1343.0
36085,2014,2014_7528,1.0,0,2039.25,2047.0
36085,2014,2014_7529,1.0,0,229.0,229.0
36085,2014,2014_7530,1.5,0,323.1666666666667,330.0
36085,2015,2015_70404,1.5,0,236.83333333333337,286.0
36085,2015,2015_70405,1.5,0,941.8333333333334,953.0
36085,2015,2015_70406,2.0,0,309.0,310.0
36085,2015,2015_70407,2.75,0,216.27272727272728,217.0
36085,2015,2015_70408,1.25,0,864.0,894.0
36085,2015,2015_70409,1.25,0,1085.0,1086.0
36085,2015,2015_70410,2.5,0,207.7,214.0
36085,2015,2015_70411,0.75,0,414.6666666666667,461.0
36085,2015,2015_70412,2.5,0,4891.5,6682.0
36085,2015,2015_70413,0.5,0,1186.5,1187.0
36085,2015,2015_70414,2.25,0,580.1111111111111,723.0
36085,2015,2015_70415,1.0,0,277.0,277.0
36085,2015,2015_70416,0.5,0,1533.0,2314.0
36085,2015,2015_70417,1.0,0,441.0,473.0
36085,2015,2015_70418,1.75,0,230.28571428571428,234.0
36085,2015,2015_70419,0.5,0,738.0,738.0
36085,2015,2015_70420,0.5,0,655.0,769.0
36085,2015,2015_70421,0.75,0,898.0,898.0
36085,2015,2015_70422,1.0,0,295.25,325.0
36085,2015,2015_70423,0.25,0,225.0,225.0
36085,2015,2015_70424,1.0,0,349.75,350.0
36085,2015,2015_70425,1.25,0,272.4,284.0
36085,2015,2015_70426,3.5,0,767.8571428571429,1538.0
36085,2015,2015_70427,1.75,0,1540.0,1803.0
36085,2015,2015_70428,3.5,0,240.8571428571429,273.0
36085,2015,2015_70429,1.0,0,1351.25,1585.0
36085,2015,2015_70430,1.0,0,1240.5,1261.0
36085,2015,2015_70431,1.75,0,1623.428571428571,1766.0
36085,2015,2015_70432,2.25,0,223.0,237.0
36085,2015,2015_70433,4.0,0,823.3125,1314.0
36085,2015,2015_70434,0.5,0,311.0,311.0
36085,2015,2015_70435,4.5,0,1996.111111111111,4570.0
36085,2015,2015_70436,0.5,0,548.5,549.0
36085,2015,2015_70437,0.75,0,1162.3333333333333,1163.0
36085,2015,2015_70438,4.75,0,1260.6842105263158,1306.0
36085,2015,2015_70439,2.5,0,231.9,255.0
36085,2015,2015_70440,0.25,0,738.0,738.0
36085,2015,2015_70441,20.75,0,7122.21686746988,20244.0
36085,2015,2015_70442,1.0,0,211.0,211.0
36085,2015,2015_70443,1.25,0,626.6,1002.0
36085,2015,2015_70444,1.75,0,1415.571428571429,2232.0
36085,2015,2015_70445,1.5,0,1149.5,1386.0
36085,2015,2015_70446,0.25,0,373.0,373.0
36085,2015,2015_70447,1.0,0,606.0,606.0
36085,2015,2015_70448,0.25,0,644.0,644.0
36085,2015,2015_70449,1.25,0,270.6,271.0
36085,2015,2015_70450,0.5,0,215.0,215.0
36085,2015,2015_70451,2.75,0,628.4545454545455,634.0
36085,2015,2015_70452,2.5,0,265.8,267.0
36085,2015,2015_70453,0.5,0,208.5,210.0
36085,2015,2015_70454,1.0,0,2536.0,2536.0
36085,2015,2015_70455,1.25,0,632.0,633.0
36085,2015,2015_70456,0.75,0,974.0,1052.0
36085,2015,2015_70457,3.25,0,631.0,1012.0
36085,2015,2015_70458,0.75,0,434.3333333333333,435.0
36085,2015,2015_70459,1.5,0,224.83333333333337,232.0
36085,2015,2015_70460,2.25,0,357.44444444444446,419.0
36085,2015,2015_70461,0.75,0,405.6666666666667,406.0
36085,2015,2015_70462,1.0,0,350.75,371.0
36085,2015,2015_70463,2.25,0,1342.7777777777778,2305.0
36085,2015,2015_70464,0.25,0,301.0,301.0
36085,2015,2015_New York-2,1.0,0,2536.0,2536.0
36085,2016,2016_72241,1.0,0,376.0,376.0
36085,2016,2016_72242,1.25,0,917.4,968.0
36085,2016,2016_72243,0.75,0,363.0,363.0
36085,2016,2016_72244,0.75,0,950.3333333333334,1317.0
36085,2016,2016_72245,1.0,0,674.5,683.0
36085,2016,2016_72246,1.5,0,467.5,495.0
36085,2016,2016_72247,2.0,0,225.0,225.0
36085,2016,2016_72248,0.5,0,596.0,596.0
36085,2016,2016_72249,1.25,0,793.8,1443.0
36085,2016,2016_72250,0.75,0,225.0,225.0
36085,2016,2016_72251,0.25,0,495.0,495.0
36085,2016,2016_72252,1.0,0,639.75,641.0
36085,2016,2016_72253,2.5,0,838.8,839.0
36085,2016,2016_72254,0.25,0,305.0,305.0
36085,2016,2016_72255,0.25,0,875.0,875.0
36085,2016,2016_72256,1.75,0,721.4285714285714,1033.0
36085,2016,2016_72257,0.5,0,291.0,308.0
36085,2016,2016_72258,1.0,0,337.5,338.0
36085,2016,2016_72259,1.0,0,492.75,595.0
36085,2016,2016_72260,0.5,0,433.0,433.0
36085,2016,2016_72261,0.25,0,434.0,434.0
36085,2016,2016_72262,0.5,0,246.0,246.0
36085,2016,2016_72263,0.5,0,207.0,207.0
36085,2016,2016_72264,0.75,0,319.0,319.0
36085,2016,2016_72265,0.5,0,550.0,550.0
36085,2016,2016_72266,0.5,0,287.5,360.0
36085,2016,2016_72267,1.5,0,359.6666666666667,360.0
36085,2016,2016_72268,0.5,0,207.0,207.0
36085,2016,2016_72269,0.25,0,621.0,621.0
36085,2016,2016_72270,0.25,0,621.0,621.0
36085,2016,2016_72271,4.5,0,2259.3888888888887,4455.0
36085,2016,2016_72272,0.5,0,441.5,442.0
36085,2016,2016_72273,4.75,0,2269.842105263158,4353.0
36085,2016,2016_72274,0.25,0,949.0,949.0
36085,2016,2016_72275,5.5,0,2527.181818181818,4739.0
36085,2016,2016_72276,3.25,0,223.07692307692307,240.0
36085,2016,2016_72277,0.75,0,607.0,617.0
36085,2016,2016_72278,2.5,0,1613.7,2545.0
36085,2016,2016_72279,0.25,0,408.0,408.0
36085,2016,2016_72280,2.5,0,1699.9,2338.0
36085,2016,2016_72281,2.25,0,457.55555555555554,522.0
36085,2016,2016_72282,1.0,0,1048.75,1049.0
36085,2016,2016_72283,0.25,0,1207.0,1207.0
36085,2016,2016_72284,0.75,0,485.3333333333333,494.0
36085,2016,2016_72285,0.25,0,395.0,395.0
36085,2016,2016_72286,0.25,0,339.0,339.0
36085,2016,2016_72287,0.25,0,339.0,339.0
36085,2016,2016_72288,0.75,0,397.6666666666667,398.0
36085,2016,2016_72289,0.75,0,249.33333333333337,250.0
36085,2016,2016_72290,1.75,0,642.8571428571429,781.0
36085,2016,2016_72291,1.25,0,578.8,684.0
36085,2016,2016_72292,1.0,0,931.25,933.0
36085,2016,2016_72293,0.25,0,823.0,823.0
36085,2016,2016_72294,0.5,0,1021.5,1172.0
36085,2016,2016_72295,0.75,0,270.0,270.0
36085,2016,2016_72296,1.25,0,280.0,281.0
36085,2016,2016_72297,0.5,0,818.5,819.0
36085,2016,2016_72298,1.75,0,1222.2857142857142,1390.0
36085,2016,2016_72299,1.5,0,1074.5,1199.0
36085,2016,2016_72300,1.0,0,462.25,463.0
36085,2016,2016_72301,0.5,0,219.0,219.0
36085,2016,2016_72302,0.25,0,713.0,713.0
36085,2016,2016_72303,0.75,0,440.0,440.0
36085,2016,2016_72304,1.25,0,1017.0,1027.0
36085,2016,2016_72305,1.25,0,409.2,459.0
36085,2016,2016_72306,1.25,0,422.0,475.0
36085,2016,2016_72307,0.25,0,588.0,588.0
36085,2016,2016_72308,2.0,0,363.0,721.0
36085,2016,2016_72309,2.5,0,484.4,654.0
36085,2016,2016_New York-1,0.25,0,339.0,339.0
36085,2016,2016_New York-2,0.5,0,433.0,433.0
36085,2016,2016_New York-4,0.5,0,207.0,207.0
36085,2016,2016_New York-5,1.0,0,931.25,933.0
36085,2017,2017_73900,2.25,0,2872.777777777778,2875.0
36085,2017,2017_73901,1.0,0,264.75,265.0
36085,2017,2017_73902,0.5,0,388.0,389.0
36085,2017,2017_73903,0.5,0,658.0,658.0
36085,2017,2017_73904,1.25,0,328.6,466.0
36085,2017,2017_73905,2.75,0,223.45454545454547,224.0
36085,2017,2017_73906,0.25,0,340.0,340.0
36085,2017,2017_73907,0.75,0,779.0,779.0
36085,2017,2017_73908,0.5,0,236.5,256.0
36085,2017,2017_73909,0.5,0,672.0,672.0
36085,2017,2017_73910,2.5,0,1336.0,1549.0
36085,2017,2017_73911,0.25,0,1510.0,1510.0
36085,2017,2017_73912,0.5,0,249.0,249.0
36085,2017,2017_73913,0.75,0,293.6666666666667,309.0
36085,2017,2017_73914,1.0,0,496.0,496.0
36085,2017,2017_73915,1.0,0,612.5,725.0
36085,2017,2017_73916,1.5,0,603.0,603.0
36085,2017,2017_73917,1.5,0,1104.6666666666667,1559.0
36085,2017,2017_73918,1.0,0,540.75,541.0
36085,2017,2017_73919,0.75,0,541.6666666666666,543.0
36085,2017,2017_73920,0.25,0,977.0,977.0
36085,2017,2017_73921,0.25,0,513.0,513.0
36085,2017,2017_73922,0.25,0,814.0,814.0
36085,2017,2017_73923,5.0,0,1555.35,2834.0
36085,2017,2017_73924,0.5,0,302.0,337.0
36085,2017,2017_73925,1.5,0,937.8333333333334,980.0
36085,2017,2017_73926,1.5,0,986.3333333333334,1200.0
36085,2017,2017_73927,1.25,0,772.4,773.0
36085,2017,2017_73928,1.25,0,669.0,1091.0
36085,2017,2017_73929,1.0,0,1415.0,1430.0
36085,2017,2017_73930,2.0,0,227.125,228.0
36085,2017,2017_73931,1.0,0,3813.0,3833.0
36085,2017,2017_73932,5.75,0,554.695652173913,780.0
36085,2017,2017_73933,0.5,0,3098.5,3099.0
36085,2017,2017_73934,2.0,0,1361.875,2414.0
36085,2017,2017_73935,0.25,0,686.0,686.0
36085,2017,2017_73936,0.75,0,554.6666666666666,555.0
36085,2017,2017_73937,3.25,0,3717.4615384615386,5955.0
36085,2017,2017_73938,3.75,0,284.06666666666666,292.0
36085,2017,2017_73939,2.0,0,364.125,427.0
36085,2017,2017_73940,0.25,0,313.0,313.0
36085,2017,2017_73941,0.25,0,918.0,918.0
36085,2017,2017_73942,1.25,0,2826.4,2879.0
36085,2017,2017_73943,1.75,0,1781.2857142857142,1982.0
36085,2017,2017_73944,1.25,0,561.2,579.0
36085,2017,2017_73945,1.0,0,245.0,245.0
36085,2017,2017_73946,0.25,0,224.0,224.0
36085,2017,2017_73947,0.75,0,429.0,429.0
36085,2017,2017_73948,1.25,0,224.6,225.0
36085,2017,2017_73949,0.25,0,617.0,617.0
36085,2017,2017_73950,0.25,0,234.0,234.0
36085,2017,2017_73951,1.0,0,1456.25,1462.0
36085,2017,2017_73952,1.0,0,288.25,402.0
36085,2017,2017_73953,1.25,0,234.4,235.0
36085,2017,2017_73954,1.0,0,238.0,238.0
36085,2017,2017_73955,3.5,0,411.7142857142857,437.0
36085,2017,2017_New York-0,1.0,1,496.0,496.0
36085,2017,2017_New York-1,1.0,1,496.0,496.0
36085,2019,2019_96055,1.0,0,1210.5,1795.0
36085,2019,2019_96056,0.25,0,587.0,587.0
36085,2019,2019_96057,0.5,0,918.0,918.0
36085,2019,2019_96058,1.0,0,539.75,566.0
36085,2019,2019_96059,1.25,0,442.8,444.0
36085,2019,2019_96060,1.5,0,1857.0,1857.0
36085,2019,2019_96061,2.0,0,293.875,408.0
36085,2019,2019_96062,1.25,0,362.0,596.0
36085,2019,2019_96063,2.5,0,301.5,312.0
36085,2019,2019_96064,1.75,0,3241.8571428571427,3621.0
36085,2019,2019_96065,0.75,0,251.0,251.0
36085,2019,2019_96066,1.25,0,1130.8,1438.0
36085,2019,2019_New York-3,1.25,0,362.0,596.0
36085,2020,2020_101728,2.5,0,2130.3,4768.0
36085,2020,2020_101729,0.25,0,516.0,516.0
36085,2020,2020_101730,1.5,0,3401.1666666666665,3408.0
36085,2020,2020_101731,2.0,0,364.125,365.0
36085,2020,2020_101732,1.0,0,819.0,1721.0
36085,2020,2020_101733,4.25,0,1656.3529411764705,1684.0
36085,2020,2020_101734,1.25,0,1918.8,2182.0
36085,2020,2020_101735,0.5,0,529.0,529.0
36085,2020,2020_101736,0.25,0,627.0,627.0
36085,2020,2020_101737,1.75,0,547.0,931.0
36085,2020,2020_101738,3.5,0,487.7142857142857,515.0
36085,2020,2020_101739,0.5,0,688.0,688.0
36085,2020,2020_101740,1.25,0,1406.2,2085.0
36085,2020,2020_101741,4.0,0,367.1875,706.0
36085,2020,2020_101742,1.5,0,514.0,563.0
36085,2020,2020_101743,1.25,0,1457.0,2251.0
36085,2020,2020_101744,0.5,0,727.5,729.0
36085,2020,2020_101745,2.0,0,417.875,429.0
36085,2020,2020_101746,2.25,0,639.1111111111111,667.0
36085,2020,2020_101747,0.5,0,253.0,253.0
36085,2020,2020_101748,0.25,0,445.0,445.0
36085,2020,2020_101749,1.75,0,3300.5714285714284,3320.0
36085,2020,2020_101750,1.25,0,697.6,728.0
36085,2020,2020_101751,0.5,0,601.5,603.0
36085,2020,2020_101752,1.25,0,547.4,1120.0
36085,2020,2020_101753,3.25,0,430.61538461538464,904.0
36085,2020,2020_101754,0.75,0,528.3333333333334,529.0
36085,2020,2020_101755,1.5,0,887.0,1574.0
36085,2020,2020_101756,1.5,0,803.5,1289.0
36085,2020,2020_101757,2.5,0,253.5,290.0
36085,2020,2020_101758,1.0,0,559.0,559.0
36085,2020,2020_101759,1.0,0,512.75,768.0
36085,2020,2020_101760,2.25,0,966.3333333333334,1105.0
36085,2020,2020_101761,2.0,0,241.375,257.0
36085,2020,2020_101762,2.25,0,880.4444444444445,890.0
36085,2020,2020_101763,136.5,0,10480.829670329673,37990.0
36085,2020,2020_101764,1.0,0,377.0,908.0
36085,2020,2020_101765,1.0,0,737.0,1247.0
36085,2020,2020_101766,0.25,0,417.0,417.0
36085,2020,2020_101767,2.25,0,340.6666666666667,556.0
36085,2020,2020_101768,1.25,0,324.8,812.0
36085,2020,2020_101769,0.25,0,320.0,320.0
36085,2020,2020_101770,0.5,0,1173.5,1266.0
36085,2020,2020_101771,1.0,0,328.5,329.0
36085,2020,2020_101772,1.5,0,1279.5,1286.0
36085,2020,2020_101773,0.5,0,229.0,229.0
36085,2020,2020_101774,0.25,0,1252.0,1252.0
36085,2020,2020_101775,1.5,0,1675.1666666666667,1932.0
36085,2020,2020_101776,2.0,0,481.5,563.0
36085,2020,2020_101777,1.0,0,659.25,714.0
36085,2020,2020_101778,3.0,0,510.0,1046.0
36085,2020,2020_101779,1.25,0,964.2,1335.0
36085,2020,2020_101780,0.5,0,466.0,466.0
36085,2020,2020_101781,3.0,0,1297.1666666666667,1915.0
36085,2020,2020_101782,2.0,0,229.75,230.0
36085,2020,2020_101783,1.5,0,1357.8333333333333,1401.0
36085,2020,2020_101784,1.75,0,329.7142857142857,333.0
36085,2020,2020_101785,1.0,0,373.75,378.0
36085,2020,2020_101786,1.5,0,273.5,276.0
36085,2020,2020_101787,5.75,0,387.1304347826087,1186.0
36085,2020,2020_101788,0.75,0,222.33333333333337,223.0
36085,2020,2020_101789,11.0,0,2315.659090909091,4792.0
36085,2020,2020_101790,0.25,0,219.0,219.0
36085,2020,2020_New York-10,1.25,0,547.4,1120.0
36085,2020,2020_New York-11,1.0,0,737.0,1247.0
36085,2020,2020_New York-3,136.5,1,10480.829670329673,37990.0
36085,2020,2020_New York-4,1.5,0,803.5,1289.0
36085,2020,2020_New York-6,136.5,1,10480.829670329673,37990.0
36085,2020,2020_New York-7,0.5,0,253.0,253.0
36085,2021,2021_101277,0.75,0,517.3333333333334,518.0
36085,2021,2021_101278,1.0,0,711.5,713.0
36085,2021,2021_101279,0.5,0,274.0,274.0
36085,2021,2021_101280,0.5,0,885.5,1471.0
36085,2021,2021_101281,1.25,0,574.4,606.0
36085,2021,2021_101282,0.25,0,483.0,483.0
36085,2021,2021_101283,1.75,0,516.8571428571429,526.0
36085,2021,2021_101284,1.25,0,6233.6,11414.0
36085,2021,2021_101285,1.0,0,1283.75,1291.0
36085,2021,2021_101286,2.25,0,1923.4444444444443,2137.0
36085,2021,2021_101287,1.0,0,791.0,1024.0
36085,2021,2021_101288,1.0,0,242.0,242.0
36085,2021,2021_101289,2.5,0,677.7,976.0
36085,2021,2021_101290,0.25,0,462.0,462.0
36085,2021,2021_101291,0.25,0,646.0,646.0
36085,2021,2021_101292,1.5,0,499.8333333333333,781.0
36085,2021,2021_101293,0.75,0,591.0,591.0
36085,2021,2021_101294,2.0,0,885.25,886.0
36085,2021,2021_101295,0.25,0,884.0,884.0
36085,2021,2021_101296,1.75,0,1198.857142857143,1997.0
36085,2021,2021_101297,0.25,0,397.0,397.0
36085,2021,2021_101298,1.0,0,1273.0,1274.0
36085,2021,2021_101299,1.25,0,1093.8,1305.0
36085,2021,2021_101300,0.25,0,1060.0,1060.0
36085,2021,2021_101301,0.75,0,210.0,210.0
36085,2021,2021_101302,1.25,0,1198.6,1424.0
36085,2021,2021_101303,0.25,0,1143.0,1143.0
36085,2021,2021_101304,1.0,0,774.5,775.0
36085,2021,2021_101305,1.25,0,263.8,285.0
36085,2021,2021_101306,0.25,0,316.0,316.0
36085,2021,2021_101307,0.25,0,465.0,465.0
36085,2021,2021_101308,0.25,0,737.0,737.0
36085,2021,2021_101309,1.75,0,469.1428571428572,826.0
36085,2021,2021_101310,5.5,0,1551.3181818181818,5315.0
36085,2021,2021_101311,1.0,0,674.0,756.0
36085,2021,2021_101312,0.5,0,241.0,270.0
36085,2021,2021_101313,1.25,0,968.0,1421.0
36085,2021,2021_101314,2.5,0,629.2,632.0
36085,2021,2021_101315,1.25,0,1326.4,1393.0
36085,2021,2021_101316,1.0,0,362.75,368.0
36085,2021,2021_101317,0.75,0,558.6666666666666,589.0
36085,2021,2021_101318,1.0,0,479.5,489.0
36085,2021,2021_101319,3.5,0,241.71428571428572,286.0
36085,2021,2021_101320,0.25,0,201.0,201.0
36085,2021,2021_101321,0.25,0,957.0,957.0
36085,2021,2021_101322,1.5,0,669.1666666666666,738.0
36085,2021,2021_101323,1.0,0,311.75,395.0
36085,2021,2021_101324,0.5,0,215.0,215.0
36085,2021,2021_101325,1.25,0,234.0,234.0
36085,2021,2021_101326,0.5,0,422.0,422.0
36085,2021,2021_101327,1.0,0,341.75,342.0
36085,2021,2021_101328,0.5,0,414.0,414.0
36085,2021,2021_101329,0.25,0,566.0,566.0
36085,2021,2021_101330,4.75,0,4033.631578947368,5986.0
36085,2021,2021_101331,1.0,0,585.0,672.0
36085,2021,2021_101332,1.0,0,560.25,570.0
36085,2021,2021_101333,0.25,0,327.0,327.0
36085,2021,2021_101334,1.5,0,1154.5,1220.0
36085,2021,2021_101335,6.25,0,1427.32,2451.0
36085,2021,2021_101336,0.25,0,222.0,222.0
36085,2021,2021_101337,0.25,0,685.0,685.0
36085,2021,2021_101338,7.5,0,1032.6,2048.0
36085,2021,2021_101339,1.0,0,443.0,443.0
36085,2021,2021_101340,0.75,0,533.3333333333334,585.0
36085,2021,2021_101341,3.5,0,2858.714285714286,4427.0
36085,2021,2021_101342,1.5,0,431.5,522.0
36085,2021,2021_101343,0.75,0,637.0,637.0
36085,2021,2021_101344,0.25,0,297.0,297.0
36085,2021,2021_101345,5.5,0,212.77272727272728,215.0
36085,2021,2021_101346,0.75,0,674.0,674.0
36085,2021,2021_101347,0.25,0,417.0,417.0
36085,2021,2021_101348,0.5,0,421.5,505.0
36085,2021,2021_101349,1.25,0,481.6,634.0
36085,2021,2021_101350,0.25,0,1856.0,1856.0
36085,2021,2021_101351,0.5,0,835.0,835.0
36085,2021,2021_101352,1.25,0,248.4,249.0
36085,2021,2021_101353,0.5,0,1081.0,1081.0
36085,2021,2021_101354,2.25,0,1087.7777777777778,1920.0
36085,2021,2021_101355,1.25,0,1249.0,1256.0
36085,2021,2021_101356,0.25,0,642.0,642.0
36085,2021,2021_101357,0.5,0,311.0,311.0
36085,2021,2021_101358,1.25,0,1398.6,1412.0
36085,2021,2021_101359,0.25,0,1344.0,1344.0
36085,2021,2021_101360,0.25,0,369.0,369.0
36085,2021,2021_101361,0.5,0,1020.0,1020.0
36085,2021,2021_101362,4.75,0,2244.842105263158,3489.0
36085,2021,2021_101363,0.75,0,505.3333333333333,506.0
36085,2021,2021_101364,2.25,0,234.0,234.0
36085,2021,2021_101365,3.5,0,232.0,232.0
36085,2021,2021_101366,1.0,0,374.0,499.0
36085,2021,2021_101367,2.25,0,382.8888888888889,396.0
36085,2021,2021_101368,0.75,0,266.6666666666667,267.0
36085,2021,2021_101369,2.0,0,549.0,549.0
36085,2021,2021_101370,2.0,0,520.25,619.0
36085,2021,2021_New York-0,3.5,0,241.71428571428572,286.0
36085,2021,2021_New York-1,0.25,1,201.0,201.0
36085,2021,2021_New York-2,0.25,0,685.0,685.0
36085,2021,2021_New York-3,0.5,0,1020.0,1020.0
36085,2021,2021_New York-4,2.25,1,382.8888888888889,396.0
36085,2021,2021_New York-7,1.0,0,242.0,242.0
36085,2021,2021_New York-8,2.5,0,629.2,632.0
36085,2022,2022_107125,0.75,0,208.33333333333337,209.0
36085,2022,2022_107126,0.75,0,201.0,201.0
36085,2022,2022_107127,1.0,0,808.25,810.0
36085,2022,2022_107128,1.5,0,388.6666666666667,882.0
36085,2022,2022_107129,0.25,0,298.0,298.0
36085,2022,2022_107130,1.0,0,1313.5,1319.0
36085,2022,2022_107131,0.25,0,367.0,367.0
36085,2022,2022_107132,0.25,0,353.0,353.0
36085,2022,2022_107133,1.0,0,525.0,525.0
36085,2022,2022_107134,1.5,0,229.5,232.0
36085,2022,2022_107135,0.75,0,615.6666666666666,617.0
36085,2022,2022_107136,0.25,0,620.0,620.0
36085,2022,2022_107137,1.0,0,560.75,562.0
36085,2022,2022_107138,1.0,0,404.25,683.0
36085,2022,2022_107139,1.0,0,402.25,983.0
36085,2022,2022_107140,0.5,0,219.0,219.0
36085,2022,2022_107141,0.25,0,904.0,904.0
36085,2022,2022_107142,0.25,0,904.0,904.0
36085,2022,2022_107143,1.5,0,602.1666666666666,918.0
36085,2022,2022_107144,2.0,0,3706.75,4805.0
36085,2022,2022_107145,2.0,0,2978.375,4653.0
36085,2022,2022_107146,0.5,0,551.0,551.0
36085,2022,2022_107147,1.25,0,546.6,549.0
36085,2022,2022_107148,1.0,0,1059.25,2328.0
36085,2022,2022_107149,4.25,0,590.0,920.0
36085,2022,2022_107150,0.25,0,1113.0,1113.0
36085,2022,2022_107151,3.25,0,248.6153846153846,272.0
36085,2022,2022_107152,1.25,0,230.0,230.0
36085,2022,2022_107153,0.25,0,511.0,511.0
36085,2022,2022_107154,2.0,0,644.5,975.0
36085,2022,2022_107155,0.25,0,521.0,521.0
36085,2022,2022_107156,1.0,0,2975.25,3806.0
36085,2022,2022_107157,1.25,0,1502.6,1511.0
36085,2022,2022_107158,0.25,0,542.0,542.0
36085,2022,2022_107159,0.5,0,229.0,253.0
36085,2022,2022_107160,2.75,0,321.8181818181818,391.0
36085,2022,2022_107161,0.5,0,1057.5,1374.0
36085,2022,2022_107162,1.0,0,499.0,506.0
36085,2022,2022_107163,0.5,0,209.0,209.0
36085,2022,2022_107164,0.25,0,1827.0,1827.0
36085,2022,2022_107165,1.25,0,270.8,277.0
36085,2022,2022_107166,0.25,0,213.0,213.0
36085,2022,2022_107167,0.5,0,327.0,327.0
36085,2022,2022_107168,0.5,0,478.5,484.0
36085,2022,2022_107169,0.25,0,200.0,200.0
36085,2022,2022_107170,1.75,0,435.0,455.0
36085,2022,2022_107171,0.75,0,214.0,214.0
36085,2022,2022_107172,0.25,0,253.0,253.0
36085,2022,2022_107173,1.5,0,426.3333333333333,458.0
36085,2022,2022_107174,1.25,0,204.4,206.0
36085,2022,2022_107175,1.75,0,1496.7142857142858,1546.0
36085,2022,2022_107176,1.0,0,562.0,562.0
36085,2022,2022_107177,0.5,0,562.0,562.0
36085,2022,2022_107178,0.5,0,759.0,759.0
36085,2022,2022_107179,1.75,0,467.42857142857144,468.0
36085,2022,2022_107180,2.0,0,672.0,686.0
36085,2022,2022_107181,2.25,0,2491.4444444444443,3871.0
36085,2022,2022_107182,1.0,0,598.75,601.0
36085,2022,2022_107183,1.0,0,690.25,919.0
36085,2022,2022_107184,1.0,0,629.0,629.0
36085,2022,2022_107185,1.5,0,369.6666666666667,415.0
36085,2022,2022_107186,1.0,0,1866.75,2347.0
36085,2022,2022_107187,1.0,0,494.0,494.0
36085,2022,2022_107188,10.75,0,496.6046511627907,510.0
36085,2022,2022_107189,2.0,0,2951.625,3940.0
36085,2022,2022_107190,0.5,0,1835.0,2940.0
36085,2022,2022_107191,0.5,0,593.0,593.0
36085,2022,2022_107192,0.25,0,266.0,266.0
36085,2022,2022_107193,2.25,0,1613.7777777777778,2727.0
36085,2022,2022_107194,0.75,0,464.6666666666667,490.0
36085,2022,2022_107195,0.25,0,258.0,258.0
36085,2022,2022_107196,0.25,0,886.0,886.0
36085,2022,2022_107197,3.5,0,3253.5,5357.0
36085,2022,2022_107198,1.0,0,1125.5,1129.0
36085,2022,2022_107199,7.0,0,2313.9285714285716,3375.0
36085,2022,2022_107200,1.0,0,994.75,1201.0
36085,2022,2022_107201,0.75,0,1153.0,1154.0
36085,2022,2022_107202,2.5,0,266.0,286.0
36085,2022,2022_107203,0.5,0,2421.0,2421.0
36085,2022,2022_107204,2.0,0,1646.625,2006.0
36085,2022,2022_107205,0.25,0,585.0,585.0
36085,2022,2022_107206,4.0,0,9374.25,17760.0
36085,2022,2022_107207,1.0,0,982.0,982.0
36085,2022,2022_107208,0.25,0,549.0,549.0
36085,2022,2022_107209,1.5,0,629.1666666666666,902.0
36085,2022,2022_107210,1.25,0,561.8,563.0
36085,2022,2022_107211,0.75,0,1293.3333333333333,1330.0
36085,2022,2022_107212,1.25,0,465.8,466.0
36085,2022,2022_107213,0.25,0,242.0,242.0
36085,2022,2022_107214,0.25,0,381.0,381.0
36085,2022,2022_107215,0.25,0,522.0,522.0
36085,2022,2022_107216,0.25,0,726.0,726.0
36085,2022,2022_107217,0.5,0,580.0,581.0
36085,2022,2022_107218,1.5,0,466.8333333333333,495.0
36085,2022,2022_107219,0.5,0,704.0,824.0
36085,2022,2022_107220,0.25,0,875.0,875.0
36085,2022,2022_107221,0.25,0,528.0,528.0
36085,2022,2022_107222,1.5,0,252.0,258.0
36085,2022,2022_107223,0.75,0,210.0,210.0
36085,2022,2022_107224,7.25,0,563.9310344827586,1229.0
36085,2022,2022_107225,0.75,0,728.6666666666666,729.0
36085,2022,2022_107226,0.75,0,705.0,705.0
36085,2022,2022_107227,1.75,0,508.2857142857143,833.0
36085,2022,2022_New York-1,0.5,0,1057.5,1374.0
36085,2022,2022_New York-10,1.5,0,252.0,258.0
36085,2022,2022_New York-12,0.75,0,464.6666666666667,490.0
36085,2022,2022_New York-13,1.0,1,404.25,683.0
36085,2022,2022_New York-2,0.75,1,705.0,705.0
36085,2022,2022_New York-4,0.5,0,1057.5,1374.0
36085,2022,2022_New York-5,4.0,0,9374.25,17760.0
36085,2022,2022_New York-6,0.25,0,528.0,528.0
36085,2022,2022_New York-7,0.25,0,353.0,353.0
36085,2022,2022_New York-8,0.75,0,201.0,201.0
36085,2023,2023_102558,0.25,0,781.0,781.0
36085,2023,2023_102559,5.5,0,323.59090909090907,772.0
36085,2023,2023_102560,2.5,0,443.7,711.0
36085,2023,2023_102561,0.5,0,310.0,310.0
36085,2023,2023_102562,0.25,0,700.0,700.0
36085,2023,2023_102563,0.25,0,348.0,348.0
36085,2023,2023_102564,0.5,0,1077.5,1079.0
36085,2023,2023_102565,0.75,0,294.0,294.0
36085,2023,2023_102566,0.75,0,249.0,249.0
36085,2023,2023_102567,0.75,0,248.66666666666663,265.0
36085,2023,2023_102568,0.75,0,368.6666666666667,374.0
36085,2023,2023_102569,0.25,0,967.0,967.0
36085,2023,2023_102570,0.25,0,358.0,358.0
36085,2023,2023_102571,0.25,0,613.0,613.0
36085,2023,2023_102572,1.25,0,813.2,814.0
36085,2023,2023_102573,0.75,0,230.0,230.0
36085,2023,2023_102574,0.25,0,601.0,601.0
36085,2023,2023_102575,0.5,0,658.5,676.0
36085,2023,2023_102576,0.75,0,305.0,305.0
36085,2023,2023_102577,0.5,0,582.5,589.0
36085,2023,2023_102578,2.0,0,202.0,202.0
36085,2023,2023_102579,1.25,0,526.8,638.0
36085,2023,2023_102580,1.75,0,1163.571428571429,1219.0
36085,2023,2023_102581,0.5,0,330.0,330.0
36085,2023,2023_102582,0.25,0,1885.0,1885.0
36085,2023,2023_102583,2.0,0,365.625,370.0
36085,2023,2023_102584,0.25,0,395.0,395.0
36085,2023,2023_102585,0.25,0,708.0,708.0
36085,2023,2023_102586,0.25,0,748.0,748.0
36085,2023,2023_102587,0.25,0,574.0,574.0
36085,2023,2023_102588,1.5,0,229.5,244.0
36085,2023,2023_102589,0.75,0,216.0,216.0
36085,2023,2023_102590,0.25,0,291.0,291.0
36085,2023,2023_102591,2.5,0,567.9,1198.0
36085,2023,2023_102592,0.25,0,210.0,210.0
36085,2023,2023_102593,0.5,0,210.0,210.0
36085,2023,2023_102594,0.5,0,697.0,757.0
36085,2023,2023_102595,0.25,0,200.0,200.0
36085,2023,2023_102596,2.0,0,211.0,211.0
36085,2023,2023_102597,0.5,0,222.0,233.0
36085,2023,2023_102598,4.75,0,417.42105263157896,761.0
36085,2023,2023_102599,0.75,0,747.0,750.0
36085,2023,2023_102600,1.0,0,636.5,649.0
36085,2023,2023_102601,4.25,0,910.7647058823528,1392.0
36085,2023,2023_102602,0.25,0,207.0,207.0
36085,2023,2023_102603,0.25,0,1017.0,1017.0
36085,2023,2023_102604,2.0,0,432.5,848.0
36085,2023,2023_102605,0.5,0,318.5,319.0
36085,2023,2023_102606,1.0,0,632.0,820.0
36085,2023,2023_102607,0.75,0,219.33333333333337,220.0
36085,2023,2023_102608,0.25,0,620.0,620.0
36085,2023,2023_102609,0.25,0,281.0,281.0
36085,2023,2023_102610,2.75,0,620.1818181818181,726.0
36085,2023,2023_102611,1.25,0,1313.8,2467.0
36085,2023,2023_102612,2.75,0,1099.4545454545455,1103.0
36085,2023,2023_102613,0.5,0,290.0,290.0
36085,2023,2023_102614,0.25,0,578.0,578.0
36085,2023,2023_102615,1.0,0,373.0,498.0
36085,2023,2023_102616,2.25,0,869.0,1206.0
36085,2023,2023_102617,1.75,0,500.0,584.0
36085,2023,2023_102618,0.25,0,639.0,639.0
36085,2023,2023_102619,0.5,0,614.0,614.0
36085,2023,2023_102620,1.5,0,501.0,794.0
36085,2023,2023_102621,0.75,0,1002.6666666666666,1004.0
36085,2023,2023_102622,0.25,0,455.0,455.0
36085,2023,2023_102623,0.25,0,591.0,591.0
36085,2023,2023_102624,4.0,0,1307.9375,1308.0
36085,2023,2023_102625,8.5,0,1802.9117647058824,3780.0
36085,2023,2023_102626,0.75,0,463.0,463.0
36085,2023,2023_102627,2.25,0,2875.1111111111113,3762.0
36085,2023,2023_New York-3,0.25,0,700.0,700.0
36085,2023,2023_New York-5,2.75,0,1099.4545454545455,1103.0
