tract_fips,n_years,occ_spearman_rho,occ_spearman_p,dur_spearman_rho,dur_spearman_p,occ_spearman_q,dur_spearman_q,occ_sig_05,occ_sig_01,dur_sig_05,dur_sig_01
36005000100,10,0.7587172123012766,0.01095147802202646,0.5107414652298363,0.13141292504370802,0.02355436939658072,0.45439110286245454,True,False,False,False
36005000200,10,0.7587172123012766,0.01095147802202646,0.5107414652298363,0.13141292504370802,0.02355436939658072,0.45439110286245454,True,False,False,False
36005000400,10,0.7587172123012766,0.01095147802202646,0.5107414652298363,0.13141292504370802,0.02355436939658072,0.45439110286245454,True,False,False,False
36005001600,10,0.7587172123012766,0.01095147802202646,0.5107414652298363,0.13141292504370802,0.02355436939658072,0.45439110286245454,True,False,False,False
36005001900,10,0.7587172123012766,0.01095147802202646,0.5107414652298363,0.13141292504370802,0.02355436939658072,0.45439110286245454,True,False,False,False
36005002000,10,0.7587172123012766,0.01095147802202646,0.5107414652298363,0.13141292504370802,0.02355436939658072,0.45439110286245454,True,False,False,False
36005002300,10,0.7587172123012766,0.01095147802202646,0.5107414652298363,0.13141292504370802,0.02355436939658072,0.45439110286245454,True,False,False,False
36005002400,10,0.7587172123012766,0.01095147802202646,0.5107414652298363,0.13141292504370802,0.02355436939658072,0.45439110286245454,True,False,False,False
36005002500,10,0.7587172123012766,0.01095147802202646,0.5107414652298363,0.13141292504370802,0.02355436939658072,0.45439110286245454,True,False,False,False
36005002701,10,0.7587172123012766,0.01095147802202646,0.5107414652298363,0.13141292504370802,0.02355436939658072,0.45439110286245454,True,False,False,False
36005002702,10,0.7587172123012766,0.01095147802202646,0.5107414652298363,0.13141292504370802,0.02355436939658072,0.45439110286245454,True,False,False,False
36005002800,10,0.7587172123012766,0.01095147802202646,0.5107414652298363,0.13141292504370802,0.02355436939658072,0.45439110286245454,True,False,False,False
36005003100,10,0.7587172123012766,0.01095147802202646,0.5107414652298363,0.13141292504370802,0.02355436939658072,0.45439110286245454,True,False,False,False
36005003300,10,0.7587172123012766,0.01095147802202646,0.5107414652298363,0.13141292504370802,0.02355436939658072,0.45439110286245454,True,False,False,False
36005003500,10,0.7587172123012766,0.01095147802202646,0.5107414652298363,0.13141292504370802,0.02355436939658072,0.45439110286245454,True,False,False,False
36005003700,10,0.7587172123012766,0.01095147802202646,0.5107414652298363,0.13141292504370802,0.02355436939658072,0.45439110286245454,True,False,False,False
36005003800,10,0.7587172123012766,0.01095147802202646,0.5107414652298363,0.13141292504370802,0.02355436939658072,0.45439110286245454,True,False,False,False
36005003900,10,0.7587172123012766,0.01095147802202646,0.5107414652298363,0.13141292504370802,0.02355436939658072,0.45439110286245454,True,False,False,False
36005004001,10,0.7587172123012766,0.01095147802202646,0.5107414652298363,0.13141292504370802,0.02355436939658072,0.45439110286245454,True,False,False,False
36005004100,10,0.7587172123012766,0.01095147802202646,0.5107414652298363,0.13141292504370802,0.02355436939658072,0.45439110286245454,True,False,False,False
36005004200,10,0.7587172123012766,0.01095147802202646,0.5107414652298363,0.13141292504370802,0.02355436939658072,0.45439110286245454,True,False,False,False
36005004300,10,0.7587172123012766,0.01095147802202646,0.5107414652298363,0.13141292504370802,0.02355436939658072,0.45439110286245454,True,False,False,False
36005004400,10,0.7587172123012766,0.01095147802202646,0.5107414652298363,0.13141292504370802,0.02355436939658072,0.45439110286245454,True,False,False,False
36005004600,10,0.7587172123012766,0.01095147802202646,0.5107414652298363,0.13141292504370802,0.02355436939658072,0.45439110286245454,True,False,False,False
36005004800,10,0.7587172123012766,0.01095147802202646,0.5107414652298363,0.13141292504370802,0.02355436939658072,0.45439110286245454,True,False,False,False
36005005001,10,0.7587172123012766,0.01095147802202646,0.5107414652298363,0.13141292504370802,0.02355436939658072,0.45439110286245454,True,False,False,False
36005005002,10,0.7587172123012766,0.01095147802202646,0.5107414652298363,0.13141292504370802,0.02355436939658072,0.45439110286245454,True,False,False,False
36005005100,10,0.7587172123012766,0.01095147802202646,0.5107414652298363,0.13141292504370802,0.02355436939658072,0.45439110286245454,True,False,False,False
36005005200,10,0.7587172123012766,0.01095147802202646,0.5107414652298363,0.13141292504370802,0.02355436939658072,0.45439110286245454,True,False,False,False
36005005300,10,0.7587172123012766,0.01095147802202646,0.5107414652298363,0.13141292504370802,0.02355436939658072,0.45439110286245454,True,False,False,False
36005005400,10,0.7587172123012766,0.01095147802202646,0.5107414652298363,0.13141292504370802,0.02355436939658072,0.45439110286245454,True,False,False,False
36005005600,10,0.7587172123012766,0.01095147802202646,0.5107414652298363,0.13141292504370802,0.02355436939658072,0.45439110286245454,True,False,False,False
36005005902,10,0.7587172123012766,0.01095147802202646,0.5107414652298363,0.13141292504370802,0.02355436939658072,0.45439110286245454,True,False,False,False
36005006000,10,0.7587172123012766,0.01095147802202646,0.5107414652298363,0.13141292504370802,0.02355436939658072,0.45439110286245454,True,False,False,False
36005006100,10,0.7587172123012766,0.01095147802202646,0.5107414652298363,0.13141292504370802,0.02355436939658072,0.45439110286245454,True,False,False,False
36005006200,10,0.7587172123012766,0.01095147802202646,0.5107414652298363,0.13141292504370802,0.02355436939658072,0.45439110286245454,True,False,False,False
36005006300,10,0.7587172123012766,0.01095147802202646,0.5107414652298363,0.13141292504370802,0.02355436939658072,0.45439110286245454,True,False,False,False
36005006400,10,0.7587172123012766,0.01095147802202646,0.5107414652298363,0.13141292504370802,0.02355436939658072,0.45439110286245454,True,False,False,False
36005006500,10,0.7587172123012766,0.01095147802202646,0.5107414652298363,0.13141292504370802,0.02355436939658072,0.45439110286245454,True,False,False,False
36005006700,10,0.7587172123012766,0.01095147802202646,0.5107414652298363,0.13141292504370802,0.02355436939658072,0.45439110286245454,True,False,False,False
36005006800,10,0.7587172123012766,0.01095147802202646,0.5107414652298363,0.13141292504370802,0.02355436939658072,0.45439110286245454,True,False,False,False
36005006900,10,0.7587172123012766,0.01095147802202646,0.5107414652298363,0.13141292504370802,0.02355436939658072,0.45439110286245454,True,False,False,False
36005007000,10,0.7587172123012766,0.01095147802202646,0.5107414652298363,0.13141292504370802,0.02355436939658072,0.45439110286245454,True,False,False,False
36005007100,10,0.7587172123012766,0.01095147802202646,0.5107414652298363,0.13141292504370802,0.02355436939658072,0.45439110286245454,True,False,False,False
36005007200,10,0.7587172123012766,0.01095147802202646,0.5107414652298363,0.13141292504370802,0.02355436939658072,0.45439110286245454,True,False,False,False
36005007300,10,0.7587172123012766,0.01095147802202646,0.5107414652298363,0.13141292504370802,0.02355436939658072,0.45439110286245454,True,False,False,False
36005007400,10,0.7587172123012766,0.01095147802202646,0.5107414652298363,0.13141292504370802,0.02355436939658072,0.45439110286245454,True,False,False,False
36005007500,10,0.7587172123012766,0.01095147802202646,0.5107414652298363,0.13141292504370802,0.02355436939658072,0.45439110286245454,True,False,False,False
36005007600,10,0.7587172123012766,0.01095147802202646,0.5107414652298363,0.13141292504370802,0.02355436939658072,0.45439110286245454,True,False,False,False
36005007700,10,0.7587172123012766,0.01095147802202646,0.5107414652298363,0.13141292504370802,0.02355436939658072,0.45439110286245454,True,False,False,False
36005007800,10,0.7587172123012766,0.01095147802202646,0.5107414652298363,0.13141292504370802,0.02355436939658072,0.45439110286245454,True,False,False,False
36005007900,10,0.7587172123012766,0.01095147802202646,0.5107414652298363,0.13141292504370802,0.02355436939658072,0.45439110286245454,True,False,False,False
36005008300,10,0.7587172123012766,0.01095147802202646,0.5107414652298363,0.13141292504370802,0.02355436939658072,0.45439110286245454,True,False,False,False
36005008400,10,0.7587172123012766,0.01095147802202646,0.5107414652298363,0.13141292504370802,0.02355436939658072,0.45439110286245454,True,False,False,False
36005008500,10,0.7587172123012766,0.01095147802202646,0.5107414652298363,0.13141292504370802,0.02355436939658072,0.45439110286245454,True,False,False,False
36005008600,10,0.7587172123012766,0.01095147802202646,0.5107414652298363,0.13141292504370802,0.02355436939658072,0.45439110286245454,True,False,False,False
36005008700,10,0.7587172123012766,0.01095147802202646,0.5107414652298363,0.13141292504370802,0.02355436939658072,0.45439110286245454,True,False,False,False
36005008900,10,0.7587172123012766,0.01095147802202646,0.5107414652298363,0.13141292504370802,0.02355436939658072,0.45439110286245454,True,False,False,False
36005009000,10,0.7587172123012766,0.01095147802202646,0.5107414652298363,0.13141292504370802,0.02355436939658072,0.45439110286245454,True,False,False,False
36005009200,10,0.7587172123012766,0.01095147802202646,0.5107414652298363,0.13141292504370802,0.02355436939658072,0.45439110286245454,True,False,False,False
36005009300,10,0.7587172123012766,0.01095147802202646,0.5107414652298363,0.13141292504370802,0.02355436939658072,0.45439110286245454,True,False,False,False
36005009600,10,0.7587172123012766,0.01095147802202646,0.5107414652298363,0.13141292504370802,0.02355436939658072,0.45439110286245454,True,False,False,False
36005009800,10,0.7587172123012766,0.01095147802202646,0.5107414652298363,0.13141292504370802,0.02355436939658072,0.45439110286245454,True,False,False,False
36005011000,10,0.7587172123012766,0.01095147802202646,0.5107414652298363,0.13141292504370802,0.02355436939658072,0.45439110286245454,True,False,False,False
36005011502,10,0.7587172123012766,0.01095147802202646,0.5107414652298363,0.13141292504370802,0.02355436939658072,0.45439110286245454,True,False,False,False
36005011700,10,0.7587172123012766,0.01095147802202646,0.5107414652298363,0.13141292504370802,0.02355436939658072,0.45439110286245454,True,False,False,False
36005011800,10,0.7587172123012766,0.01095147802202646,0.5107414652298363,0.13141292504370802,0.02355436939658072,0.45439110286245454,True,False,False,False
36005011900,10,0.7587172123012766,0.01095147802202646,0.5107414652298363,0.13141292504370802,0.02355436939658072,0.45439110286245454,True,False,False,False
36005012101,10,0.7587172123012766,0.01095147802202646,0.5107414652298363,0.13141292504370802,0.02355436939658072,0.45439110286245454,True,False,False,False
36005012102,10,0.7587172123012766,0.01095147802202646,0.5107414652298363,0.13141292504370802,0.02355436939658072,0.45439110286245454,True,False,False,False
36005012300,10,0.7587172123012766,0.01095147802202646,0.5107414652298363,0.13141292504370802,0.02355436939658072,0.45439110286245454,True,False,False,False
36005012500,10,0.7587172123012766,0.01095147802202646,0.5107414652298363,0.13141292504370802,0.02355436939658072,0.45439110286245454,True,False,False,False
36005012701,10,0.7587172123012766,0.01095147802202646,0.5107414652298363,0.13141292504370802,0.02355436939658072,0.45439110286245454,True,False,False,False
36005012901,10,0.7587172123012766,0.01095147802202646,0.5107414652298363,0.13141292504370802,0.02355436939658072,0.45439110286245454,True,False,False,False
36005013000,10,0.7587172123012766,0.01095147802202646,0.5107414652298363,0.13141292504370802,0.02355436939658072,0.45439110286245454,True,False,False,False
36005013100,10,0.7587172123012766,0.01095147802202646,0.5107414652298363,0.13141292504370802,0.02355436939658072,0.45439110286245454,True,False,False,False
36005013200,10,0.7587172123012766,0.01095147802202646,0.5107414652298363,0.13141292504370802,0.02355436939658072,0.45439110286245454,True,False,False,False
36005013300,10,0.7587172123012766,0.01095147802202646,0.5107414652298363,0.13141292504370802,0.02355436939658072,0.45439110286245454,True,False,False,False
36005013500,10,0.7587172123012766,0.01095147802202646,0.5107414652298363,0.13141292504370802,0.02355436939658072,0.45439110286245454,True,False,False,False
36005013800,10,0.7587172123012766,0.01095147802202646,0.5107414652298363,0.13141292504370802,0.02355436939658072,0.45439110286245454,True,False,False,False
36005014100,10,0.7587172123012766,0.01095147802202646,0.5107414652298363,0.13141292504370802,0.02355436939658072,0.45439110286245454,True,False,False,False
36005014300,10,0.7587172123012766,0.01095147802202646,0.5107414652298363,0.13141292504370802,0.02355436939658072,0.45439110286245454,True,False,False,False
36005014400,10,0.7587172123012766,0.01095147802202646,0.5107414652298363,0.13141292504370802,0.02355436939658072,0.45439110286245454,True,False,False,False
36005014500,10,0.7587172123012766,0.01095147802202646,0.5107414652298363,0.13141292504370802,0.02355436939658072,0.45439110286245454,True,False,False,False
36005014701,10,0.7587172123012766,0.01095147802202646,0.5107414652298363,0.13141292504370802,0.02355436939658072,0.45439110286245454,True,False,False,False
36005014702,10,0.7587172123012766,0.01095147802202646,0.5107414652298363,0.13141292504370802,0.02355436939658072,0.45439110286245454,True,False,False,False
36005014900,10,0.7587172123012766,0.01095147802202646,0.5107414652298363,0.13141292504370802,0.02355436939658072,0.45439110286245454,True,False,False,False
36005015100,10,0.7587172123012766,0.01095147802202646,0.5107414652298363,0.13141292504370802,0.02355436939658072,0.45439110286245454,True,False,False,False
36005015200,10,0.7587172123012766,0.01095147802202646,0.5107414652298363,0.13141292504370802,0.02355436939658072,0.45439110286245454,True,False,False,False
36005015300,10,0.7587172123012766,0.01095147802202646,0.5107414652298363,0.13141292504370802,0.02355436939658072,0.45439110286245454,True,False,False,False
36005015500,10,0.7587172123012766,0.01095147802202646,0.5107414652298363,0.13141292504370802,0.02355436939658072,0.45439110286245454,True,False,False,False
36005015700,10,0.7587172123012766,0.01095147802202646,0.5107414652298363,0.13141292504370802,0.02355436939658072,0.45439110286245454,True,False,False,False
36005015800,10,0.7587172123012766,0.01095147802202646,0.5107414652298363,0.13141292504370802,0.02355436939658072,0.45439110286245454,True,False,False,False
36005015900,10,0.7587172123012766,0.01095147802202646,0.5107414652298363,0.13141292504370802,0.02355436939658072,0.45439110286245454,True,False,False,False
36005016000,10,0.7587172123012766,0.01095147802202646,0.5107414652298363,0.13141292504370802,0.02355436939658072,0.45439110286245454,True,False,False,False
36005016100,10,0.7587172123012766,0.01095147802202646,0.5107414652298363,0.13141292504370802,0.02355436939658072,0.45439110286245454,True,False,False,False
36005016200,10,0.7587172123012766,0.01095147802202646,0.5107414652298363,0.13141292504370802,0.02355436939658072,0.45439110286245454,True,False,False,False
36005016300,10,0.7587172123012766,0.01095147802202646,0.5107414652298363,0.13141292504370802,0.02355436939658072,0.45439110286245454,True,False,False,False
36005016400,10,0.7587172123012766,0.01095147802202646,0.5107414652298363,0.13141292504370802,0.02355436939658072,0.45439110286245454,True,False,False,False
36005016500,10,0.7587172123012766,0.01095147802202646,0.5107414652298363,0.13141292504370802,0.02355436939658072,0.45439110286245454,True,False,False,False
36005016600,10,0.7587172123012766,0.01095147802202646,0.5107414652298363,0.13141292504370802,0.02355436939658072,0.45439110286245454,True,False,False,False
36005016700,10,0.7587172123012766,0.01095147802202646,0.5107414652298363,0.13141292504370802,0.02355436939658072,0.45439110286245454,True,False,False,False
36005016900,10,0.7587172123012766,0.01095147802202646,0.5107414652298363,0.13141292504370802,0.02355436939658072,0.45439110286245454,True,False,False,False
36005017100,10,0.7587172123012766,0.01095147802202646,0.5107414652298363,0.13141292504370802,0.02355436939658072,0.45439110286245454,True,False,False,False
36005017300,10,0.7587172123012766,0.01095147802202646,0.5107414652298363,0.13141292504370802,0.02355436939658072,0.45439110286245454,True,False,False,False
36005017500,10,0.7587172123012766,0.01095147802202646,0.5107414652298363,0.13141292504370802,0.02355436939658072,0.45439110286245454,True,False,False,False
36005017701,10,0.7587172123012766,0.01095147802202646,0.5107414652298363,0.13141292504370802,0.02355436939658072,0.45439110286245454,True,False,False,False
36005017702,10,0.7587172123012766,0.01095147802202646,0.5107414652298363,0.13141292504370802,0.02355436939658072,0.45439110286245454,True,False,False,False
36005017901,10,0.7587172123012766,0.01095147802202646,0.5107414652298363,0.13141292504370802,0.02355436939658072,0.45439110286245454,True,False,False,False
36005017902,10,0.7587172123012766,0.01095147802202646,0.5107414652298363,0.13141292504370802,0.02355436939658072,0.45439110286245454,True,False,False,False
36005018101,10,0.7587172123012766,0.01095147802202646,0.5107414652298363,0.13141292504370802,0.02355436939658072,0.45439110286245454,True,False,False,False
36005018102,10,0.7587172123012766,0.01095147802202646,0.5107414652298363,0.13141292504370802,0.02355436939658072,0.45439110286245454,True,False,False,False
36005018301,10,0.7587172123012766,0.01095147802202646,0.5107414652298363,0.13141292504370802,0.02355436939658072,0.45439110286245454,True,False,False,False
36005018302,10,0.7587172123012766,0.01095147802202646,0.5107414652298363,0.13141292504370802,0.02355436939658072,0.45439110286245454,True,False,False,False
36005018400,10,0.7587172123012766,0.01095147802202646,0.5107414652298363,0.13141292504370802,0.02355436939658072,0.45439110286245454,True,False,False,False
36005018500,10,0.7587172123012766,0.01095147802202646,0.5107414652298363,0.13141292504370802,0.02355436939658072,0.45439110286245454,True,False,False,False
36005018900,10,0.7587172123012766,0.01095147802202646,0.5107414652298363,0.13141292504370802,0.02355436939658072,0.45439110286245454,True,False,False,False
36005019300,10,0.7587172123012766,0.01095147802202646,0.5107414652298363,0.13141292504370802,0.02355436939658072,0.45439110286245454,True,False,False,False
36005019400,10,0.7587172123012766,0.01095147802202646,0.5107414652298363,0.13141292504370802,0.02355436939658072,0.45439110286245454,True,False,False,False
36005019500,10,0.7587172123012766,0.01095147802202646,0.5107414652298363,0.13141292504370802,0.02355436939658072,0.45439110286245454,True,False,False,False
36005019700,10,0.7587172123012766,0.01095147802202646,0.5107414652298363,0.13141292504370802,0.02355436939658072,0.45439110286245454,True,False,False,False
36005019900,10,0.7587172123012766,0.01095147802202646,0.5107414652298363,0.13141292504370802,0.02355436939658072,0.45439110286245454,True,False,False,False
36005020000,10,0.7587172123012766,0.01095147802202646,0.5107414652298363,0.13141292504370802,0.02355436939658072,0.45439110286245454,True,False,False,False
36005020100,10,0.7587172123012766,0.01095147802202646,0.5107414652298363,0.13141292504370802,0.02355436939658072,0.45439110286245454,True,False,False,False
36005020200,10,0.7587172123012766,0.01095147802202646,0.5107414652298363,0.13141292504370802,0.02355436939658072,0.45439110286245454,True,False,False,False
36005020400,10,0.7587172123012766,0.01095147802202646,0.5107414652298363,0.13141292504370802,0.02355436939658072,0.45439110286245454,True,False,False,False
36005020501,10,0.7587172123012766,0.01095147802202646,0.5107414652298363,0.13141292504370802,0.02355436939658072,0.45439110286245454,True,False,False,False
36005020502,10,0.7587172123012766,0.01095147802202646,0.5107414652298363,0.13141292504370802,0.02355436939658072,0.45439110286245454,True,False,False,False
36005020601,10,0.7587172123012766,0.01095147802202646,0.5107414652298363,0.13141292504370802,0.02355436939658072,0.45439110286245454,True,False,False,False
36005020900,10,0.7587172123012766,0.01095147802202646,0.5107414652298363,0.13141292504370802,0.02355436939658072,0.45439110286245454,True,False,False,False
36005021001,10,0.7587172123012766,0.01095147802202646,0.5107414652298363,0.13141292504370802,0.02355436939658072,0.45439110286245454,True,False,False,False
36005021002,10,0.7587172123012766,0.01095147802202646,0.5107414652298363,0.13141292504370802,0.02355436939658072,0.45439110286245454,True,False,False,False
36005021100,10,0.7587172123012766,0.01095147802202646,0.5107414652298363,0.13141292504370802,0.02355436939658072,0.45439110286245454,True,False,False,False
36005021200,10,0.7587172123012766,0.01095147802202646,0.5107414652298363,0.13141292504370802,0.02355436939658072,0.45439110286245454,True,False,False,False
36005021301,10,0.7587172123012766,0.01095147802202646,0.5107414652298363,0.13141292504370802,0.02355436939658072,0.45439110286245454,True,False,False,False
36005021302,10,0.7587172123012766,0.01095147802202646,0.5107414652298363,0.13141292504370802,0.02355436939658072,0.45439110286245454,True,False,False,False
36005021501,10,0.7587172123012766,0.01095147802202646,0.5107414652298363,0.13141292504370802,0.02355436939658072,0.45439110286245454,True,False,False,False
36005021502,10,0.7587172123012766,0.01095147802202646,0.5107414652298363,0.13141292504370802,0.02355436939658072,0.45439110286245454,True,False,False,False
36005021601,10,0.7587172123012766,0.01095147802202646,0.5107414652298363,0.13141292504370802,0.02355436939658072,0.45439110286245454,True,False,False,False
36005021602,10,0.7587172123012766,0.01095147802202646,0.5107414652298363,0.13141292504370802,0.02355436939658072,0.45439110286245454,True,False,False,False
36005021700,10,0.7587172123012766,0.01095147802202646,0.5107414652298363,0.13141292504370802,0.02355436939658072,0.45439110286245454,True,False,False,False
36005021800,10,0.7587172123012766,0.01095147802202646,0.5107414652298363,0.13141292504370802,0.02355436939658072,0.45439110286245454,True,False,False,False
36005021900,10,0.7587172123012766,0.01095147802202646,0.5107414652298363,0.13141292504370802,0.02355436939658072,0.45439110286245454,True,False,False,False
36005022000,10,0.7587172123012766,0.01095147802202646,0.5107414652298363,0.13141292504370802,0.02355436939658072,0.45439110286245454,True,False,False,False
36005022101,10,0.7587172123012766,0.01095147802202646,0.5107414652298363,0.13141292504370802,0.02355436939658072,0.45439110286245454,True,False,False,False
36005022102,10,0.7587172123012766,0.01095147802202646,0.5107414652298363,0.13141292504370802,0.02355436939658072,0.45439110286245454,True,False,False,False
36005022200,10,0.7587172123012766,0.01095147802202646,0.5107414652298363,0.13141292504370802,0.02355436939658072,0.45439110286245454,True,False,False,False
36005022300,10,0.7587172123012766,0.01095147802202646,0.5107414652298363,0.13141292504370802,0.02355436939658072,0.45439110286245454,True,False,False,False
36005022401,10,0.7587172123012766,0.01095147802202646,0.5107414652298363,0.13141292504370802,0.02355436939658072,0.45439110286245454,True,False,False,False
36005022403,10,0.7587172123012766,0.01095147802202646,0.5107414652298363,0.13141292504370802,0.02355436939658072,0.45439110286245454,True,False,False,False
36005022404,10,0.7587172123012766,0.01095147802202646,0.5107414652298363,0.13141292504370802,0.02355436939658072,0.45439110286245454,True,False,False,False
36005022500,10,0.7587172123012766,0.01095147802202646,0.5107414652298363,0.13141292504370802,0.02355436939658072,0.45439110286245454,True,False,False,False
36005022701,10,0.7587172123012766,0.01095147802202646,0.5107414652298363,0.13141292504370802,0.02355436939658072,0.45439110286245454,True,False,False,False
36005022702,10,0.7587172123012766,0.01095147802202646,0.5107414652298363,0.13141292504370802,0.02355436939658072,0.45439110286245454,True,False,False,False
36005022703,10,0.7587172123012766,0.01095147802202646,0.5107414652298363,0.13141292504370802,0.02355436939658072,0.45439110286245454,True,False,False,False
36005022800,10,0.7587172123012766,0.01095147802202646,0.5107414652298363,0.13141292504370802,0.02355436939658072,0.45439110286245454,True,False,False,False
36005022901,10,0.7587172123012766,0.01095147802202646,0.5107414652298363,0.13141292504370802,0.02355436939658072,0.45439110286245454,True,False,False,False
36005022902,10,0.7587172123012766,0.01095147802202646,0.5107414652298363,0.13141292504370802,0.02355436939658072,0.45439110286245454,True,False,False,False
36005023000,10,0.7587172123012766,0.01095147802202646,0.5107414652298363,0.13141292504370802,0.02355436939658072,0.45439110286245454,True,False,False,False
36005023100,10,0.7587172123012766,0.01095147802202646,0.5107414652298363,0.13141292504370802,0.02355436939658072,0.45439110286245454,True,False,False,False
36005023200,10,0.7587172123012766,0.01095147802202646,0.5107414652298363,0.13141292504370802,0.02355436939658072,0.45439110286245454,True,False,False,False
36005023301,10,0.7587172123012766,0.01095147802202646,0.5107414652298363,0.13141292504370802,0.02355436939658072,0.45439110286245454,True,False,False,False
36005023302,10,0.7587172123012766,0.01095147802202646,0.5107414652298363,0.13141292504370802,0.02355436939658072,0.45439110286245454,True,False,False,False
36005023501,10,0.7587172123012766,0.01095147802202646,0.5107414652298363,0.13141292504370802,0.02355436939658072,0.45439110286245454,True,False,False,False
36005023502,10,0.7587172123012766,0.01095147802202646,0.5107414652298363,0.13141292504370802,0.02355436939658072,0.45439110286245454,True,False,False,False
36005023600,10,0.7587172123012766,0.01095147802202646,0.5107414652298363,0.13141292504370802,0.02355436939658072,0.45439110286245454,True,False,False,False
36005023702,10,0.7587172123012766,0.01095147802202646,0.5107414652298363,0.13141292504370802,0.02355436939658072,0.45439110286245454,True,False,False,False
36005023703,10,0.7587172123012766,0.01095147802202646,0.5107414652298363,0.13141292504370802,0.02355436939658072,0.45439110286245454,True,False,False,False
36005023704,10,0.7587172123012766,0.01095147802202646,0.5107414652298363,0.13141292504370802,0.02355436939658072,0.45439110286245454,True,False,False,False
36005023800,10,0.7587172123012766,0.01095147802202646,0.5107414652298363,0.13141292504370802,0.02355436939658072,0.45439110286245454,True,False,False,False
36005023900,10,0.7587172123012766,0.01095147802202646,0.5107414652298363,0.13141292504370802,0.02355436939658072,0.45439110286245454,True,False,False,False
36005024000,10,0.7587172123012766,0.01095147802202646,0.5107414652298363,0.13141292504370802,0.02355436939658072,0.45439110286245454,True,False,False,False
36005024100,10,0.7587172123012766,0.01095147802202646,0.5107414652298363,0.13141292504370802,0.02355436939658072,0.45439110286245454,True,False,False,False
36005024300,10,0.7587172123012766,0.01095147802202646,0.5107414652298363,0.13141292504370802,0.02355436939658072,0.45439110286245454,True,False,False,False
36005024400,10,0.7587172123012766,0.01095147802202646,0.5107414652298363,0.13141292504370802,0.02355436939658072,0.45439110286245454,True,False,False,False
36005024501,10,0.7587172123012766,0.01095147802202646,0.5107414652298363,0.13141292504370802,0.02355436939658072,0.45439110286245454,True,False,False,False
36005024502,10,0.7587172123012766,0.01095147802202646,0.5107414652298363,0.13141292504370802,0.02355436939658072,0.45439110286245454,True,False,False,False
36005024600,10,0.7587172123012766,0.01095147802202646,0.5107414652298363,0.13141292504370802,0.02355436939658072,0.45439110286245454,True,False,False,False
36005024700,10,0.7587172123012766,0.01095147802202646,0.5107414652298363,0.13141292504370802,0.02355436939658072,0.45439110286245454,True,False,False,False
36005024800,10,0.7587172123012766,0.01095147802202646,0.5107414652298363,0.13141292504370802,0.02355436939658072,0.45439110286245454,True,False,False,False
36005024900,10,0.7587172123012766,0.01095147802202646,0.5107414652298363,0.13141292504370802,0.02355436939658072,0.45439110286245454,True,False,False,False
36005025000,10,0.7587172123012766,0.01095147802202646,0.5107414652298363,0.13141292504370802,0.02355436939658072,0.45439110286245454,True,False,False,False
36005025100,10,0.7587172123012766,0.01095147802202646,0.5107414652298363,0.13141292504370802,0.02355436939658072,0.45439110286245454,True,False,False,False
36005025200,10,0.7587172123012766,0.01095147802202646,0.5107414652298363,0.13141292504370802,0.02355436939658072,0.45439110286245454,True,False,False,False
36005025300,10,0.7587172123012766,0.01095147802202646,0.5107414652298363,0.13141292504370802,0.02355436939658072,0.45439110286245454,True,False,False,False
36005025400,10,0.7587172123012766,0.01095147802202646,0.5107414652298363,0.13141292504370802,0.02355436939658072,0.45439110286245454,True,False,False,False
36005025500,10,0.7587172123012766,0.01095147802202646,0.5107414652298363,0.13141292504370802,0.02355436939658072,0.45439110286245454,True,False,False,False
36005025600,10,0.7587172123012766,0.01095147802202646,0.5107414652298363,0.13141292504370802,0.02355436939658072,0.45439110286245454,True,False,False,False
36005025700,10,0.7587172123012766,0.01095147802202646,0.5107414652298363,0.13141292504370802,0.02355436939658072,0.45439110286245454,True,False,False,False
36005026100,10,0.7587172123012766,0.01095147802202646,0.5107414652298363,0.13141292504370802,0.02355436939658072,0.45439110286245454,True,False,False,False
36005026300,10,0.7587172123012766,0.01095147802202646,0.5107414652298363,0.13141292504370802,0.02355436939658072,0.45439110286245454,True,False,False,False
36005026400,10,0.7587172123012766,0.01095147802202646,0.5107414652298363,0.13141292504370802,0.02355436939658072,0.45439110286245454,True,False,False,False
36005026500,10,0.7587172123012766,0.01095147802202646,0.5107414652298363,0.13141292504370802,0.02355436939658072,0.45439110286245454,True,False,False,False
36005026601,10,0.7587172123012766,0.01095147802202646,0.5107414652298363,0.13141292504370802,0.02355436939658072,0.45439110286245454,True,False,False,False
36005026602,10,0.7587172123012766,0.01095147802202646,0.5107414652298363,0.13141292504370802,0.02355436939658072,0.45439110286245454,True,False,False,False
36005026701,10,0.7587172123012766,0.01095147802202646,0.5107414652298363,0.13141292504370802,0.02355436939658072,0.45439110286245454,True,False,False,False
36005026702,10,0.7587172123012766,0.01095147802202646,0.5107414652298363,0.13141292504370802,0.02355436939658072,0.45439110286245454,True,False,False,False
36005026900,10,0.7587172123012766,0.01095147802202646,0.5107414652298363,0.13141292504370802,0.02355436939658072,0.45439110286245454,True,False,False,False
36005027300,10,0.7587172123012766,0.01095147802202646,0.5107414652298363,0.13141292504370802,0.02355436939658072,0.45439110286245454,True,False,False,False
36005027401,10,0.7587172123012766,0.01095147802202646,0.5107414652298363,0.13141292504370802,0.02355436939658072,0.45439110286245454,True,False,False,False
36005027402,10,0.7587172123012766,0.01095147802202646,0.5107414652298363,0.13141292504370802,0.02355436939658072,0.45439110286245454,True,False,False,False
36005027600,10,0.7587172123012766,0.01095147802202646,0.5107414652298363,0.13141292504370802,0.02355436939658072,0.45439110286245454,True,False,False,False
36005027700,10,0.7587172123012766,0.01095147802202646,0.5107414652298363,0.13141292504370802,0.02355436939658072,0.45439110286245454,True,False,False,False
36005027900,10,0.7587172123012766,0.01095147802202646,0.5107414652298363,0.13141292504370802,0.02355436939658072,0.45439110286245454,True,False,False,False
36005028100,10,0.7587172123012766,0.01095147802202646,0.5107414652298363,0.13141292504370802,0.02355436939658072,0.45439110286245454,True,False,False,False
36005028300,10,0.7587172123012766,0.01095147802202646,0.5107414652298363,0.13141292504370802,0.02355436939658072,0.45439110286245454,True,False,False,False
36005028400,10,0.7587172123012766,0.01095147802202646,0.5107414652298363,0.13141292504370802,0.02355436939658072,0.45439110286245454,True,False,False,False
36005028500,10,0.7587172123012766,0.01095147802202646,0.5107414652298363,0.13141292504370802,0.02355436939658072,0.45439110286245454,True,False,False,False
36005028600,10,0.7587172123012766,0.01095147802202646,0.5107414652298363,0.13141292504370802,0.02355436939658072,0.45439110286245454,True,False,False,False
36005028700,10,0.7587172123012766,0.01095147802202646,0.5107414652298363,0.13141292504370802,0.02355436939658072,0.45439110286245454,True,False,False,False
36005028800,10,0.7587172123012766,0.01095147802202646,0.5107414652298363,0.13141292504370802,0.02355436939658072,0.45439110286245454,True,False,False,False
36005028900,10,0.7587172123012766,0.01095147802202646,0.5107414652298363,0.13141292504370802,0.02355436939658072,0.45439110286245454,True,False,False,False
36005029301,10,0.7587172123012766,0.01095147802202646,0.5107414652298363,0.13141292504370802,0.02355436939658072,0.45439110286245454,True,False,False,False
36005029302,10,0.7587172123012766,0.01095147802202646,0.5107414652298363,0.13141292504370802,0.02355436939658072,0.45439110286245454,True,False,False,False
36005029500,10,0.7587172123012766,0.01095147802202646,0.5107414652298363,0.13141292504370802,0.02355436939658072,0.45439110286245454,True,False,False,False
36005029600,10,0.7587172123012766,0.01095147802202646,0.5107414652298363,0.13141292504370802,0.02355436939658072,0.45439110286245454,True,False,False,False
36005029700,10,0.7587172123012766,0.01095147802202646,0.5107414652298363,0.13141292504370802,0.02355436939658072,0.45439110286245454,True,False,False,False
36005030000,10,0.7587172123012766,0.01095147802202646,0.5107414652298363,0.13141292504370802,0.02355436939658072,0.45439110286245454,True,False,False,False
36005030100,10,0.7587172123012766,0.01095147802202646,0.5107414652298363,0.13141292504370802,0.02355436939658072,0.45439110286245454,True,False,False,False
36005030200,10,0.7587172123012766,0.01095147802202646,0.5107414652298363,0.13141292504370802,0.02355436939658072,0.45439110286245454,True,False,False,False
36005030701,10,0.7587172123012766,0.01095147802202646,0.5107414652298363,0.13141292504370802,0.02355436939658072,0.45439110286245454,True,False,False,False
36005030900,10,0.7587172123012766,0.01095147802202646,0.5107414652298363,0.13141292504370802,0.02355436939658072,0.45439110286245454,True,False,False,False
36005031000,10,0.7587172123012766,0.01095147802202646,0.5107414652298363,0.13141292504370802,0.02355436939658072,0.45439110286245454,True,False,False,False
36005031200,10,0.7587172123012766,0.01095147802202646,0.5107414652298363,0.13141292504370802,0.02355436939658072,0.45439110286245454,True,False,False,False
36005031400,10,0.7587172123012766,0.01095147802202646,0.5107414652298363,0.13141292504370802,0.02355436939658072,0.45439110286245454,True,False,False,False
36005031600,10,0.7587172123012766,0.01095147802202646,0.5107414652298363,0.13141292504370802,0.02355436939658072,0.45439110286245454,True,False,False,False
36005031800,10,0.7587172123012766,0.01095147802202646,0.5107414652298363,0.13141292504370802,0.02355436939658072,0.45439110286245454,True,False,False,False
36005031900,10,0.7587172123012766,0.01095147802202646,0.5107414652298363,0.13141292504370802,0.02355436939658072,0.45439110286245454,True,False,False,False
36005032300,10,0.7587172123012766,0.01095147802202646,0.5107414652298363,0.13141292504370802,0.02355436939658072,0.45439110286245454,True,False,False,False
36005032400,10,0.7587172123012766,0.01095147802202646,0.5107414652298363,0.13141292504370802,0.02355436939658072,0.45439110286245454,True,False,False,False
36005032600,10,0.7587172123012766,0.01095147802202646,0.5107414652298363,0.13141292504370802,0.02355436939658072,0.45439110286245454,True,False,False,False
36005032800,10,0.7587172123012766,0.01095147802202646,0.5107414652298363,0.13141292504370802,0.02355436939658072,0.45439110286245454,True,False,False,False
36005033000,10,0.7587172123012766,0.01095147802202646,0.5107414652298363,0.13141292504370802,0.02355436939658072,0.45439110286245454,True,False,False,False
36005033201,10,0.7587172123012766,0.01095147802202646,0.5107414652298363,0.13141292504370802,0.02355436939658072,0.45439110286245454,True,False,False,False
36005033202,10,0.7587172123012766,0.01095147802202646,0.5107414652298363,0.13141292504370802,0.02355436939658072,0.45439110286245454,True,False,False,False
36005033400,10,0.7587172123012766,0.01095147802202646,0.5107414652298363,0.13141292504370802,0.02355436939658072,0.45439110286245454,True,False,False,False
36005033500,10,0.7587172123012766,0.01095147802202646,0.5107414652298363,0.13141292504370802,0.02355436939658072,0.45439110286245454,True,False,False,False
36005033600,10,0.7587172123012766,0.01095147802202646,0.5107414652298363,0.13141292504370802,0.02355436939658072,0.45439110286245454,True,False,False,False
36005033700,10,0.7587172123012766,0.01095147802202646,0.5107414652298363,0.13141292504370802,0.02355436939658072,0.45439110286245454,True,False,False,False
36005033800,10,0.7587172123012766,0.01095147802202646,0.5107414652298363,0.13141292504370802,0.02355436939658072,0.45439110286245454,True,False,False,False
36005034000,10,0.7587172123012766,0.01095147802202646,0.5107414652298363,0.13141292504370802,0.02355436939658072,0.45439110286245454,True,False,False,False
36005034200,10,0.7587172123012766,0.01095147802202646,0.5107414652298363,0.13141292504370802,0.02355436939658072,0.45439110286245454,True,False,False,False
36005034300,10,0.7587172123012766,0.01095147802202646,0.5107414652298363,0.13141292504370802,0.02355436939658072,0.45439110286245454,True,False,False,False
36005034400,10,0.7587172123012766,0.01095147802202646,0.5107414652298363,0.13141292504370802,0.02355436939658072,0.45439110286245454,True,False,False,False
36005034500,10,0.7587172123012766,0.01095147802202646,0.5107414652298363,0.13141292504370802,0.02355436939658072,0.45439110286245454,True,False,False,False
36005034800,10,0.7587172123012766,0.01095147802202646,0.5107414652298363,0.13141292504370802,0.02355436939658072,0.45439110286245454,True,False,False,False
36005035000,10,0.7587172123012766,0.01095147802202646,0.5107414652298363,0.13141292504370802,0.02355436939658072,0.45439110286245454,True,False,False,False
36005035100,10,0.7587172123012766,0.01095147802202646,0.5107414652298363,0.13141292504370802,0.02355436939658072,0.45439110286245454,True,False,False,False
36005035600,10,0.7587172123012766,0.01095147802202646,0.5107414652298363,0.13141292504370802,0.02355436939658072,0.45439110286245454,True,False,False,False
36005035800,10,0.7587172123012766,0.01095147802202646,0.5107414652298363,0.13141292504370802,0.02355436939658072,0.45439110286245454,True,False,False,False
36005035900,10,0.7587172123012766,0.01095147802202646,0.5107414652298363,0.13141292504370802,0.02355436939658072,0.45439110286245454,True,False,False,False
36005036000,10,0.7587172123012766,0.01095147802202646,0.5107414652298363,0.13141292504370802,0.02355436939658072,0.45439110286245454,True,False,False,False
36005036100,10,0.7587172123012766,0.01095147802202646,0.5107414652298363,0.13141292504370802,0.02355436939658072,0.45439110286245454,True,False,False,False
36005036300,10,0.7587172123012766,0.01095147802202646,0.5107414652298363,0.13141292504370802,0.02355436939658072,0.45439110286245454,True,False,False,False
36005036400,10,0.7587172123012766,0.01095147802202646,0.5107414652298363,0.13141292504370802,0.02355436939658072,0.45439110286245454,True,False,False,False
36005036501,10,0.7587172123012766,0.01095147802202646,0.5107414652298363,0.13141292504370802,0.02355436939658072,0.45439110286245454,True,False,False,False
36005036502,10,0.7587172123012766,0.01095147802202646,0.5107414652298363,0.13141292504370802,0.02355436939658072,0.45439110286245454,True,False,False,False
36005036700,10,0.7587172123012766,0.01095147802202646,0.5107414652298363,0.13141292504370802,0.02355436939658072,0.45439110286245454,True,False,False,False
36005036800,10,0.7587172123012766,0.01095147802202646,0.5107414652298363,0.13141292504370802,0.02355436939658072,0.45439110286245454,True,False,False,False
36005036901,10,0.7587172123012766,0.01095147802202646,0.5107414652298363,0.13141292504370802,0.02355436939658072,0.45439110286245454,True,False,False,False
36005036902,10,0.7587172123012766,0.01095147802202646,0.5107414652298363,0.13141292504370802,0.02355436939658072,0.45439110286245454,True,False,False,False
36005037000,10,0.7587172123012766,0.01095147802202646,0.5107414652298363,0.13141292504370802,0.02355436939658072,0.45439110286245454,True,False,False,False
36005037100,10,0.7587172123012766,0.01095147802202646,0.5107414652298363,0.13141292504370802,0.02355436939658072,0.45439110286245454,True,False,False,False
36005037200,10,0.7587172123012766,0.01095147802202646,0.5107414652298363,0.13141292504370802,0.02355436939658072,0.45439110286245454,True,False,False,False
36005037300,10,0.7587172123012766,0.01095147802202646,0.5107414652298363,0.13141292504370802,0.02355436939658072,0.45439110286245454,True,False,False,False
36005037400,10,0.7587172123012766,0.01095147802202646,0.5107414652298363,0.13141292504370802,0.02355436939658072,0.45439110286245454,True,False,False,False
36005037504,10,0.7587172123012766,0.01095147802202646,0.5107414652298363,0.13141292504370802,0.02355436939658072,0.45439110286245454,True,False,False,False
36005037600,10,0.7587172123012766,0.01095147802202646,0.5107414652298363,0.13141292504370802,0.02355436939658072,0.45439110286245454,True,False,False,False
36005037800,10,0.7587172123012766,0.01095147802202646,0.5107414652298363,0.13141292504370802,0.02355436939658072,0.45439110286245454,True,False,False,False
36005037900,10,0.7587172123012766,0.01095147802202646,0.5107414652298363,0.13141292504370802,0.02355436939658072,0.45439110286245454,True,False,False,False
36005038000,10,0.7587172123012766,0.01095147802202646,0.5107414652298363,0.13141292504370802,0.02355436939658072,0.45439110286245454,True,False,False,False
36005038100,10,0.7587172123012766,0.01095147802202646,0.5107414652298363,0.13141292504370802,0.02355436939658072,0.45439110286245454,True,False,False,False
36005038200,10,0.7587172123012766,0.01095147802202646,0.5107414652298363,0.13141292504370802,0.02355436939658072,0.45439110286245454,True,False,False,False
36005038301,10,0.7587172123012766,0.01095147802202646,0.5107414652298363,0.13141292504370802,0.02355436939658072,0.45439110286245454,True,False,False,False
36005038302,10,0.7587172123012766,0.01095147802202646,0.5107414652298363,0.13141292504370802,0.02355436939658072,0.45439110286245454,True,False,False,False
36005038500,10,0.7587172123012766,0.01095147802202646,0.5107414652298363,0.13141292504370802,0.02355436939658072,0.45439110286245454,True,False,False,False
36005038600,10,0.7587172123012766,0.01095147802202646,0.5107414652298363,0.13141292504370802,0.02355436939658072,0.45439110286245454,True,False,False,False
36005038700,10,0.7587172123012766,0.01095147802202646,0.5107414652298363,0.13141292504370802,0.02355436939658072,0.45439110286245454,True,False,False,False
36005038800,10,0.7587172123012766,0.01095147802202646,0.5107414652298363,0.13141292504370802,0.02355436939658072,0.45439110286245454,True,False,False,False
36005038900,10,0.7587172123012766,0.01095147802202646,0.5107414652298363,0.13141292504370802,0.02355436939658072,0.45439110286245454,True,False,False,False
36005039000,10,0.7587172123012766,0.01095147802202646,0.5107414652298363,0.13141292504370802,0.02355436939658072,0.45439110286245454,True,False,False,False
36005039100,10,0.7587172123012766,0.01095147802202646,0.5107414652298363,0.13141292504370802,0.02355436939658072,0.45439110286245454,True,False,False,False
36005039200,10,0.7587172123012766,0.01095147802202646,0.5107414652298363,0.13141292504370802,0.02355436939658072,0.45439110286245454,True,False,False,False
36005039300,10,0.7587172123012766,0.01095147802202646,0.5107414652298363,0.13141292504370802,0.02355436939658072,0.45439110286245454,True,False,False,False
36005039400,10,0.7587172123012766,0.01095147802202646,0.5107414652298363,0.13141292504370802,0.02355436939658072,0.45439110286245454,True,False,False,False
36005039500,10,0.7587172123012766,0.01095147802202646,0.5107414652298363,0.13141292504370802,0.02355436939658072,0.45439110286245454,True,False,False,False
36005039600,10,0.7587172123012766,0.01095147802202646,0.5107414652298363,0.13141292504370802,0.02355436939658072,0.45439110286245454,True,False,False,False
36005039700,10,0.7587172123012766,0.01095147802202646,0.5107414652298363,0.13141292504370802,0.02355436939658072,0.45439110286245454,True,False,False,False
36005039800,10,0.7587172123012766,0.01095147802202646,0.5107414652298363,0.13141292504370802,0.02355436939658072,0.45439110286245454,True,False,False,False
36005039901,10,0.7587172123012766,0.01095147802202646,0.5107414652298363,0.13141292504370802,0.02355436939658072,0.45439110286245454,True,False,False,False
36005039902,10,0.7587172123012766,0.01095147802202646,0.5107414652298363,0.13141292504370802,0.02355436939658072,0.45439110286245454,True,False,False,False
36005040100,10,0.7587172123012766,0.01095147802202646,0.5107414652298363,0.13141292504370802,0.02355436939658072,0.45439110286245454,True,False,False,False
36005040302,10,0.7587172123012766,0.01095147802202646,0.5107414652298363,0.13141292504370802,0.02355436939658072,0.45439110286245454,True,False,False,False
36005040303,10,0.7587172123012766,0.01095147802202646,0.5107414652298363,0.13141292504370802,0.02355436939658072,0.45439110286245454,True,False,False,False
36005040304,10,0.7587172123012766,0.01095147802202646,0.5107414652298363,0.13141292504370802,0.02355436939658072,0.45439110286245454,True,False,False,False
36005040400,10,0.7587172123012766,0.01095147802202646,0.5107414652298363,0.13141292504370802,0.02355436939658072,0.45439110286245454,True,False,False,False
36005040501,10,0.7587172123012766,0.01095147802202646,0.5107414652298363,0.13141292504370802,0.02355436939658072,0.45439110286245454,True,False,False,False
36005040502,10,0.7587172123012766,0.01095147802202646,0.5107414652298363,0.13141292504370802,0.02355436939658072,0.45439110286245454,True,False,False,False
36005040600,10,0.7587172123012766,0.01095147802202646,0.5107414652298363,0.13141292504370802,0.02355436939658072,0.45439110286245454,True,False,False,False
36005040701,10,0.7587172123012766,0.01095147802202646,0.5107414652298363,0.13141292504370802,0.02355436939658072,0.45439110286245454,True,False,False,False
36005040702,10,0.7587172123012766,0.01095147802202646,0.5107414652298363,0.13141292504370802,0.02355436939658072,0.45439110286245454,True,False,False,False
36005040800,10,0.7587172123012766,0.01095147802202646,0.5107414652298363,0.13141292504370802,0.02355436939658072,0.45439110286245454,True,False,False,False
36005040900,10,0.7587172123012766,0.01095147802202646,0.5107414652298363,0.13141292504370802,0.02355436939658072,0.45439110286245454,True,False,False,False
36005041100,10,0.7587172123012766,0.01095147802202646,0.5107414652298363,0.13141292504370802,0.02355436939658072,0.45439110286245454,True,False,False,False
36005041300,10,0.7587172123012766,0.01095147802202646,0.5107414652298363,0.13141292504370802,0.02355436939658072,0.45439110286245454,True,False,False,False
36005041400,10,0.7587172123012766,0.01095147802202646,0.5107414652298363,0.13141292504370802,0.02355436939658072,0.45439110286245454,True,False,False,False
36005041500,10,0.7587172123012766,0.01095147802202646,0.5107414652298363,0.13141292504370802,0.02355436939658072,0.45439110286245454,True,False,False,False
36005041800,10,0.7587172123012766,0.01095147802202646,0.5107414652298363,0.13141292504370802,0.02355436939658072,0.45439110286245454,True,False,False,False
36005041900,10,0.7587172123012766,0.01095147802202646,0.5107414652298363,0.13141292504370802,0.02355436939658072,0.45439110286245454,True,False,False,False
36005042000,10,0.7587172123012766,0.01095147802202646,0.5107414652298363,0.13141292504370802,0.02355436939658072,0.45439110286245454,True,False,False,False
36005042100,10,0.7587172123012766,0.01095147802202646,0.5107414652298363,0.13141292504370802,0.02355436939658072,0.45439110286245454,True,False,False,False
36005042200,10,0.7587172123012766,0.01095147802202646,0.5107414652298363,0.13141292504370802,0.02355436939658072,0.45439110286245454,True,False,False,False
36005042300,10,0.7587172123012766,0.01095147802202646,0.5107414652298363,0.13141292504370802,0.02355436939658072,0.45439110286245454,True,False,False,False
36005042400,10,0.7587172123012766,0.01095147802202646,0.5107414652298363,0.13141292504370802,0.02355436939658072,0.45439110286245454,True,False,False,False
36005042500,10,0.7587172123012766,0.01095147802202646,0.5107414652298363,0.13141292504370802,0.02355436939658072,0.45439110286245454,True,False,False,False
36005042600,10,0.7587172123012766,0.01095147802202646,0.5107414652298363,0.13141292504370802,0.02355436939658072,0.45439110286245454,True,False,False,False
36005042800,10,0.7587172123012766,0.01095147802202646,0.5107414652298363,0.13141292504370802,0.02355436939658072,0.45439110286245454,True,False,False,False
36005042901,10,0.7587172123012766,0.01095147802202646,0.5107414652298363,0.13141292504370802,0.02355436939658072,0.45439110286245454,True,False,False,False
36005042902,10,0.7587172123012766,0.01095147802202646,0.5107414652298363,0.13141292504370802,0.02355436939658072,0.45439110286245454,True,False,False,False
36005043000,10,0.7587172123012766,0.01095147802202646,0.5107414652298363,0.13141292504370802,0.02355436939658072,0.45439110286245454,True,False,False,False
36005043100,10,0.7587172123012766,0.01095147802202646,0.5107414652298363,0.13141292504370802,0.02355436939658072,0.45439110286245454,True,False,False,False
36005043400,10,0.7587172123012766,0.01095147802202646,0.5107414652298363,0.13141292504370802,0.02355436939658072,0.45439110286245454,True,False,False,False
36005043500,10,0.7587172123012766,0.01095147802202646,0.5107414652298363,0.13141292504370802,0.02355436939658072,0.45439110286245454,True,False,False,False
36005043600,10,0.7587172123012766,0.01095147802202646,0.5107414652298363,0.13141292504370802,0.02355436939658072,0.45439110286245454,True,False,False,False
36005044200,10,0.7587172123012766,0.01095147802202646,0.5107414652298363,0.13141292504370802,0.02355436939658072,0.45439110286245454,True,False,False,False
36005044400,10,0.7587172123012766,0.01095147802202646,0.5107414652298363,0.13141292504370802,0.02355436939658072,0.45439110286245454,True,False,False,False
36005044800,10,0.7587172123012766,0.01095147802202646,0.5107414652298363,0.13141292504370802,0.02355436939658072,0.45439110286245454,True,False,False,False
36005044901,10,0.7587172123012766,0.01095147802202646,0.5107414652298363,0.13141292504370802,0.02355436939658072,0.45439110286245454,True,False,False,False
36005044902,10,0.7587172123012766,0.01095147802202646,0.5107414652298363,0.13141292504370802,0.02355436939658072,0.45439110286245454,True,False,False,False
36005045101,10,0.7587172123012766,0.01095147802202646,0.5107414652298363,0.13141292504370802,0.02355436939658072,0.45439110286245454,True,False,False,False
36005045102,10,0.7587172123012766,0.01095147802202646,0.5107414652298363,0.13141292504370802,0.02355436939658072,0.45439110286245454,True,False,False,False
36005045600,10,0.7587172123012766,0.01095147802202646,0.5107414652298363,0.13141292504370802,0.02355436939658072,0.45439110286245454,True,False,False,False
36005045800,10,0.7587172123012766,0.01095147802202646,0.5107414652298363,0.13141292504370802,0.02355436939658072,0.45439110286245454,True,False,False,False
36005046000,10,0.7587172123012766,0.01095147802202646,0.5107414652298363,0.13141292504370802,0.02355436939658072,0.45439110286245454,True,False,False,False
36005046201,10,0.7587172123012766,0.01095147802202646,0.5107414652298363,0.13141292504370802,0.02355436939658072,0.45439110286245454,True,False,False,False
36005046202,10,0.7587172123012766,0.01095147802202646,0.5107414652298363,0.13141292504370802,0.02355436939658072,0.45439110286245454,True,False,False,False
36005048400,10,0.7587172123012766,0.01095147802202646,0.5107414652298363,0.13141292504370802,0.02355436939658072,0.45439110286245454,True,False,False,False
36005050400,10,0.7587172123012766,0.01095147802202646,0.5107414652298363,0.13141292504370802,0.02355436939658072,0.45439110286245454,True,False,False,False
36005051600,10,0.7587172123012766,0.01095147802202646,0.5107414652298363,0.13141292504370802,0.02355436939658072,0.45439110286245454,True,False,False,False
36047000100,10,0.6213377552190162,0.05517518255110524,-0.17752507291971892,0.6236726920372664,0.06362755094191284,0.8099610887157981,False,False,False,False
36047000200,10,0.6213377552190162,0.05517518255110524,-0.17752507291971892,0.6236726920372664,0.06362755094191284,0.8099610887157981,False,False,False,False
36047000301,10,0.6213377552190162,0.05517518255110524,-0.17752507291971892,0.6236726920372664,0.06362755094191284,0.8099610887157981,False,False,False,False
36047000501,10,0.6213377552190162,0.05517518255110524,-0.17752507291971892,0.6236726920372664,0.06362755094191284,0.8099610887157981,False,False,False,False
36047000502,10,0.6213377552190162,0.05517518255110524,-0.17752507291971892,0.6236726920372664,0.06362755094191284,0.8099610887157981,False,False,False,False
36047000700,10,0.6213377552190162,0.05517518255110524,-0.17752507291971892,0.6236726920372664,0.06362755094191284,0.8099610887157981,False,False,False,False
36047000900,10,0.6213377552190162,0.05517518255110524,-0.17752507291971892,0.6236726920372664,0.06362755094191284,0.8099610887157981,False,False,False,False
36047001100,10,0.6213377552190162,0.05517518255110524,-0.17752507291971892,0.6236726920372664,0.06362755094191284,0.8099610887157981,False,False,False,False
36047001300,10,0.6213377552190162,0.05517518255110524,-0.17752507291971892,0.6236726920372664,0.06362755094191284,0.8099610887157981,False,False,False,False
36047001500,10,0.6213377552190162,0.05517518255110524,-0.17752507291971892,0.6236726920372664,0.06362755094191284,0.8099610887157981,False,False,False,False
36047001800,10,0.6213377552190162,0.05517518255110524,-0.17752507291971892,0.6236726920372664,0.06362755094191284,0.8099610887157981,False,False,False,False
36047002000,10,0.6213377552190162,0.05517518255110524,-0.17752507291971892,0.6236726920372664,0.06362755094191284,0.8099610887157981,False,False,False,False
36047002100,10,0.6213377552190162,0.05517518255110524,-0.17752507291971892,0.6236726920372664,0.06362755094191284,0.8099610887157981,False,False,False,False
36047002200,10,0.6213377552190162,0.05517518255110524,-0.17752507291971892,0.6236726920372664,0.06362755094191284,0.8099610887157981,False,False,False,False
36047002300,10,0.6213377552190162,0.05517518255110524,-0.17752507291971892,0.6236726920372664,0.06362755094191284,0.8099610887157981,False,False,False,False
36047002901,10,0.6213377552190162,0.05517518255110524,-0.17752507291971892,0.6236726920372664,0.06362755094191284,0.8099610887157981,False,False,False,False
36047003000,10,0.6213377552190162,0.05517518255110524,-0.17752507291971892,0.6236726920372664,0.06362755094191284,0.8099610887157981,False,False,False,False
36047003100,10,0.6213377552190162,0.05517518255110524,-0.17752507291971892,0.6236726920372664,0.06362755094191284,0.8099610887157981,False,False,False,False
36047003300,10,0.6213377552190162,0.05517518255110524,-0.17752507291971892,0.6236726920372664,0.06362755094191284,0.8099610887157981,False,False,False,False
36047003400,10,0.6213377552190162,0.05517518255110524,-0.17752507291971892,0.6236726920372664,0.06362755094191284,0.8099610887157981,False,False,False,False
36047003500,10,0.6213377552190162,0.05517518255110524,-0.17752507291971892,0.6236726920372664,0.06362755094191284,0.8099610887157981,False,False,False,False
36047003600,10,0.6213377552190162,0.05517518255110524,-0.17752507291971892,0.6236726920372664,0.06362755094191284,0.8099610887157981,False,False,False,False
36047003700,10,0.6213377552190162,0.05517518255110524,-0.17752507291971892,0.6236726920372664,0.06362755094191284,0.8099610887157981,False,False,False,False
36047003800,10,0.6213377552190162,0.05517518255110524,-0.17752507291971892,0.6236726920372664,0.06362755094191284,0.8099610887157981,False,False,False,False
36047003900,10,0.6213377552190162,0.05517518255110524,-0.17752507291971892,0.6236726920372664,0.06362755094191284,0.8099610887157981,False,False,False,False
36047004100,10,0.6213377552190162,0.05517518255110524,-0.17752507291971892,0.6236726920372664,0.06362755094191284,0.8099610887157981,False,False,False,False
36047004300,10,0.6213377552190162,0.05517518255110524,-0.17752507291971892,0.6236726920372664,0.06362755094191284,0.8099610887157981,False,False,False,False
36047004400,10,0.6213377552190162,0.05517518255110524,-0.17752507291971892,0.6236726920372664,0.06362755094191284,0.8099610887157981,False,False,False,False
36047004500,10,0.6213377552190162,0.05517518255110524,-0.17752507291971892,0.6236726920372664,0.06362755094191284,0.8099610887157981,False,False,False,False
36047004600,10,0.6213377552190162,0.05517518255110524,-0.17752507291971892,0.6236726920372664,0.06362755094191284,0.8099610887157981,False,False,False,False
36047004700,10,0.6213377552190162,0.05517518255110524,-0.17752507291971892,0.6236726920372664,0.06362755094191284,0.8099610887157981,False,False,False,False
36047004900,10,0.6213377552190162,0.05517518255110524,-0.17752507291971892,0.6236726920372664,0.06362755094191284,0.8099610887157981,False,False,False,False
36047005000,10,0.6213377552190162,0.05517518255110524,-0.17752507291971892,0.6236726920372664,0.06362755094191284,0.8099610887157981,False,False,False,False
36047005100,10,0.6213377552190162,0.05517518255110524,-0.17752507291971892,0.6236726920372664,0.06362755094191284,0.8099610887157981,False,False,False,False
36047005201,10,0.6213377552190162,0.05517518255110524,-0.17752507291971892,0.6236726920372664,0.06362755094191284,0.8099610887157981,False,False,False,False
36047005202,10,0.6213377552190162,0.05517518255110524,-0.17752507291971892,0.6236726920372664,0.06362755094191284,0.8099610887157981,False,False,False,False
36047005300,10,0.6213377552190162,0.05517518255110524,-0.17752507291971892,0.6236726920372664,0.06362755094191284,0.8099610887157981,False,False,False,False
36047005400,10,0.6213377552190162,0.05517518255110524,-0.17752507291971892,0.6236726920372664,0.06362755094191284,0.8099610887157981,False,False,False,False
36047005601,10,0.6213377552190162,0.05517518255110524,-0.17752507291971892,0.6236726920372664,0.06362755094191284,0.8099610887157981,False,False,False,False
36047005602,10,0.6213377552190162,0.05517518255110524,-0.17752507291971892,0.6236726920372664,0.06362755094191284,0.8099610887157981,False,False,False,False
36047005800,10,0.6213377552190162,0.05517518255110524,-0.17752507291971892,0.6236726920372664,0.06362755094191284,0.8099610887157981,False,False,False,False
36047005900,10,0.6213377552190162,0.05517518255110524,-0.17752507291971892,0.6236726920372664,0.06362755094191284,0.8099610887157981,False,False,False,False
36047006000,10,0.6213377552190162,0.05517518255110524,-0.17752507291971892,0.6236726920372664,0.06362755094191284,0.8099610887157981,False,False,False,False
36047006200,10,0.6213377552190162,0.05517518255110524,-0.17752507291971892,0.6236726920372664,0.06362755094191284,0.8099610887157981,False,False,False,False
36047006300,10,0.6213377552190162,0.05517518255110524,-0.17752507291971892,0.6236726920372664,0.06362755094191284,0.8099610887157981,False,False,False,False
36047006400,10,0.6213377552190162,0.05517518255110524,-0.17752507291971892,0.6236726920372664,0.06362755094191284,0.8099610887157981,False,False,False,False
36047006500,10,0.6213377552190162,0.05517518255110524,-0.17752507291971892,0.6236726920372664,0.06362755094191284,0.8099610887157981,False,False,False,False
36047006600,10,0.6213377552190162,0.05517518255110524,-0.17752507291971892,0.6236726920372664,0.06362755094191284,0.8099610887157981,False,False,False,False
36047006700,10,0.6213377552190162,0.05517518255110524,-0.17752507291971892,0.6236726920372664,0.06362755094191284,0.8099610887157981,False,False,False,False
36047006800,10,0.6213377552190162,0.05517518255110524,-0.17752507291971892,0.6236726920372664,0.06362755094191284,0.8099610887157981,False,False,False,False
36047006900,10,0.6213377552190162,0.05517518255110524,-0.17752507291971892,0.6236726920372664,0.06362755094191284,0.8099610887157981,False,False,False,False
36047007000,10,0.6213377552190162,0.05517518255110524,-0.17752507291971892,0.6236726920372664,0.06362755094191284,0.8099610887157981,False,False,False,False
36047007100,10,0.6213377552190162,0.05517518255110524,-0.17752507291971892,0.6236726920372664,0.06362755094191284,0.8099610887157981,False,False,False,False
36047007200,10,0.6213377552190162,0.05517518255110524,-0.17752507291971892,0.6236726920372664,0.06362755094191284,0.8099610887157981,False,False,False,False
36047007400,10,0.6213377552190162,0.05517518255110524,-0.17752507291971892,0.6236726920372664,0.06362755094191284,0.8099610887157981,False,False,False,False
36047007500,10,0.6213377552190162,0.05517518255110524,-0.17752507291971892,0.6236726920372664,0.06362755094191284,0.8099610887157981,False,False,False,False
36047007600,10,0.6213377552190162,0.05517518255110524,-0.17752507291971892,0.6236726920372664,0.06362755094191284,0.8099610887157981,False,False,False,False
36047007700,10,0.6213377552190162,0.05517518255110524,-0.17752507291971892,0.6236726920372664,0.06362755094191284,0.8099610887157981,False,False,False,False
36047007800,10,0.6213377552190162,0.05517518255110524,-0.17752507291971892,0.6236726920372664,0.06362755094191284,0.8099610887157981,False,False,False,False
36047008000,10,0.6213377552190162,0.05517518255110524,-0.17752507291971892,0.6236726920372664,0.06362755094191284,0.8099610887157981,False,False,False,False
36047008200,10,0.6213377552190162,0.05517518255110524,-0.17752507291971892,0.6236726920372664,0.06362755094191284,0.8099610887157981,False,False,False,False
36047008400,10,0.6213377552190162,0.05517518255110524,-0.17752507291971892,0.6236726920372664,0.06362755094191284,0.8099610887157981,False,False,False,False
36047008500,10,0.6213377552190162,0.05517518255110524,-0.17752507291971892,0.6236726920372664,0.06362755094191284,0.8099610887157981,False,False,False,False
36047008600,10,0.6213377552190162,0.05517518255110524,-0.17752507291971892,0.6236726920372664,0.06362755094191284,0.8099610887157981,False,False,False,False
36047008800,10,0.6213377552190162,0.05517518255110524,-0.17752507291971892,0.6236726920372664,0.06362755094191284,0.8099610887157981,False,False,False,False
36047009000,10,0.6213377552190162,0.05517518255110524,-0.17752507291971892,0.6236726920372664,0.06362755094191284,0.8099610887157981,False,False,False,False
36047009200,10,0.6213377552190162,0.05517518255110524,-0.17752507291971892,0.6236726920372664,0.06362755094191284,0.8099610887157981,False,False,False,False
36047009400,10,0.6213377552190162,0.05517518255110524,-0.17752507291971892,0.6236726920372664,0.06362755094191284,0.8099610887157981,False,False,False,False
36047009600,10,0.6213377552190162,0.05517518255110524,-0.17752507291971892,0.6236726920372664,0.06362755094191284,0.8099610887157981,False,False,False,False
36047009800,10,0.6213377552190162,0.05517518255110524,-0.17752507291971892,0.6236726920372664,0.06362755094191284,0.8099610887157981,False,False,False,False
36047010000,10,0.6213377552190162,0.05517518255110524,-0.17752507291971892,0.6236726920372664,0.06362755094191284,0.8099610887157981,False,False,False,False
36047010100,10,0.6213377552190162,0.05517518255110524,-0.17752507291971892,0.6236726920372664,0.06362755094191284,0.8099610887157981,False,False,False,False
36047010200,10,0.6213377552190162,0.05517518255110524,-0.17752507291971892,0.6236726920372664,0.06362755094191284,0.8099610887157981,False,False,False,False
36047010400,10,0.6213377552190162,0.05517518255110524,-0.17752507291971892,0.6236726920372664,0.06362755094191284,0.8099610887157981,False,False,False,False
36047010600,10,0.6213377552190162,0.05517518255110524,-0.17752507291971892,0.6236726920372664,0.06362755094191284,0.8099610887157981,False,False,False,False
36047010800,10,0.6213377552190162,0.05517518255110524,-0.17752507291971892,0.6236726920372664,0.06362755094191284,0.8099610887157981,False,False,False,False
36047011000,10,0.6213377552190162,0.05517518255110524,-0.17752507291971892,0.6236726920372664,0.06362755094191284,0.8099610887157981,False,False,False,False
36047011200,10,0.6213377552190162,0.05517518255110524,-0.17752507291971892,0.6236726920372664,0.06362755094191284,0.8099610887157981,False,False,False,False
36047011400,10,0.6213377552190162,0.05517518255110524,-0.17752507291971892,0.6236726920372664,0.06362755094191284,0.8099610887157981,False,False,False,False
36047011600,10,0.6213377552190162,0.05517518255110524,-0.17752507291971892,0.6236726920372664,0.06362755094191284,0.8099610887157981,False,False,False,False
36047011700,10,0.6213377552190162,0.05517518255110524,-0.17752507291971892,0.6236726920372664,0.06362755094191284,0.8099610887157981,False,False,False,False
36047011800,10,0.6213377552190162,0.05517518255110524,-0.17752507291971892,0.6236726920372664,0.06362755094191284,0.8099610887157981,False,False,False,False
36047011900,10,0.6213377552190162,0.05517518255110524,-0.17752507291971892,0.6236726920372664,0.06362755094191284,0.8099610887157981,False,False,False,False
36047012000,10,0.6213377552190162,0.05517518255110524,-0.17752507291971892,0.6236726920372664,0.06362755094191284,0.8099610887157981,False,False,False,False
36047012100,10,0.6213377552190162,0.05517518255110524,-0.17752507291971892,0.6236726920372664,0.06362755094191284,0.8099610887157981,False,False,False,False
36047012200,10,0.6213377552190162,0.05517518255110524,-0.17752507291971892,0.6236726920372664,0.06362755094191284,0.8099610887157981,False,False,False,False
36047012600,10,0.6213377552190162,0.05517518255110524,-0.17752507291971892,0.6236726920372664,0.06362755094191284,0.8099610887157981,False,False,False,False
36047012700,10,0.6213377552190162,0.05517518255110524,-0.17752507291971892,0.6236726920372664,0.06362755094191284,0.8099610887157981,False,False,False,False
36047012801,10,0.6213377552190162,0.05517518255110524,-0.17752507291971892,0.6236726920372664,0.06362755094191284,0.8099610887157981,False,False,False,False
36047012901,10,0.6213377552190162,0.05517518255110524,-0.17752507291971892,0.6236726920372664,0.06362755094191284,0.8099610887157981,False,False,False,False
36047012902,10,0.6213377552190162,0.05517518255110524,-0.17752507291971892,0.6236726920372664,0.06362755094191284,0.8099610887157981,False,False,False,False
36047013000,10,0.6213377552190162,0.05517518255110524,-0.17752507291971892,0.6236726920372664,0.06362755094191284,0.8099610887157981,False,False,False,False
36047013100,10,0.6213377552190162,0.05517518255110524,-0.17752507291971892,0.6236726920372664,0.06362755094191284,0.8099610887157981,False,False,False,False
36047013200,10,0.6213377552190162,0.05517518255110524,-0.17752507291971892,0.6236726920372664,0.06362755094191284,0.8099610887157981,False,False,False,False
36047013300,10,0.6213377552190162,0.05517518255110524,-0.17752507291971892,0.6236726920372664,0.06362755094191284,0.8099610887157981,False,False,False,False
36047013400,10,0.6213377552190162,0.05517518255110524,-0.17752507291971892,0.6236726920372664,0.06362755094191284,0.8099610887157981,False,False,False,False
36047013500,10,0.6213377552190162,0.05517518255110524,-0.17752507291971892,0.6236726920372664,0.06362755094191284,0.8099610887157981,False,False,False,False
36047013600,10,0.6213377552190162,0.05517518255110524,-0.17752507291971892,0.6236726920372664,0.06362755094191284,0.8099610887157981,False,False,False,False
36047013700,10,0.6213377552190162,0.05517518255110524,-0.17752507291971892,0.6236726920372664,0.06362755094191284,0.8099610887157981,False,False,False,False
36047013800,10,0.6213377552190162,0.05517518255110524,-0.17752507291971892,0.6236726920372664,0.06362755094191284,0.8099610887157981,False,False,False,False
36047013900,10,0.6213377552190162,0.05517518255110524,-0.17752507291971892,0.6236726920372664,0.06362755094191284,0.8099610887157981,False,False,False,False
36047014000,10,0.6213377552190162,0.05517518255110524,-0.17752507291971892,0.6236726920372664,0.06362755094191284,0.8099610887157981,False,False,False,False
36047014100,10,0.6213377552190162,0.05517518255110524,-0.17752507291971892,0.6236726920372664,0.06362755094191284,0.8099610887157981,False,False,False,False
36047014200,10,0.6213377552190162,0.05517518255110524,-0.17752507291971892,0.6236726920372664,0.06362755094191284,0.8099610887157981,False,False,False,False
36047014300,10,0.6213377552190162,0.05517518255110524,-0.17752507291971892,0.6236726920372664,0.06362755094191284,0.8099610887157981,False,False,False,False
36047014500,10,0.6213377552190162,0.05517518255110524,-0.17752507291971892,0.6236726920372664,0.06362755094191284,0.8099610887157981,False,False,False,False
36047014700,10,0.6213377552190162,0.05517518255110524,-0.17752507291971892,0.6236726920372664,0.06362755094191284,0.8099610887157981,False,False,False,False
36047014800,10,0.6213377552190162,0.05517518255110524,-0.17752507291971892,0.6236726920372664,0.06362755094191284,0.8099610887157981,False,False,False,False
36047014900,10,0.6213377552190162,0.05517518255110524,-0.17752507291971892,0.6236726920372664,0.06362755094191284,0.8099610887157981,False,False,False,False
36047015000,10,0.6213377552190162,0.05517518255110524,-0.17752507291971892,0.6236726920372664,0.06362755094191284,0.8099610887157981,False,False,False,False
36047015100,10,0.6213377552190162,0.05517518255110524,-0.17752507291971892,0.6236726920372664,0.06362755094191284,0.8099610887157981,False,False,False,False
36047015200,10,0.6213377552190162,0.05517518255110524,-0.17752507291971892,0.6236726920372664,0.06362755094191284,0.8099610887157981,False,False,False,False
36047015300,10,0.6213377552190162,0.05517518255110524,-0.17752507291971892,0.6236726920372664,0.06362755094191284,0.8099610887157981,False,False,False,False
36047015400,10,0.6213377552190162,0.05517518255110524,-0.17752507291971892,0.6236726920372664,0.06362755094191284,0.8099610887157981,False,False,False,False
36047015500,10,0.6213377552190162,0.05517518255110524,-0.17752507291971892,0.6236726920372664,0.06362755094191284,0.8099610887157981,False,False,False,False
36047015700,10,0.6213377552190162,0.05517518255110524,-0.17752507291971892,0.6236726920372664,0.06362755094191284,0.8099610887157981,False,False,False,False
36047015900,10,0.6213377552190162,0.05517518255110524,-0.17752507291971892,0.6236726920372664,0.06362755094191284,0.8099610887157981,False,False,False,False
36047016000,10,0.6213377552190162,0.05517518255110524,-0.17752507291971892,0.6236726920372664,0.06362755094191284,0.8099610887157981,False,False,False,False
36047016100,10,0.6213377552190162,0.05517518255110524,-0.17752507291971892,0.6236726920372664,0.06362755094191284,0.8099610887157981,False,False,False,False
36047016200,10,0.6213377552190162,0.05517518255110524,-0.17752507291971892,0.6236726920372664,0.06362755094191284,0.8099610887157981,False,False,False,False
36047016300,10,0.6213377552190162,0.05517518255110524,-0.17752507291971892,0.6236726920372664,0.06362755094191284,0.8099610887157981,False,False,False,False
36047016400,10,0.6213377552190162,0.05517518255110524,-0.17752507291971892,0.6236726920372664,0.06362755094191284,0.8099610887157981,False,False,False,False
36047016500,10,0.6213377552190162,0.05517518255110524,-0.17752507291971892,0.6236726920372664,0.06362755094191284,0.8099610887157981,False,False,False,False
36047016600,10,0.6213377552190162,0.05517518255110524,-0.17752507291971892,0.6236726920372664,0.06362755094191284,0.8099610887157981,False,False,False,False
36047016700,10,0.6213377552190162,0.05517518255110524,-0.17752507291971892,0.6236726920372664,0.06362755094191284,0.8099610887157981,False,False,False,False
36047016800,10,0.6213377552190162,0.05517518255110524,-0.17752507291971892,0.6236726920372664,0.06362755094191284,0.8099610887157981,False,False,False,False
36047016900,10,0.6213377552190162,0.05517518255110524,-0.17752507291971892,0.6236726920372664,0.06362755094191284,0.8099610887157981,False,False,False,False
36047017000,10,0.6213377552190162,0.05517518255110524,-0.17752507291971892,0.6236726920372664,0.06362755094191284,0.8099610887157981,False,False,False,False
36047017100,10,0.6213377552190162,0.05517518255110524,-0.17752507291971892,0.6236726920372664,0.06362755094191284,0.8099610887157981,False,False,False,False
36047017200,10,0.6213377552190162,0.05517518255110524,-0.17752507291971892,0.6236726920372664,0.06362755094191284,0.8099610887157981,False,False,False,False
36047017400,10,0.6213377552190162,0.05517518255110524,-0.17752507291971892,0.6236726920372664,0.06362755094191284,0.8099610887157981,False,False,False,False
36047017500,10,0.6213377552190162,0.05517518255110524,-0.17752507291971892,0.6236726920372664,0.06362755094191284,0.8099610887157981,False,False,False,False
36047017600,10,0.6213377552190162,0.05517518255110524,-0.17752507291971892,0.6236726920372664,0.06362755094191284,0.8099610887157981,False,False,False,False
36047017700,10,0.6213377552190162,0.05517518255110524,-0.17752507291971892,0.6236726920372664,0.06362755094191284,0.8099610887157981,False,False,False,False
36047017800,10,0.6213377552190162,0.05517518255110524,-0.17752507291971892,0.6236726920372664,0.06362755094191284,0.8099610887157981,False,False,False,False
36047017900,10,0.6213377552190162,0.05517518255110524,-0.17752507291971892,0.6236726920372664,0.06362755094191284,0.8099610887157981,False,False,False,False
36047018000,10,0.6213377552190162,0.05517518255110524,-0.17752507291971892,0.6236726920372664,0.06362755094191284,0.8099610887157981,False,False,False,False
36047018100,10,0.6213377552190162,0.05517518255110524,-0.17752507291971892,0.6236726920372664,0.06362755094191284,0.8099610887157981,False,False,False,False
36047018200,10,0.6213377552190162,0.05517518255110524,-0.17752507291971892,0.6236726920372664,0.06362755094191284,0.8099610887157981,False,False,False,False
36047018300,10,0.6213377552190162,0.05517518255110524,-0.17752507291971892,0.6236726920372664,0.06362755094191284,0.8099610887157981,False,False,False,False
36047018400,10,0.6213377552190162,0.05517518255110524,-0.17752507291971892,0.6236726920372664,0.06362755094191284,0.8099610887157981,False,False,False,False
36047018501,10,0.6213377552190162,0.05517518255110524,-0.17752507291971892,0.6236726920372664,0.06362755094191284,0.8099610887157981,False,False,False,False
36047018600,10,0.6213377552190162,0.05517518255110524,-0.17752507291971892,0.6236726920372664,0.06362755094191284,0.8099610887157981,False,False,False,False
36047018700,10,0.6213377552190162,0.05517518255110524,-0.17752507291971892,0.6236726920372664,0.06362755094191284,0.8099610887157981,False,False,False,False
36047018800,10,0.6213377552190162,0.05517518255110524,-0.17752507291971892,0.6236726920372664,0.06362755094191284,0.8099610887157981,False,False,False,False
36047019000,10,0.6213377552190162,0.05517518255110524,-0.17752507291971892,0.6236726920372664,0.06362755094191284,0.8099610887157981,False,False,False,False
36047019100,10,0.6213377552190162,0.05517518255110524,-0.17752507291971892,0.6236726920372664,0.06362755094191284,0.8099610887157981,False,False,False,False
36047019200,10,0.6213377552190162,0.05517518255110524,-0.17752507291971892,0.6236726920372664,0.06362755094191284,0.8099610887157981,False,False,False,False
36047019300,10,0.6213377552190162,0.05517518255110524,-0.17752507291971892,0.6236726920372664,0.06362755094191284,0.8099610887157981,False,False,False,False
36047019400,10,0.6213377552190162,0.05517518255110524,-0.17752507291971892,0.6236726920372664,0.06362755094191284,0.8099610887157981,False,False,False,False
36047019500,10,0.6213377552190162,0.05517518255110524,-0.17752507291971892,0.6236726920372664,0.06362755094191284,0.8099610887157981,False,False,False,False
36047019600,10,0.6213377552190162,0.05517518255110524,-0.17752507291971892,0.6236726920372664,0.06362755094191284,0.8099610887157981,False,False,False,False
36047019700,10,0.6213377552190162,0.05517518255110524,-0.17752507291971892,0.6236726920372664,0.06362755094191284,0.8099610887157981,False,False,False,False
36047019800,10,0.6213377552190162,0.05517518255110524,-0.17752507291971892,0.6236726920372664,0.06362755094191284,0.8099610887157981,False,False,False,False
36047019900,10,0.6213377552190162,0.05517518255110524,-0.17752507291971892,0.6236726920372664,0.06362755094191284,0.8099610887157981,False,False,False,False
36047020000,10,0.6213377552190162,0.05517518255110524,-0.17752507291971892,0.6236726920372664,0.06362755094191284,0.8099610887157981,False,False,False,False
36047020100,10,0.6213377552190162,0.05517518255110524,-0.17752507291971892,0.6236726920372664,0.06362755094191284,0.8099610887157981,False,False,False,False
36047020200,10,0.6213377552190162,0.05517518255110524,-0.17752507291971892,0.6236726920372664,0.06362755094191284,0.8099610887157981,False,False,False,False
36047020300,10,0.6213377552190162,0.05517518255110524,-0.17752507291971892,0.6236726920372664,0.06362755094191284,0.8099610887157981,False,False,False,False
36047020400,10,0.6213377552190162,0.05517518255110524,-0.17752507291971892,0.6236726920372664,0.06362755094191284,0.8099610887157981,False,False,False,False
36047020500,10,0.6213377552190162,0.05517518255110524,-0.17752507291971892,0.6236726920372664,0.06362755094191284,0.8099610887157981,False,False,False,False
36047020600,10,0.6213377552190162,0.05517518255110524,-0.17752507291971892,0.6236726920372664,0.06362755094191284,0.8099610887157981,False,False,False,False
36047020700,10,0.6213377552190162,0.05517518255110524,-0.17752507291971892,0.6236726920372664,0.06362755094191284,0.8099610887157981,False,False,False,False
36047020800,10,0.6213377552190162,0.05517518255110524,-0.17752507291971892,0.6236726920372664,0.06362755094191284,0.8099610887157981,False,False,False,False
36047021000,10,0.6213377552190162,0.05517518255110524,-0.17752507291971892,0.6236726920372664,0.06362755094191284,0.8099610887157981,False,False,False,False
36047021100,10,0.6213377552190162,0.05517518255110524,-0.17752507291971892,0.6236726920372664,0.06362755094191284,0.8099610887157981,False,False,False,False
36047021200,10,0.6213377552190162,0.05517518255110524,-0.17752507291971892,0.6236726920372664,0.06362755094191284,0.8099610887157981,False,False,False,False
36047021300,10,0.6213377552190162,0.05517518255110524,-0.17752507291971892,0.6236726920372664,0.06362755094191284,0.8099610887157981,False,False,False,False
36047021400,10,0.6213377552190162,0.05517518255110524,-0.17752507291971892,0.6236726920372664,0.06362755094191284,0.8099610887157981,False,False,False,False
36047021500,10,0.6213377552190162,0.05517518255110524,-0.17752507291971892,0.6236726920372664,0.06362755094191284,0.8099610887157981,False,False,False,False
36047021600,10,0.6213377552190162,0.05517518255110524,-0.17752507291971892,0.6236726920372664,0.06362755094191284,0.8099610887157981,False,False,False,False
36047021700,10,0.6213377552190162,0.05517518255110524,-0.17752507291971892,0.6236726920372664,0.06362755094191284,0.8099610887157981,False,False,False,False
36047021800,10,0.6213377552190162,0.05517518255110524,-0.17752507291971892,0.6236726920372664,0.06362755094191284,0.8099610887157981,False,False,False,False
36047021900,10,0.6213377552190162,0.05517518255110524,-0.17752507291971892,0.6236726920372664,0.06362755094191284,0.8099610887157981,False,False,False,False
36047022000,10,0.6213377552190162,0.05517518255110524,-0.17752507291971892,0.6236726920372664,0.06362755094191284,0.8099610887157981,False,False,False,False
36047022100,10,0.6213377552190162,0.05517518255110524,-0.17752507291971892,0.6236726920372664,0.06362755094191284,0.8099610887157981,False,False,False,False
36047022200,10,0.6213377552190162,0.05517518255110524,-0.17752507291971892,0.6236726920372664,0.06362755094191284,0.8099610887157981,False,False,False,False
36047022400,10,0.6213377552190162,0.05517518255110524,-0.17752507291971892,0.6236726920372664,0.06362755094191284,0.8099610887157981,False,False,False,False
36047022600,10,0.6213377552190162,0.05517518255110524,-0.17752507291971892,0.6236726920372664,0.06362755094191284,0.8099610887157981,False,False,False,False
36047022700,10,0.6213377552190162,0.05517518255110524,-0.17752507291971892,0.6236726920372664,0.06362755094191284,0.8099610887157981,False,False,False,False
36047022800,10,0.6213377552190162,0.05517518255110524,-0.17752507291971892,0.6236726920372664,0.06362755094191284,0.8099610887157981,False,False,False,False
36047022900,10,0.6213377552190162,0.05517518255110524,-0.17752507291971892,0.6236726920372664,0.06362755094191284,0.8099610887157981,False,False,False,False
36047023000,10,0.6213377552190162,0.05517518255110524,-0.17752507291971892,0.6236726920372664,0.06362755094191284,0.8099610887157981,False,False,False,False
36047023100,10,0.6213377552190162,0.05517518255110524,-0.17752507291971892,0.6236726920372664,0.06362755094191284,0.8099610887157981,False,False,False,False
36047023200,10,0.6213377552190162,0.05517518255110524,-0.17752507291971892,0.6236726920372664,0.06362755094191284,0.8099610887157981,False,False,False,False
36047023300,10,0.6213377552190162,0.05517518255110524,-0.17752507291971892,0.6236726920372664,0.06362755094191284,0.8099610887157981,False,False,False,False
36047023400,10,0.6213377552190162,0.05517518255110524,-0.17752507291971892,0.6236726920372664,0.06362755094191284,0.8099610887157981,False,False,False,False
36047023500,10,0.6213377552190162,0.05517518255110524,-0.17752507291971892,0.6236726920372664,0.06362755094191284,0.8099610887157981,False,False,False,False
36047023600,10,0.6213377552190162,0.05517518255110524,-0.17752507291971892,0.6236726920372664,0.06362755094191284,0.8099610887157981,False,False,False,False
36047023800,10,0.6213377552190162,0.05517518255110524,-0.17752507291971892,0.6236726920372664,0.06362755094191284,0.8099610887157981,False,False,False,False
36047024000,10,0.6213377552190162,0.05517518255110524,-0.17752507291971892,0.6236726920372664,0.06362755094191284,0.8099610887157981,False,False,False,False
36047024100,10,0.6213377552190162,0.05517518255110524,-0.17752507291971892,0.6236726920372664,0.06362755094191284,0.8099610887157981,False,False,False,False
36047024200,10,0.6213377552190162,0.05517518255110524,-0.17752507291971892,0.6236726920372664,0.06362755094191284,0.8099610887157981,False,False,False,False
36047024300,10,0.6213377552190162,0.05517518255110524,-0.17752507291971892,0.6236726920372664,0.06362755094191284,0.8099610887157981,False,False,False,False
36047024400,10,0.6213377552190162,0.05517518255110524,-0.17752507291971892,0.6236726920372664,0.06362755094191284,0.8099610887157981,False,False,False,False
36047024500,10,0.6213377552190162,0.05517518255110524,-0.17752507291971892,0.6236726920372664,0.06362755094191284,0.8099610887157981,False,False,False,False
36047024600,10,0.6213377552190162,0.05517518255110524,-0.17752507291971892,0.6236726920372664,0.06362755094191284,0.8099610887157981,False,False,False,False
36047024700,10,0.6213377552190162,0.05517518255110524,-0.17752507291971892,0.6236726920372664,0.06362755094191284,0.8099610887157981,False,False,False,False
36047024800,10,0.6213377552190162,0.05517518255110524,-0.17752507291971892,0.6236726920372664,0.06362755094191284,0.8099610887157981,False,False,False,False
36047024900,10,0.6213377552190162,0.05517518255110524,-0.17752507291971892,0.6236726920372664,0.06362755094191284,0.8099610887157981,False,False,False,False
36047025000,10,0.6213377552190162,0.05517518255110524,-0.17752507291971892,0.6236726920372664,0.06362755094191284,0.8099610887157981,False,False,False,False
36047025100,10,0.6213377552190162,0.05517518255110524,-0.17752507291971892,0.6236726920372664,0.06362755094191284,0.8099610887157981,False,False,False,False
36047025200,10,0.6213377552190162,0.05517518255110524,-0.17752507291971892,0.6236726920372664,0.06362755094191284,0.8099610887157981,False,False,False,False
36047025300,10,0.6213377552190162,0.05517518255110524,-0.17752507291971892,0.6236726920372664,0.06362755094191284,0.8099610887157981,False,False,False,False
36047025400,10,0.6213377552190162,0.05517518255110524,-0.17752507291971892,0.6236726920372664,0.06362755094191284,0.8099610887157981,False,False,False,False
36047025500,10,0.6213377552190162,0.05517518255110524,-0.17752507291971892,0.6236726920372664,0.06362755094191284,0.8099610887157981,False,False,False,False
36047025600,10,0.6213377552190162,0.05517518255110524,-0.17752507291971892,0.6236726920372664,0.06362755094191284,0.8099610887157981,False,False,False,False
36047025700,10,0.6213377552190162,0.05517518255110524,-0.17752507291971892,0.6236726920372664,0.06362755094191284,0.8099610887157981,False,False,False,False
36047025800,10,0.6213377552190162,0.05517518255110524,-0.17752507291971892,0.6236726920372664,0.06362755094191284,0.8099610887157981,False,False,False,False
36047025901,10,0.6213377552190162,0.05517518255110524,-0.17752507291971892,0.6236726920372664,0.06362755094191284,0.8099610887157981,False,False,False,False
36047025902,10,0.6213377552190162,0.05517518255110524,-0.17752507291971892,0.6236726920372664,0.06362755094191284,0.8099610887157981,False,False,False,False
36047026000,10,0.6213377552190162,0.05517518255110524,-0.17752507291971892,0.6236726920372664,0.06362755094191284,0.8099610887157981,False,False,False,False
36047026100,10,0.6213377552190162,0.05517518255110524,-0.17752507291971892,0.6236726920372664,0.06362755094191284,0.8099610887157981,False,False,False,False
36047026200,10,0.6213377552190162,0.05517518255110524,-0.17752507291971892,0.6236726920372664,0.06362755094191284,0.8099610887157981,False,False,False,False
36047026300,10,0.6213377552190162,0.05517518255110524,-0.17752507291971892,0.6236726920372664,0.06362755094191284,0.8099610887157981,False,False,False,False
36047026400,10,0.6213377552190162,0.05517518255110524,-0.17752507291971892,0.6236726920372664,0.06362755094191284,0.8099610887157981,False,False,False,False
36047026500,10,0.6213377552190162,0.05517518255110524,-0.17752507291971892,0.6236726920372664,0.06362755094191284,0.8099610887157981,False,False,False,False
36047026600,10,0.6213377552190162,0.05517518255110524,-0.17752507291971892,0.6236726920372664,0.06362755094191284,0.8099610887157981,False,False,False,False
36047026700,10,0.6213377552190162,0.05517518255110524,-0.17752507291971892,0.6236726920372664,0.06362755094191284,0.8099610887157981,False,False,False,False
36047026800,10,0.6213377552190162,0.05517518255110524,-0.17752507291971892,0.6236726920372664,0.06362755094191284,0.8099610887157981,False,False,False,False
36047026900,10,0.6213377552190162,0.05517518255110524,-0.17752507291971892,0.6236726920372664,0.06362755094191284,0.8099610887157981,False,False,False,False
36047027000,10,0.6213377552190162,0.05517518255110524,-0.17752507291971892,0.6236726920372664,0.06362755094191284,0.8099610887157981,False,False,False,False
36047027100,10,0.6213377552190162,0.05517518255110524,-0.17752507291971892,0.6236726920372664,0.06362755094191284,0.8099610887157981,False,False,False,False
36047027200,10,0.6213377552190162,0.05517518255110524,-0.17752507291971892,0.6236726920372664,0.06362755094191284,0.8099610887157981,False,False,False,False
36047027300,10,0.6213377552190162,0.05517518255110524,-0.17752507291971892,0.6236726920372664,0.06362755094191284,0.8099610887157981,False,False,False,False
36047027400,10,0.6213377552190162,0.05517518255110524,-0.17752507291971892,0.6236726920372664,0.06362755094191284,0.8099610887157981,False,False,False,False
36047027500,10,0.6213377552190162,0.05517518255110524,-0.17752507291971892,0.6236726920372664,0.06362755094191284,0.8099610887157981,False,False,False,False
36047027600,10,0.6213377552190162,0.05517518255110524,-0.17752507291971892,0.6236726920372664,0.06362755094191284,0.8099610887157981,False,False,False,False
36047027700,10,0.6213377552190162,0.05517518255110524,-0.17752507291971892,0.6236726920372664,0.06362755094191284,0.8099610887157981,False,False,False,False
36047027800,10,0.6213377552190162,0.05517518255110524,-0.17752507291971892,0.6236726920372664,0.06362755094191284,0.8099610887157981,False,False,False,False
36047027900,10,0.6213377552190162,0.05517518255110524,-0.17752507291971892,0.6236726920372664,0.06362755094191284,0.8099610887157981,False,False,False,False
36047028000,10,0.6213377552190162,0.05517518255110524,-0.17752507291971892,0.6236726920372664,0.06362755094191284,0.8099610887157981,False,False,False,False
36047028100,10,0.6213377552190162,0.05517518255110524,-0.17752507291971892,0.6236726920372664,0.06362755094191284,0.8099610887157981,False,False,False,False
36047028200,10,0.6213377552190162,0.05517518255110524,-0.17752507291971892,0.6236726920372664,0.06362755094191284,0.8099610887157981,False,False,False,False
36047028300,10,0.6213377552190162,0.05517518255110524,-0.17752507291971892,0.6236726920372664,0.06362755094191284,0.8099610887157981,False,False,False,False
36047028400,10,0.6213377552190162,0.05517518255110524,-0.17752507291971892,0.6236726920372664,0.06362755094191284,0.8099610887157981,False,False,False,False
36047028501,10,0.6213377552190162,0.05517518255110524,-0.17752507291971892,0.6236726920372664,0.06362755094191284,0.8099610887157981,False,False,False,False
36047028502,10,0.6213377552190162,0.05517518255110524,-0.17752507291971892,0.6236726920372664,0.06362755094191284,0.8099610887157981,False,False,False,False
36047028600,10,0.6213377552190162,0.05517518255110524,-0.17752507291971892,0.6236726920372664,0.06362755094191284,0.8099610887157981,False,False,False,False
36047028700,10,0.6213377552190162,0.05517518255110524,-0.17752507291971892,0.6236726920372664,0.06362755094191284,0.8099610887157981,False,False,False,False
36047028800,10,0.6213377552190162,0.05517518255110524,-0.17752507291971892,0.6236726920372664,0.06362755094191284,0.8099610887157981,False,False,False,False
36047028900,10,0.6213377552190162,0.05517518255110524,-0.17752507291971892,0.6236726920372664,0.06362755094191284,0.8099610887157981,False,False,False,False
36047029000,10,0.6213377552190162,0.05517518255110524,-0.17752507291971892,0.6236726920372664,0.06362755094191284,0.8099610887157981,False,False,False,False
36047029100,10,0.6213377552190162,0.05517518255110524,-0.17752507291971892,0.6236726920372664,0.06362755094191284,0.8099610887157981,False,False,False,False
36047029200,10,0.6213377552190162,0.05517518255110524,-0.17752507291971892,0.6236726920372664,0.06362755094191284,0.8099610887157981,False,False,False,False
36047029300,10,0.6213377552190162,0.05517518255110524,-0.17752507291971892,0.6236726920372664,0.06362755094191284,0.8099610887157981,False,False,False,False
36047029400,10,0.6213377552190162,0.05517518255110524,-0.17752507291971892,0.6236726920372664,0.06362755094191284,0.8099610887157981,False,False,False,False
36047029500,10,0.6213377552190162,0.05517518255110524,-0.17752507291971892,0.6236726920372664,0.06362755094191284,0.8099610887157981,False,False,False,False
36047029600,10,0.6213377552190162,0.05517518255110524,-0.17752507291971892,0.6236726920372664,0.06362755094191284,0.8099610887157981,False,False,False,False
36047029700,10,0.6213377552190162,0.05517518255110524,-0.17752507291971892,0.6236726920372664,0.06362755094191284,0.8099610887157981,False,False,False,False
36047029800,10,0.6213377552190162,0.05517518255110524,-0.17752507291971892,0.6236726920372664,0.06362755094191284,0.8099610887157981,False,False,False,False
36047029900,10,0.6213377552190162,0.05517518255110524,-0.17752507291971892,0.6236726920372664,0.06362755094191284,0.8099610887157981,False,False,False,False
36047030000,10,0.6213377552190162,0.05517518255110524,-0.17752507291971892,0.6236726920372664,0.06362755094191284,0.8099610887157981,False,False,False,False
36047030100,10,0.6213377552190162,0.05517518255110524,-0.17752507291971892,0.6236726920372664,0.06362755094191284,0.8099610887157981,False,False,False,False
36047030200,10,0.6213377552190162,0.05517518255110524,-0.17752507291971892,0.6236726920372664,0.06362755094191284,0.8099610887157981,False,False,False,False
36047030300,10,0.6213377552190162,0.05517518255110524,-0.17752507291971892,0.6236726920372664,0.06362755094191284,0.8099610887157981,False,False,False,False
36047030400,10,0.6213377552190162,0.05517518255110524,-0.17752507291971892,0.6236726920372664,0.06362755094191284,0.8099610887157981,False,False,False,False
36047030500,10,0.6213377552190162,0.05517518255110524,-0.17752507291971892,0.6236726920372664,0.06362755094191284,0.8099610887157981,False,False,False,False
36047030600,10,0.6213377552190162,0.05517518255110524,-0.17752507291971892,0.6236726920372664,0.06362755094191284,0.8099610887157981,False,False,False,False
36047030700,10,0.6213377552190162,0.05517518255110524,-0.17752507291971892,0.6236726920372664,0.06362755094191284,0.8099610887157981,False,False,False,False
36047030800,10,0.6213377552190162,0.05517518255110524,-0.17752507291971892,0.6236726920372664,0.06362755094191284,0.8099610887157981,False,False,False,False
36047030900,10,0.6213377552190162,0.05517518255110524,-0.17752507291971892,0.6236726920372664,0.06362755094191284,0.8099610887157981,False,False,False,False
36047031100,10,0.6213377552190162,0.05517518255110524,-0.17752507291971892,0.6236726920372664,0.06362755094191284,0.8099610887157981,False,False,False,False
36047031300,10,0.6213377552190162,0.05517518255110524,-0.17752507291971892,0.6236726920372664,0.06362755094191284,0.8099610887157981,False,False,False,False
36047031400,10,0.6213377552190162,0.05517518255110524,-0.17752507291971892,0.6236726920372664,0.06362755094191284,0.8099610887157981,False,False,False,False
36047031500,10,0.6213377552190162,0.05517518255110524,-0.17752507291971892,0.6236726920372664,0.06362755094191284,0.8099610887157981,False,False,False,False
36047031701,10,0.6213377552190162,0.05517518255110524,-0.17752507291971892,0.6236726920372664,0.06362755094191284,0.8099610887157981,False,False,False,False
36047031702,10,0.6213377552190162,0.05517518255110524,-0.17752507291971892,0.6236726920372664,0.06362755094191284,0.8099610887157981,False,False,False,False
36047031900,10,0.6213377552190162,0.05517518255110524,-0.17752507291971892,0.6236726920372664,0.06362755094191284,0.8099610887157981,False,False,False,False
36047032100,10,0.6213377552190162,0.05517518255110524,-0.17752507291971892,0.6236726920372664,0.06362755094191284,0.8099610887157981,False,False,False,False
36047032300,10,0.6213377552190162,0.05517518255110524,-0.17752507291971892,0.6236726920372664,0.06362755094191284,0.8099610887157981,False,False,False,False
36047032500,10,0.6213377552190162,0.05517518255110524,-0.17752507291971892,0.6236726920372664,0.06362755094191284,0.8099610887157981,False,False,False,False
36047032600,10,0.6213377552190162,0.05517518255110524,-0.17752507291971892,0.6236726920372664,0.06362755094191284,0.8099610887157981,False,False,False,False
36047032700,10,0.6213377552190162,0.05517518255110524,-0.17752507291971892,0.6236726920372664,0.06362755094191284,0.8099610887157981,False,False,False,False
36047032800,10,0.6213377552190162,0.05517518255110524,-0.17752507291971892,0.6236726920372664,0.06362755094191284,0.8099610887157981,False,False,False,False
36047032900,10,0.6213377552190162,0.05517518255110524,-0.17752507291971892,0.6236726920372664,0.06362755094191284,0.8099610887157981,False,False,False,False
36047033000,10,0.6213377552190162,0.05517518255110524,-0.17752507291971892,0.6236726920372664,0.06362755094191284,0.8099610887157981,False,False,False,False
36047033100,10,0.6213377552190162,0.05517518255110524,-0.17752507291971892,0.6236726920372664,0.06362755094191284,0.8099610887157981,False,False,False,False
36047033300,10,0.6213377552190162,0.05517518255110524,-0.17752507291971892,0.6236726920372664,0.06362755094191284,0.8099610887157981,False,False,False,False
36047033500,10,0.6213377552190162,0.05517518255110524,-0.17752507291971892,0.6236726920372664,0.06362755094191284,0.8099610887157981,False,False,False,False
36047033600,10,0.6213377552190162,0.05517518255110524,-0.17752507291971892,0.6236726920372664,0.06362755094191284,0.8099610887157981,False,False,False,False
36047033700,10,0.6213377552190162,0.05517518255110524,-0.17752507291971892,0.6236726920372664,0.06362755094191284,0.8099610887157981,False,False,False,False
36047033900,10,0.6213377552190162,0.05517518255110524,-0.17752507291971892,0.6236726920372664,0.06362755094191284,0.8099610887157981,False,False,False,False
36047034000,10,0.6213377552190162,0.05517518255110524,-0.17752507291971892,0.6236726920372664,0.06362755094191284,0.8099610887157981,False,False,False,False
36047034100,10,0.6213377552190162,0.05517518255110524,-0.17752507291971892,0.6236726920372664,0.06362755094191284,0.8099610887157981,False,False,False,False
36047034200,10,0.6213377552190162,0.05517518255110524,-0.17752507291971892,0.6236726920372664,0.06362755094191284,0.8099610887157981,False,False,False,False
36047034300,10,0.6213377552190162,0.05517518255110524,-0.17752507291971892,0.6236726920372664,0.06362755094191284,0.8099610887157981,False,False,False,False
36047034500,10,0.6213377552190162,0.05517518255110524,-0.17752507291971892,0.6236726920372664,0.06362755094191284,0.8099610887157981,False,False,False,False
36047034700,10,0.6213377552190162,0.05517518255110524,-0.17752507291971892,0.6236726920372664,0.06362755094191284,0.8099610887157981,False,False,False,False
36047034800,10,0.6213377552190162,0.05517518255110524,-0.17752507291971892,0.6236726920372664,0.06362755094191284,0.8099610887157981,False,False,False,False
36047034900,10,0.6213377552190162,0.05517518255110524,-0.17752507291971892,0.6236726920372664,0.06362755094191284,0.8099610887157981,False,False,False,False
36047035000,10,0.6213377552190162,0.05517518255110524,-0.17752507291971892,0.6236726920372664,0.06362755094191284,0.8099610887157981,False,False,False,False
36047035100,10,0.6213377552190162,0.05517518255110524,-0.17752507291971892,0.6236726920372664,0.06362755094191284,0.8099610887157981,False,False,False,False
36047035200,10,0.6213377552190162,0.05517518255110524,-0.17752507291971892,0.6236726920372664,0.06362755094191284,0.8099610887157981,False,False,False,False
36047035300,10,0.6213377552190162,0.05517518255110524,-0.17752507291971892,0.6236726920372664,0.06362755094191284,0.8099610887157981,False,False,False,False
36047035400,10,0.6213377552190162,0.05517518255110524,-0.17752507291971892,0.6236726920372664,0.06362755094191284,0.8099610887157981,False,False,False,False
36047035500,10,0.6213377552190162,0.05517518255110524,-0.17752507291971892,0.6236726920372664,0.06362755094191284,0.8099610887157981,False,False,False,False
36047035601,10,0.6213377552190162,0.05517518255110524,-0.17752507291971892,0.6236726920372664,0.06362755094191284,0.8099610887157981,False,False,False,False
36047035602,10,0.6213377552190162,0.05517518255110524,-0.17752507291971892,0.6236726920372664,0.06362755094191284,0.8099610887157981,False,False,False,False
36047035700,10,0.6213377552190162,0.05517518255110524,-0.17752507291971892,0.6236726920372664,0.06362755094191284,0.8099610887157981,False,False,False,False
36047035900,10,0.6213377552190162,0.05517518255110524,-0.17752507291971892,0.6236726920372664,0.06362755094191284,0.8099610887157981,False,False,False,False
36047036001,10,0.6213377552190162,0.05517518255110524,-0.17752507291971892,0.6236726920372664,0.06362755094191284,0.8099610887157981,False,False,False,False
36047036002,10,0.6213377552190162,0.05517518255110524,-0.17752507291971892,0.6236726920372664,0.06362755094191284,0.8099610887157981,False,False,False,False
36047036100,10,0.6213377552190162,0.05517518255110524,-0.17752507291971892,0.6236726920372664,0.06362755094191284,0.8099610887157981,False,False,False,False
36047036200,10,0.6213377552190162,0.05517518255110524,-0.17752507291971892,0.6236726920372664,0.06362755094191284,0.8099610887157981,False,False,False,False
36047036300,10,0.6213377552190162,0.05517518255110524,-0.17752507291971892,0.6236726920372664,0.06362755094191284,0.8099610887157981,False,False,False,False
36047036400,10,0.6213377552190162,0.05517518255110524,-0.17752507291971892,0.6236726920372664,0.06362755094191284,0.8099610887157981,False,False,False,False
36047036501,10,0.6213377552190162,0.05517518255110524,-0.17752507291971892,0.6236726920372664,0.06362755094191284,0.8099610887157981,False,False,False,False
36047036502,10,0.6213377552190162,0.05517518255110524,-0.17752507291971892,0.6236726920372664,0.06362755094191284,0.8099610887157981,False,False,False,False
36047036600,10,0.6213377552190162,0.05517518255110524,-0.17752507291971892,0.6236726920372664,0.06362755094191284,0.8099610887157981,False,False,False,False
36047036700,10,0.6213377552190162,0.05517518255110524,-0.17752507291971892,0.6236726920372664,0.06362755094191284,0.8099610887157981,False,False,False,False
36047036900,10,0.6213377552190162,0.05517518255110524,-0.17752507291971892,0.6236726920372664,0.06362755094191284,0.8099610887157981,False,False,False,False
36047037000,10,0.6213377552190162,0.05517518255110524,-0.17752507291971892,0.6236726920372664,0.06362755094191284,0.8099610887157981,False,False,False,False
36047037100,10,0.6213377552190162,0.05517518255110524,-0.17752507291971892,0.6236726920372664,0.06362755094191284,0.8099610887157981,False,False,False,False
36047037300,10,0.6213377552190162,0.05517518255110524,-0.17752507291971892,0.6236726920372664,0.06362755094191284,0.8099610887157981,False,False,False,False
36047037401,10,0.6213377552190162,0.05517518255110524,-0.17752507291971892,0.6236726920372664,0.06362755094191284,0.8099610887157981,False,False,False,False
36047037402,10,0.6213377552190162,0.05517518255110524,-0.17752507291971892,0.6236726920372664,0.06362755094191284,0.8099610887157981,False,False,False,False
36047037500,10,0.6213377552190162,0.05517518255110524,-0.17752507291971892,0.6236726920372664,0.06362755094191284,0.8099610887157981,False,False,False,False
36047037700,10,0.6213377552190162,0.05517518255110524,-0.17752507291971892,0.6236726920372664,0.06362755094191284,0.8099610887157981,False,False,False,False
36047037900,10,0.6213377552190162,0.05517518255110524,-0.17752507291971892,0.6236726920372664,0.06362755094191284,0.8099610887157981,False,False,False,False
36047038100,10,0.6213377552190162,0.05517518255110524,-0.17752507291971892,0.6236726920372664,0.06362755094191284,0.8099610887157981,False,False,False,False
36047038200,10,0.6213377552190162,0.05517518255110524,-0.17752507291971892,0.6236726920372664,0.06362755094191284,0.8099610887157981,False,False,False,False
36047038300,10,0.6213377552190162,0.05517518255110524,-0.17752507291971892,0.6236726920372664,0.06362755094191284,0.8099610887157981,False,False,False,False
36047038500,10,0.6213377552190162,0.05517518255110524,-0.17752507291971892,0.6236726920372664,0.06362755094191284,0.8099610887157981,False,False,False,False
36047038600,10,0.6213377552190162,0.05517518255110524,-0.17752507291971892,0.6236726920372664,0.06362755094191284,0.8099610887157981,False,False,False,False
36047038700,10,0.6213377552190162,0.05517518255110524,-0.17752507291971892,0.6236726920372664,0.06362755094191284,0.8099610887157981,False,False,False,False
36047038800,10,0.6213377552190162,0.05517518255110524,-0.17752507291971892,0.6236726920372664,0.06362755094191284,0.8099610887157981,False,False,False,False
36047038900,10,0.6213377552190162,0.05517518255110524,-0.17752507291971892,0.6236726920372664,0.06362755094191284,0.8099610887157981,False,False,False,False
36047039000,10,0.6213377552190162,0.05517518255110524,-0.17752507291971892,0.6236726920372664,0.06362755094191284,0.8099610887157981,False,False,False,False
36047039100,10,0.6213377552190162,0.05517518255110524,-0.17752507291971892,0.6236726920372664,0.06362755094191284,0.8099610887157981,False,False,False,False
36047039200,10,0.6213377552190162,0.05517518255110524,-0.17752507291971892,0.6236726920372664,0.06362755094191284,0.8099610887157981,False,False,False,False
36047039300,10,0.6213377552190162,0.05517518255110524,-0.17752507291971892,0.6236726920372664,0.06362755094191284,0.8099610887157981,False,False,False,False
36047039400,10,0.6213377552190162,0.05517518255110524,-0.17752507291971892,0.6236726920372664,0.06362755094191284,0.8099610887157981,False,False,False,False
36047039500,10,0.6213377552190162,0.05517518255110524,-0.17752507291971892,0.6236726920372664,0.06362755094191284,0.8099610887157981,False,False,False,False
36047039600,10,0.6213377552190162,0.05517518255110524,-0.17752507291971892,0.6236726920372664,0.06362755094191284,0.8099610887157981,False,False,False,False
36047039700,10,0.6213377552190162,0.05517518255110524,-0.17752507291971892,0.6236726920372664,0.06362755094191284,0.8099610887157981,False,False,False,False
36047039800,10,0.6213377552190162,0.05517518255110524,-0.17752507291971892,0.6236726920372664,0.06362755094191284,0.8099610887157981,False,False,False,False
36047039900,10,0.6213377552190162,0.05517518255110524,-0.17752507291971892,0.6236726920372664,0.06362755094191284,0.8099610887157981,False,False,False,False
36047040000,10,0.6213377552190162,0.05517518255110524,-0.17752507291971892,0.6236726920372664,0.06362755094191284,0.8099610887157981,False,False,False,False
36047040100,10,0.6213377552190162,0.05517518255110524,-0.17752507291971892,0.6236726920372664,0.06362755094191284,0.8099610887157981,False,False,False,False
36047040200,10,0.6213377552190162,0.05517518255110524,-0.17752507291971892,0.6236726920372664,0.06362755094191284,0.8099610887157981,False,False,False,False
36047040300,10,0.6213377552190162,0.05517518255110524,-0.17752507291971892,0.6236726920372664,0.06362755094191284,0.8099610887157981,False,False,False,False
36047040400,10,0.6213377552190162,0.05517518255110524,-0.17752507291971892,0.6236726920372664,0.06362755094191284,0.8099610887157981,False,False,False,False
36047040500,10,0.6213377552190162,0.05517518255110524,-0.17752507291971892,0.6236726920372664,0.06362755094191284,0.8099610887157981,False,False,False,False
36047040600,10,0.6213377552190162,0.05517518255110524,-0.17752507291971892,0.6236726920372664,0.06362755094191284,0.8099610887157981,False,False,False,False
36047040700,10,0.6213377552190162,0.05517518255110524,-0.17752507291971892,0.6236726920372664,0.06362755094191284,0.8099610887157981,False,False,False,False
36047040800,10,0.6213377552190162,0.05517518255110524,-0.17752507291971892,0.6236726920372664,0.06362755094191284,0.8099610887157981,False,False,False,False
36047040900,10,0.6213377552190162,0.05517518255110524,-0.17752507291971892,0.6236726920372664,0.06362755094191284,0.8099610887157981,False,False,False,False
36047041000,10,0.6213377552190162,0.05517518255110524,-0.17752507291971892,0.6236726920372664,0.06362755094191284,0.8099610887157981,False,False,False,False
36047041100,10,0.6213377552190162,0.05517518255110524,-0.17752507291971892,0.6236726920372664,0.06362755094191284,0.8099610887157981,False,False,False,False
36047041200,10,0.6213377552190162,0.05517518255110524,-0.17752507291971892,0.6236726920372664,0.06362755094191284,0.8099610887157981,False,False,False,False
36047041300,10,0.6213377552190162,0.05517518255110524,-0.17752507291971892,0.6236726920372664,0.06362755094191284,0.8099610887157981,False,False,False,False
36047041401,10,0.6213377552190162,0.05517518255110524,-0.17752507291971892,0.6236726920372664,0.06362755094191284,0.8099610887157981,False,False,False,False
36047041402,10,0.6213377552190162,0.05517518255110524,-0.17752507291971892,0.6236726920372664,0.06362755094191284,0.8099610887157981,False,False,False,False
36047041500,10,0.6213377552190162,0.05517518255110524,-0.17752507291971892,0.6236726920372664,0.06362755094191284,0.8099610887157981,False,False,False,False
36047041600,10,0.6213377552190162,0.05517518255110524,-0.17752507291971892,0.6236726920372664,0.06362755094191284,0.8099610887157981,False,False,False,False
36047041700,10,0.6213377552190162,0.05517518255110524,-0.17752507291971892,0.6236726920372664,0.06362755094191284,0.8099610887157981,False,False,False,False
36047041800,10,0.6213377552190162,0.05517518255110524,-0.17752507291971892,0.6236726920372664,0.06362755094191284,0.8099610887157981,False,False,False,False
36047041900,10,0.6213377552190162,0.05517518255110524,-0.17752507291971892,0.6236726920372664,0.06362755094191284,0.8099610887157981,False,False,False,False
36047042000,10,0.6213377552190162,0.05517518255110524,-0.17752507291971892,0.6236726920372664,0.06362755094191284,0.8099610887157981,False,False,False,False
36047042100,10,0.6213377552190162,0.05517518255110524,-0.17752507291971892,0.6236726920372664,0.06362755094191284,0.8099610887157981,False,False,False,False
36047042200,10,0.6213377552190162,0.05517518255110524,-0.17752507291971892,0.6236726920372664,0.06362755094191284,0.8099610887157981,False,False,False,False
36047042300,10,0.6213377552190162,0.05517518255110524,-0.17752507291971892,0.6236726920372664,0.06362755094191284,0.8099610887157981,False,False,False,False
36047042400,10,0.6213377552190162,0.05517518255110524,-0.17752507291971892,0.6236726920372664,0.06362755094191284,0.8099610887157981,False,False,False,False
36047042500,10,0.6213377552190162,0.05517518255110524,-0.17752507291971892,0.6236726920372664,0.06362755094191284,0.8099610887157981,False,False,False,False
36047042600,10,0.6213377552190162,0.05517518255110524,-0.17752507291971892,0.6236726920372664,0.06362755094191284,0.8099610887157981,False,False,False,False
36047042700,10,0.6213377552190162,0.05517518255110524,-0.17752507291971892,0.6236726920372664,0.06362755094191284,0.8099610887157981,False,False,False,False
36047042800,10,0.6213377552190162,0.05517518255110524,-0.17752507291971892,0.6236726920372664,0.06362755094191284,0.8099610887157981,False,False,False,False
36047042900,10,0.6213377552190162,0.05517518255110524,-0.17752507291971892,0.6236726920372664,0.06362755094191284,0.8099610887157981,False,False,False,False
36047043000,10,0.6213377552190162,0.05517518255110524,-0.17752507291971892,0.6236726920372664,0.06362755094191284,0.8099610887157981,False,False,False,False
36047043100,10,0.6213377552190162,0.05517518255110524,-0.17752507291971892,0.6236726920372664,0.06362755094191284,0.8099610887157981,False,False,False,False
36047043200,10,0.6213377552190162,0.05517518255110524,-0.17752507291971892,0.6236726920372664,0.06362755094191284,0.8099610887157981,False,False,False,False
36047043300,10,0.6213377552190162,0.05517518255110524,-0.17752507291971892,0.6236726920372664,0.06362755094191284,0.8099610887157981,False,False,False,False
36047043400,10,0.6213377552190162,0.05517518255110524,-0.17752507291971892,0.6236726920372664,0.06362755094191284,0.8099610887157981,False,False,False,False
36047043500,10,0.6213377552190162,0.05517518255110524,-0.17752507291971892,0.6236726920372664,0.06362755094191284,0.8099610887157981,False,False,False,False
36047043600,10,0.6213377552190162,0.05517518255110524,-0.17752507291971892,0.6236726920372664,0.06362755094191284,0.8099610887157981,False,False,False,False
36047043700,10,0.6213377552190162,0.05517518255110524,-0.17752507291971892,0.6236726920372664,0.06362755094191284,0.8099610887157981,False,False,False,False
36047043800,10,0.6213377552190162,0.05517518255110524,-0.17752507291971892,0.6236726920372664,0.06362755094191284,0.8099610887157981,False,False,False,False
36047043900,10,0.6213377552190162,0.05517518255110524,-0.17752507291971892,0.6236726920372664,0.06362755094191284,0.8099610887157981,False,False,False,False
36047044000,10,0.6213377552190162,0.05517518255110524,-0.17752507291971892,0.6236726920372664,0.06362755094191284,0.8099610887157981,False,False,False,False
36047044100,10,0.6213377552190162,0.05517518255110524,-0.17752507291971892,0.6236726920372664,0.06362755094191284,0.8099610887157981,False,False,False,False
36047044200,10,0.6213377552190162,0.05517518255110524,-0.17752507291971892,0.6236726920372664,0.06362755094191284,0.8099610887157981,False,False,False,False
36047044300,10,0.6213377552190162,0.05517518255110524,-0.17752507291971892,0.6236726920372664,0.06362755094191284,0.8099610887157981,False,False,False,False
36047044400,10,0.6213377552190162,0.05517518255110524,-0.17752507291971892,0.6236726920372664,0.06362755094191284,0.8099610887157981,False,False,False,False
36047044500,10,0.6213377552190162,0.05517518255110524,-0.17752507291971892,0.6236726920372664,0.06362755094191284,0.8099610887157981,False,False,False,False
36047044600,10,0.6213377552190162,0.05517518255110524,-0.17752507291971892,0.6236726920372664,0.06362755094191284,0.8099610887157981,False,False,False,False
36047044700,10,0.6213377552190162,0.05517518255110524,-0.17752507291971892,0.6236726920372664,0.06362755094191284,0.8099610887157981,False,False,False,False
36047044800,10,0.6213377552190162,0.05517518255110524,-0.17752507291971892,0.6236726920372664,0.06362755094191284,0.8099610887157981,False,False,False,False
36047044900,10,0.6213377552190162,0.05517518255110524,-0.17752507291971892,0.6236726920372664,0.06362755094191284,0.8099610887157981,False,False,False,False
36047045000,10,0.6213377552190162,0.05517518255110524,-0.17752507291971892,0.6236726920372664,0.06362755094191284,0.8099610887157981,False,False,False,False
36047045200,10,0.6213377552190162,0.05517518255110524,-0.17752507291971892,0.6236726920372664,0.06362755094191284,0.8099610887157981,False,False,False,False
36047045300,10,0.6213377552190162,0.05517518255110524,-0.17752507291971892,0.6236726920372664,0.06362755094191284,0.8099610887157981,False,False,False,False
36047045400,10,0.6213377552190162,0.05517518255110524,-0.17752507291971892,0.6236726920372664,0.06362755094191284,0.8099610887157981,False,False,False,False
36047045600,10,0.6213377552190162,0.05517518255110524,-0.17752507291971892,0.6236726920372664,0.06362755094191284,0.8099610887157981,False,False,False,False
36047045800,10,0.6213377552190162,0.05517518255110524,-0.17752507291971892,0.6236726920372664,0.06362755094191284,0.8099610887157981,False,False,False,False
36047046000,10,0.6213377552190162,0.05517518255110524,-0.17752507291971892,0.6236726920372664,0.06362755094191284,0.8099610887157981,False,False,False,False
36047046201,10,0.6213377552190162,0.05517518255110524,-0.17752507291971892,0.6236726920372664,0.06362755094191284,0.8099610887157981,False,False,False,False
36047046202,10,0.6213377552190162,0.05517518255110524,-0.17752507291971892,0.6236726920372664,0.06362755094191284,0.8099610887157981,False,False,False,False
36047046400,10,0.6213377552190162,0.05517518255110524,-0.17752507291971892,0.6236726920372664,0.06362755094191284,0.8099610887157981,False,False,False,False
36047046800,10,0.6213377552190162,0.05517518255110524,-0.17752507291971892,0.6236726920372664,0.06362755094191284,0.8099610887157981,False,False,False,False
36047047000,10,0.6213377552190162,0.05517518255110524,-0.17752507291971892,0.6236726920372664,0.06362755094191284,0.8099610887157981,False,False,False,False
36047047200,10,0.6213377552190162,0.05517518255110524,-0.17752507291971892,0.6236726920372664,0.06362755094191284,0.8099610887157981,False,False,False,False
36047047400,10,0.6213377552190162,0.05517518255110524,-0.17752507291971892,0.6236726920372664,0.06362755094191284,0.8099610887157981,False,False,False,False
36047047600,10,0.6213377552190162,0.05517518255110524,-0.17752507291971892,0.6236726920372664,0.06362755094191284,0.8099610887157981,False,False,False,False
36047047700,10,0.6213377552190162,0.05517518255110524,-0.17752507291971892,0.6236726920372664,0.06362755094191284,0.8099610887157981,False,False,False,False
36047047800,10,0.6213377552190162,0.05517518255110524,-0.17752507291971892,0.6236726920372664,0.06362755094191284,0.8099610887157981,False,False,False,False
36047048000,10,0.6213377552190162,0.05517518255110524,-0.17752507291971892,0.6236726920372664,0.06362755094191284,0.8099610887157981,False,False,False,False
36047048100,10,0.6213377552190162,0.05517518255110524,-0.17752507291971892,0.6236726920372664,0.06362755094191284,0.8099610887157981,False,False,False,False
36047048200,10,0.6213377552190162,0.05517518255110524,-0.17752507291971892,0.6236726920372664,0.06362755094191284,0.8099610887157981,False,False,False,False
36047048400,10,0.6213377552190162,0.05517518255110524,-0.17752507291971892,0.6236726920372664,0.06362755094191284,0.8099610887157981,False,False,False,False
36047048500,10,0.6213377552190162,0.05517518255110524,-0.17752507291971892,0.6236726920372664,0.06362755094191284,0.8099610887157981,False,False,False,False
36047048600,10,0.6213377552190162,0.05517518255110524,-0.17752507291971892,0.6236726920372664,0.06362755094191284,0.8099610887157981,False,False,False,False
36047048800,10,0.6213377552190162,0.05517518255110524,-0.17752507291971892,0.6236726920372664,0.06362755094191284,0.8099610887157981,False,False,False,False
36047048900,10,0.6213377552190162,0.05517518255110524,-0.17752507291971892,0.6236726920372664,0.06362755094191284,0.8099610887157981,False,False,False,False
36047049000,10,0.6213377552190162,0.05517518255110524,-0.17752507291971892,0.6236726920372664,0.06362755094191284,0.8099610887157981,False,False,False,False
36047049100,10,0.6213377552190162,0.05517518255110524,-0.17752507291971892,0.6236726920372664,0.06362755094191284,0.8099610887157981,False,False,False,False
36047049200,10,0.6213377552190162,0.05517518255110524,-0.17752507291971892,0.6236726920372664,0.06362755094191284,0.8099610887157981,False,False,False,False
36047049300,10,0.6213377552190162,0.05517518255110524,-0.17752507291971892,0.6236726920372664,0.06362755094191284,0.8099610887157981,False,False,False,False
36047049400,10,0.6213377552190162,0.05517518255110524,-0.17752507291971892,0.6236726920372664,0.06362755094191284,0.8099610887157981,False,False,False,False
36047049500,10,0.6213377552190162,0.05517518255110524,-0.17752507291971892,0.6236726920372664,0.06362755094191284,0.8099610887157981,False,False,False,False
36047049600,10,0.6213377552190162,0.05517518255110524,-0.17752507291971892,0.6236726920372664,0.06362755094191284,0.8099610887157981,False,False,False,False
36047049700,10,0.6213377552190162,0.05517518255110524,-0.17752507291971892,0.6236726920372664,0.06362755094191284,0.8099610887157981,False,False,False,False
36047049800,10,0.6213377552190162,0.05517518255110524,-0.17752507291971892,0.6236726920372664,0.06362755094191284,0.8099610887157981,False,False,False,False
36047049900,10,0.6213377552190162,0.05517518255110524,-0.17752507291971892,0.6236726920372664,0.06362755094191284,0.8099610887157981,False,False,False,False
36047050000,10,0.6213377552190162,0.05517518255110524,-0.17752507291971892,0.6236726920372664,0.06362755094191284,0.8099610887157981,False,False,False,False
36047050100,10,0.6213377552190162,0.05517518255110524,-0.17752507291971892,0.6236726920372664,0.06362755094191284,0.8099610887157981,False,False,False,False
36047050202,10,0.6213377552190162,0.05517518255110524,-0.17752507291971892,0.6236726920372664,0.06362755094191284,0.8099610887157981,False,False,False,False
36047050300,10,0.6213377552190162,0.05517518255110524,-0.17752507291971892,0.6236726920372664,0.06362755094191284,0.8099610887157981,False,False,False,False
36047050400,10,0.6213377552190162,0.05517518255110524,-0.17752507291971892,0.6236726920372664,0.06362755094191284,0.8099610887157981,False,False,False,False
36047050500,10,0.6213377552190162,0.05517518255110524,-0.17752507291971892,0.6236726920372664,0.06362755094191284,0.8099610887157981,False,False,False,False
36047050600,10,0.6213377552190162,0.05517518255110524,-0.17752507291971892,0.6236726920372664,0.06362755094191284,0.8099610887157981,False,False,False,False
36047050700,10,0.6213377552190162,0.05517518255110524,-0.17752507291971892,0.6236726920372664,0.06362755094191284,0.8099610887157981,False,False,False,False
36047050801,10,0.6213377552190162,0.05517518255110524,-0.17752507291971892,0.6236726920372664,0.06362755094191284,0.8099610887157981,False,False,False,False
36047050803,10,0.6213377552190162,0.05517518255110524,-0.17752507291971892,0.6236726920372664,0.06362755094191284,0.8099610887157981,False,False,False,False
36047050804,10,0.6213377552190162,0.05517518255110524,-0.17752507291971892,0.6236726920372664,0.06362755094191284,0.8099610887157981,False,False,False,False
36047050900,10,0.6213377552190162,0.05517518255110524,-0.17752507291971892,0.6236726920372664,0.06362755094191284,0.8099610887157981,False,False,False,False
36047051001,10,0.6213377552190162,0.05517518255110524,-0.17752507291971892,0.6236726920372664,0.06362755094191284,0.8099610887157981,False,False,False,False
36047051002,10,0.6213377552190162,0.05517518255110524,-0.17752507291971892,0.6236726920372664,0.06362755094191284,0.8099610887157981,False,False,False,False
36047051100,10,0.6213377552190162,0.05517518255110524,-0.17752507291971892,0.6236726920372664,0.06362755094191284,0.8099610887157981,False,False,False,False
36047051200,10,0.6213377552190162,0.05517518255110524,-0.17752507291971892,0.6236726920372664,0.06362755094191284,0.8099610887157981,False,False,False,False
36047051300,10,0.6213377552190162,0.05517518255110524,-0.17752507291971892,0.6236726920372664,0.06362755094191284,0.8099610887157981,False,False,False,False
36047051400,10,0.6213377552190162,0.05517518255110524,-0.17752507291971892,0.6236726920372664,0.06362755094191284,0.8099610887157981,False,False,False,False
36047051500,10,0.6213377552190162,0.05517518255110524,-0.17752507291971892,0.6236726920372664,0.06362755094191284,0.8099610887157981,False,False,False,False
36047051601,10,0.6213377552190162,0.05517518255110524,-0.17752507291971892,0.6236726920372664,0.06362755094191284,0.8099610887157981,False,False,False,False
36047051602,10,0.6213377552190162,0.05517518255110524,-0.17752507291971892,0.6236726920372664,0.06362755094191284,0.8099610887157981,False,False,False,False
36047051700,10,0.6213377552190162,0.05517518255110524,-0.17752507291971892,0.6236726920372664,0.06362755094191284,0.8099610887157981,False,False,False,False
36047051800,10,0.6213377552190162,0.05517518255110524,-0.17752507291971892,0.6236726920372664,0.06362755094191284,0.8099610887157981,False,False,False,False
36047051900,10,0.6213377552190162,0.05517518255110524,-0.17752507291971892,0.6236726920372664,0.06362755094191284,0.8099610887157981,False,False,False,False
36047052000,10,0.6213377552190162,0.05517518255110524,-0.17752507291971892,0.6236726920372664,0.06362755094191284,0.8099610887157981,False,False,False,False
36047052300,10,0.6213377552190162,0.05517518255110524,-0.17752507291971892,0.6236726920372664,0.06362755094191284,0.8099610887157981,False,False,False,False
36047052500,10,0.6213377552190162,0.05517518255110524,-0.17752507291971892,0.6236726920372664,0.06362755094191284,0.8099610887157981,False,False,False,False
36047052600,10,0.6213377552190162,0.05517518255110524,-0.17752507291971892,0.6236726920372664,0.06362755094191284,0.8099610887157981,False,False,False,False
36047052700,10,0.6213377552190162,0.05517518255110524,-0.17752507291971892,0.6236726920372664,0.06362755094191284,0.8099610887157981,False,False,False,False
36047052800,10,0.6213377552190162,0.05517518255110524,-0.17752507291971892,0.6236726920372664,0.06362755094191284,0.8099610887157981,False,False,False,False
36047052900,10,0.6213377552190162,0.05517518255110524,-0.17752507291971892,0.6236726920372664,0.06362755094191284,0.8099610887157981,False,False,False,False
36047053000,10,0.6213377552190162,0.05517518255110524,-0.17752507291971892,0.6236726920372664,0.06362755094191284,0.8099610887157981,False,False,False,False
36047053100,10,0.6213377552190162,0.05517518255110524,-0.17752507291971892,0.6236726920372664,0.06362755094191284,0.8099610887157981,False,False,False,False
36047053200,10,0.6213377552190162,0.05517518255110524,-0.17752507291971892,0.6236726920372664,0.06362755094191284,0.8099610887157981,False,False,False,False
36047053300,10,0.6213377552190162,0.05517518255110524,-0.17752507291971892,0.6236726920372664,0.06362755094191284,0.8099610887157981,False,False,False,False
36047053400,10,0.6213377552190162,0.05517518255110524,-0.17752507291971892,0.6236726920372664,0.06362755094191284,0.8099610887157981,False,False,False,False
36047053500,10,0.6213377552190162,0.05517518255110524,-0.17752507291971892,0.6236726920372664,0.06362755094191284,0.8099610887157981,False,False,False,False
36047053700,10,0.6213377552190162,0.05517518255110524,-0.17752507291971892,0.6236726920372664,0.06362755094191284,0.8099610887157981,False,False,False,False
36047053800,10,0.6213377552190162,0.05517518255110524,-0.17752507291971892,0.6236726920372664,0.06362755094191284,0.8099610887157981,False,False,False,False
36047053900,10,0.6213377552190162,0.05517518255110524,-0.17752507291971892,0.6236726920372664,0.06362755094191284,0.8099610887157981,False,False,False,False
36047054200,10,0.6213377552190162,0.05517518255110524,-0.17752507291971892,0.6236726920372664,0.06362755094191284,0.8099610887157981,False,False,False,False
36047054300,10,0.6213377552190162,0.05517518255110524,-0.17752507291971892,0.6236726920372664,0.06362755094191284,0.8099610887157981,False,False,False,False
36047054400,10,0.6213377552190162,0.05517518255110524,-0.17752507291971892,0.6236726920372664,0.06362755094191284,0.8099610887157981,False,False,False,False
36047054500,10,0.6213377552190162,0.05517518255110524,-0.17752507291971892,0.6236726920372664,0.06362755094191284,0.8099610887157981,False,False,False,False
36047054600,10,0.6213377552190162,0.05517518255110524,-0.17752507291971892,0.6236726920372664,0.06362755094191284,0.8099610887157981,False,False,False,False
36047054700,10,0.6213377552190162,0.05517518255110524,-0.17752507291971892,0.6236726920372664,0.06362755094191284,0.8099610887157981,False,False,False,False
36047054800,10,0.6213377552190162,0.05517518255110524,-0.17752507291971892,0.6236726920372664,0.06362755094191284,0.8099610887157981,False,False,False,False
36047054900,10,0.6213377552190162,0.05517518255110524,-0.17752507291971892,0.6236726920372664,0.06362755094191284,0.8099610887157981,False,False,False,False
36047055000,10,0.6213377552190162,0.05517518255110524,-0.17752507291971892,0.6236726920372664,0.06362755094191284,0.8099610887157981,False,False,False,False
36047055100,10,0.6213377552190162,0.05517518255110524,-0.17752507291971892,0.6236726920372664,0.06362755094191284,0.8099610887157981,False,False,False,False
36047055200,10,0.6213377552190162,0.05517518255110524,-0.17752507291971892,0.6236726920372664,0.06362755094191284,0.8099610887157981,False,False,False,False
36047055300,10,0.6213377552190162,0.05517518255110524,-0.17752507291971892,0.6236726920372664,0.06362755094191284,0.8099610887157981,False,False,False,False
36047055400,10,0.6213377552190162,0.05517518255110524,-0.17752507291971892,0.6236726920372664,0.06362755094191284,0.8099610887157981,False,False,False,False
36047055500,10,0.6213377552190162,0.05517518255110524,-0.17752507291971892,0.6236726920372664,0.06362755094191284,0.8099610887157981,False,False,False,False
36047055600,10,0.6213377552190162,0.05517518255110524,-0.17752507291971892,0.6236726920372664,0.06362755094191284,0.8099610887157981,False,False,False,False
36047055700,10,0.6213377552190162,0.05517518255110524,-0.17752507291971892,0.6236726920372664,0.06362755094191284,0.8099610887157981,False,False,False,False
36047055800,10,0.6213377552190162,0.05517518255110524,-0.17752507291971892,0.6236726920372664,0.06362755094191284,0.8099610887157981,False,False,False,False
36047056000,10,0.6213377552190162,0.05517518255110524,-0.17752507291971892,0.6236726920372664,0.06362755094191284,0.8099610887157981,False,False,False,False
36047056100,10,0.6213377552190162,0.05517518255110524,-0.17752507291971892,0.6236726920372664,0.06362755094191284,0.8099610887157981,False,False,False,False
36047056200,10,0.6213377552190162,0.05517518255110524,-0.17752507291971892,0.6236726920372664,0.06362755094191284,0.8099610887157981,False,False,False,False
36047056300,10,0.6213377552190162,0.05517518255110524,-0.17752507291971892,0.6236726920372664,0.06362755094191284,0.8099610887157981,False,False,False,False
36047056400,10,0.6213377552190162,0.05517518255110524,-0.17752507291971892,0.6236726920372664,0.06362755094191284,0.8099610887157981,False,False,False,False
36047056500,10,0.6213377552190162,0.05517518255110524,-0.17752507291971892,0.6236726920372664,0.06362755094191284,0.8099610887157981,False,False,False,False
36047056600,10,0.6213377552190162,0.05517518255110524,-0.17752507291971892,0.6236726920372664,0.06362755094191284,0.8099610887157981,False,False,False,False
36047056800,10,0.6213377552190162,0.05517518255110524,-0.17752507291971892,0.6236726920372664,0.06362755094191284,0.8099610887157981,False,False,False,False
36047056900,10,0.6213377552190162,0.05517518255110524,-0.17752507291971892,0.6236726920372664,0.06362755094191284,0.8099610887157981,False,False,False,False
36047057000,10,0.6213377552190162,0.05517518255110524,-0.17752507291971892,0.6236726920372664,0.06362755094191284,0.8099610887157981,False,False,False,False
36047057100,10,0.6213377552190162,0.05517518255110524,-0.17752507291971892,0.6236726920372664,0.06362755094191284,0.8099610887157981,False,False,False,False
36047057200,10,0.6213377552190162,0.05517518255110524,-0.17752507291971892,0.6236726920372664,0.06362755094191284,0.8099610887157981,False,False,False,False
36047057300,10,0.6213377552190162,0.05517518255110524,-0.17752507291971892,0.6236726920372664,0.06362755094191284,0.8099610887157981,False,False,False,False
36047057400,10,0.6213377552190162,0.05517518255110524,-0.17752507291971892,0.6236726920372664,0.06362755094191284,0.8099610887157981,False,False,False,False
36047057500,10,0.6213377552190162,0.05517518255110524,-0.17752507291971892,0.6236726920372664,0.06362755094191284,0.8099610887157981,False,False,False,False
36047057600,10,0.6213377552190162,0.05517518255110524,-0.17752507291971892,0.6236726920372664,0.06362755094191284,0.8099610887157981,False,False,False,False
36047057800,10,0.6213377552190162,0.05517518255110524,-0.17752507291971892,0.6236726920372664,0.06362755094191284,0.8099610887157981,False,False,False,False
36047057900,10,0.6213377552190162,0.05517518255110524,-0.17752507291971892,0.6236726920372664,0.06362755094191284,0.8099610887157981,False,False,False,False
36047058000,10,0.6213377552190162,0.05517518255110524,-0.17752507291971892,0.6236726920372664,0.06362755094191284,0.8099610887157981,False,False,False,False
36047058200,10,0.6213377552190162,0.05517518255110524,-0.17752507291971892,0.6236726920372664,0.06362755094191284,0.8099610887157981,False,False,False,False
36047058400,10,0.6213377552190162,0.05517518255110524,-0.17752507291971892,0.6236726920372664,0.06362755094191284,0.8099610887157981,False,False,False,False
36047058600,10,0.6213377552190162,0.05517518255110524,-0.17752507291971892,0.6236726920372664,0.06362755094191284,0.8099610887157981,False,False,False,False
36047058800,10,0.6213377552190162,0.05517518255110524,-0.17752507291971892,0.6236726920372664,0.06362755094191284,0.8099610887157981,False,False,False,False
36047058900,10,0.6213377552190162,0.05517518255110524,-0.17752507291971892,0.6236726920372664,0.06362755094191284,0.8099610887157981,False,False,False,False
36047059000,10,0.6213377552190162,0.05517518255110524,-0.17752507291971892,0.6236726920372664,0.06362755094191284,0.8099610887157981,False,False,False,False
36047059100,10,0.6213377552190162,0.05517518255110524,-0.17752507291971892,0.6236726920372664,0.06362755094191284,0.8099610887157981,False,False,False,False
36047059200,10,0.6213377552190162,0.05517518255110524,-0.17752507291971892,0.6236726920372664,0.06362755094191284,0.8099610887157981,False,False,False,False
36047059300,10,0.6213377552190162,0.05517518255110524,-0.17752507291971892,0.6236726920372664,0.06362755094191284,0.8099610887157981,False,False,False,False
36047059401,10,0.6213377552190162,0.05517518255110524,-0.17752507291971892,0.6236726920372664,0.06362755094191284,0.8099610887157981,False,False,False,False
36047059402,10,0.6213377552190162,0.05517518255110524,-0.17752507291971892,0.6236726920372664,0.06362755094191284,0.8099610887157981,False,False,False,False
36047059600,10,0.6213377552190162,0.05517518255110524,-0.17752507291971892,0.6236726920372664,0.06362755094191284,0.8099610887157981,False,False,False,False
36047059800,10,0.6213377552190162,0.05517518255110524,-0.17752507291971892,0.6236726920372664,0.06362755094191284,0.8099610887157981,False,False,False,False
36047060000,10,0.6213377552190162,0.05517518255110524,-0.17752507291971892,0.6236726920372664,0.06362755094191284,0.8099610887157981,False,False,False,False
36047060600,10,0.6213377552190162,0.05517518255110524,-0.17752507291971892,0.6236726920372664,0.06362755094191284,0.8099610887157981,False,False,False,False
36047060800,10,0.6213377552190162,0.05517518255110524,-0.17752507291971892,0.6236726920372664,0.06362755094191284,0.8099610887157981,False,False,False,False
36047061002,10,0.6213377552190162,0.05517518255110524,-0.17752507291971892,0.6236726920372664,0.06362755094191284,0.8099610887157981,False,False,False,False
36047061003,10,0.6213377552190162,0.05517518255110524,-0.17752507291971892,0.6236726920372664,0.06362755094191284,0.8099610887157981,False,False,False,False
36047061004,10,0.6213377552190162,0.05517518255110524,-0.17752507291971892,0.6236726920372664,0.06362755094191284,0.8099610887157981,False,False,False,False
36047061200,10,0.6213377552190162,0.05517518255110524,-0.17752507291971892,0.6236726920372664,0.06362755094191284,0.8099610887157981,False,False,False,False
36047061600,10,0.6213377552190162,0.05517518255110524,-0.17752507291971892,0.6236726920372664,0.06362755094191284,0.8099610887157981,False,False,False,False
36047062000,10,0.6213377552190162,0.05517518255110524,-0.17752507291971892,0.6236726920372664,0.06362755094191284,0.8099610887157981,False,False,False,False
36047062200,10,0.6213377552190162,0.05517518255110524,-0.17752507291971892,0.6236726920372664,0.06362755094191284,0.8099610887157981,False,False,False,False
36047062600,10,0.6213377552190162,0.05517518255110524,-0.17752507291971892,0.6236726920372664,0.06362755094191284,0.8099610887157981,False,False,False,False
36047062800,10,0.6213377552190162,0.05517518255110524,-0.17752507291971892,0.6236726920372664,0.06362755094191284,0.8099610887157981,False,False,False,False
36047063200,10,0.6213377552190162,0.05517518255110524,-0.17752507291971892,0.6236726920372664,0.06362755094191284,0.8099610887157981,False,False,False,False
36047063600,10,0.6213377552190162,0.05517518255110524,-0.17752507291971892,0.6236726920372664,0.06362755094191284,0.8099610887157981,False,False,False,False
36047063800,10,0.6213377552190162,0.05517518255110524,-0.17752507291971892,0.6236726920372664,0.06362755094191284,0.8099610887157981,False,False,False,False
36047064000,10,0.6213377552190162,0.05517518255110524,-0.17752507291971892,0.6236726920372664,0.06362755094191284,0.8099610887157981,False,False,False,False
36047064200,10,0.6213377552190162,0.05517518255110524,-0.17752507291971892,0.6236726920372664,0.06362755094191284,0.8099610887157981,False,False,False,False
36047064400,10,0.6213377552190162,0.05517518255110524,-0.17752507291971892,0.6236726920372664,0.06362755094191284,0.8099610887157981,False,False,False,False
36047064600,10,0.6213377552190162,0.05517518255110524,-0.17752507291971892,0.6236726920372664,0.06362755094191284,0.8099610887157981,False,False,False,False
36047064800,10,0.6213377552190162,0.05517518255110524,-0.17752507291971892,0.6236726920372664,0.06362755094191284,0.8099610887157981,False,False,False,False
36047065000,10,0.6213377552190162,0.05517518255110524,-0.17752507291971892,0.6236726920372664,0.06362755094191284,0.8099610887157981,False,False,False,False
36047065200,10,0.6213377552190162,0.05517518255110524,-0.17752507291971892,0.6236726920372664,0.06362755094191284,0.8099610887157981,False,False,False,False
36047065400,10,0.6213377552190162,0.05517518255110524,-0.17752507291971892,0.6236726920372664,0.06362755094191284,0.8099610887157981,False,False,False,False
36047065600,10,0.6213377552190162,0.05517518255110524,-0.17752507291971892,0.6236726920372664,0.06362755094191284,0.8099610887157981,False,False,False,False
36047065800,10,0.6213377552190162,0.05517518255110524,-0.17752507291971892,0.6236726920372664,0.06362755094191284,0.8099610887157981,False,False,False,False
36047066000,10,0.6213377552190162,0.05517518255110524,-0.17752507291971892,0.6236726920372664,0.06362755094191284,0.8099610887157981,False,False,False,False
36047066200,10,0.6213377552190162,0.05517518255110524,-0.17752507291971892,0.6236726920372664,0.06362755094191284,0.8099610887157981,False,False,False,False
36047066600,10,0.6213377552190162,0.05517518255110524,-0.17752507291971892,0.6236726920372664,0.06362755094191284,0.8099610887157981,False,False,False,False
36047067000,10,0.6213377552190162,0.05517518255110524,-0.17752507291971892,0.6236726920372664,0.06362755094191284,0.8099610887157981,False,False,False,False
36047067200,10,0.6213377552190162,0.05517518255110524,-0.17752507291971892,0.6236726920372664,0.06362755094191284,0.8099610887157981,False,False,False,False
36047067400,10,0.6213377552190162,0.05517518255110524,-0.17752507291971892,0.6236726920372664,0.06362755094191284,0.8099610887157981,False,False,False,False
36047067600,10,0.6213377552190162,0.05517518255110524,-0.17752507291971892,0.6236726920372664,0.06362755094191284,0.8099610887157981,False,False,False,False
36047067800,10,0.6213377552190162,0.05517518255110524,-0.17752507291971892,0.6236726920372664,0.06362755094191284,0.8099610887157981,False,False,False,False
36047068000,10,0.6213377552190162,0.05517518255110524,-0.17752507291971892,0.6236726920372664,0.06362755094191284,0.8099610887157981,False,False,False,False
36047068200,10,0.6213377552190162,0.05517518255110524,-0.17752507291971892,0.6236726920372664,0.06362755094191284,0.8099610887157981,False,False,False,False
36047068600,10,0.6213377552190162,0.05517518255110524,-0.17752507291971892,0.6236726920372664,0.06362755094191284,0.8099610887157981,False,False,False,False
36047068800,10,0.6213377552190162,0.05517518255110524,-0.17752507291971892,0.6236726920372664,0.06362755094191284,0.8099610887157981,False,False,False,False
36047069000,10,0.6213377552190162,0.05517518255110524,-0.17752507291971892,0.6236726920372664,0.06362755094191284,0.8099610887157981,False,False,False,False
36047069200,10,0.6213377552190162,0.05517518255110524,-0.17752507291971892,0.6236726920372664,0.06362755094191284,0.8099610887157981,False,False,False,False
36047069601,10,0.6213377552190162,0.05517518255110524,-0.17752507291971892,0.6236726920372664,0.06362755094191284,0.8099610887157981,False,False,False,False
36047069602,10,0.6213377552190162,0.05517518255110524,-0.17752507291971892,0.6236726920372664,0.06362755094191284,0.8099610887157981,False,False,False,False
36047069800,10,0.6213377552190162,0.05517518255110524,-0.17752507291971892,0.6236726920372664,0.06362755094191284,0.8099610887157981,False,False,False,False
36047070000,10,0.6213377552190162,0.05517518255110524,-0.17752507291971892,0.6236726920372664,0.06362755094191284,0.8099610887157981,False,False,False,False
36047070201,10,0.6213377552190162,0.05517518255110524,-0.17752507291971892,0.6236726920372664,0.06362755094191284,0.8099610887157981,False,False,False,False
36047070202,10,0.6213377552190162,0.05517518255110524,-0.17752507291971892,0.6236726920372664,0.06362755094191284,0.8099610887157981,False,False,False,False
36047070203,10,0.6213377552190162,0.05517518255110524,-0.17752507291971892,0.6236726920372664,0.06362755094191284,0.8099610887157981,False,False,False,False
36047070600,10,0.6213377552190162,0.05517518255110524,-0.17752507291971892,0.6236726920372664,0.06362755094191284,0.8099610887157981,False,False,False,False
36047072000,10,0.6213377552190162,0.05517518255110524,-0.17752507291971892,0.6236726920372664,0.06362755094191284,0.8099610887157981,False,False,False,False
36047072200,10,0.6213377552190162,0.05517518255110524,-0.17752507291971892,0.6236726920372664,0.06362755094191284,0.8099610887157981,False,False,False,False
36047072400,10,0.6213377552190162,0.05517518255110524,-0.17752507291971892,0.6236726920372664,0.06362755094191284,0.8099610887157981,False,False,False,False
36047072600,10,0.6213377552190162,0.05517518255110524,-0.17752507291971892,0.6236726920372664,0.06362755094191284,0.8099610887157981,False,False,False,False
36047072800,10,0.6213377552190162,0.05517518255110524,-0.17752507291971892,0.6236726920372664,0.06362755094191284,0.8099610887157981,False,False,False,False
36047073000,10,0.6213377552190162,0.05517518255110524,-0.17752507291971892,0.6236726920372664,0.06362755094191284,0.8099610887157981,False,False,False,False
36047073200,10,0.6213377552190162,0.05517518255110524,-0.17752507291971892,0.6236726920372664,0.06362755094191284,0.8099610887157981,False,False,False,False
36047073400,10,0.6213377552190162,0.05517518255110524,-0.17752507291971892,0.6236726920372664,0.06362755094191284,0.8099610887157981,False,False,False,False
36047073600,10,0.6213377552190162,0.05517518255110524,-0.17752507291971892,0.6236726920372664,0.06362755094191284,0.8099610887157981,False,False,False,False
36047073800,10,0.6213377552190162,0.05517518255110524,-0.17752507291971892,0.6236726920372664,0.06362755094191284,0.8099610887157981,False,False,False,False
36047074000,10,0.6213377552190162,0.05517518255110524,-0.17752507291971892,0.6236726920372664,0.06362755094191284,0.8099610887157981,False,False,False,False
36047074200,10,0.6213377552190162,0.05517518255110524,-0.17752507291971892,0.6236726920372664,0.06362755094191284,0.8099610887157981,False,False,False,False
36047074400,10,0.6213377552190162,0.05517518255110524,-0.17752507291971892,0.6236726920372664,0.06362755094191284,0.8099610887157981,False,False,False,False
36047074600,10,0.6213377552190162,0.05517518255110524,-0.17752507291971892,0.6236726920372664,0.06362755094191284,0.8099610887157981,False,False,False,False
36047074800,10,0.6213377552190162,0.05517518255110524,-0.17752507291971892,0.6236726920372664,0.06362755094191284,0.8099610887157981,False,False,False,False
36047075000,10,0.6213377552190162,0.05517518255110524,-0.17752507291971892,0.6236726920372664,0.06362755094191284,0.8099610887157981,False,False,False,False
36047075200,10,0.6213377552190162,0.05517518255110524,-0.17752507291971892,0.6236726920372664,0.06362755094191284,0.8099610887157981,False,False,False,False
36047075400,10,0.6213377552190162,0.05517518255110524,-0.17752507291971892,0.6236726920372664,0.06362755094191284,0.8099610887157981,False,False,False,False
36047075600,10,0.6213377552190162,0.05517518255110524,-0.17752507291971892,0.6236726920372664,0.06362755094191284,0.8099610887157981,False,False,False,False
36047075800,10,0.6213377552190162,0.05517518255110524,-0.17752507291971892,0.6236726920372664,0.06362755094191284,0.8099610887157981,False,False,False,False
36047076000,10,0.6213377552190162,0.05517518255110524,-0.17752507291971892,0.6236726920372664,0.06362755094191284,0.8099610887157981,False,False,False,False
36047076200,10,0.6213377552190162,0.05517518255110524,-0.17752507291971892,0.6236726920372664,0.06362755094191284,0.8099610887157981,False,False,False,False
36047076400,10,0.6213377552190162,0.05517518255110524,-0.17752507291971892,0.6236726920372664,0.06362755094191284,0.8099610887157981,False,False,False,False
36047076600,10,0.6213377552190162,0.05517518255110524,-0.17752507291971892,0.6236726920372664,0.06362755094191284,0.8099610887157981,False,False,False,False
36047076800,10,0.6213377552190162,0.05517518255110524,-0.17752507291971892,0.6236726920372664,0.06362755094191284,0.8099610887157981,False,False,False,False
36047077000,10,0.6213377552190162,0.05517518255110524,-0.17752507291971892,0.6236726920372664,0.06362755094191284,0.8099610887157981,False,False,False,False
36047077200,10,0.6213377552190162,0.05517518255110524,-0.17752507291971892,0.6236726920372664,0.06362755094191284,0.8099610887157981,False,False,False,False
36047077400,10,0.6213377552190162,0.05517518255110524,-0.17752507291971892,0.6236726920372664,0.06362755094191284,0.8099610887157981,False,False,False,False
36047077600,10,0.6213377552190162,0.05517518255110524,-0.17752507291971892,0.6236726920372664,0.06362755094191284,0.8099610887157981,False,False,False,False
36047078000,10,0.6213377552190162,0.05517518255110524,-0.17752507291971892,0.6236726920372664,0.06362755094191284,0.8099610887157981,False,False,False,False
36047078200,10,0.6213377552190162,0.05517518255110524,-0.17752507291971892,0.6236726920372664,0.06362755094191284,0.8099610887157981,False,False,False,False
36047078400,10,0.6213377552190162,0.05517518255110524,-0.17752507291971892,0.6236726920372664,0.06362755094191284,0.8099610887157981,False,False,False,False
36047078600,10,0.6213377552190162,0.05517518255110524,-0.17752507291971892,0.6236726920372664,0.06362755094191284,0.8099610887157981,False,False,False,False
36047078800,10,0.6213377552190162,0.05517518255110524,-0.17752507291971892,0.6236726920372664,0.06362755094191284,0.8099610887157981,False,False,False,False
36047079000,10,0.6213377552190162,0.05517518255110524,-0.17752507291971892,0.6236726920372664,0.06362755094191284,0.8099610887157981,False,False,False,False
36047079200,10,0.6213377552190162,0.05517518255110524,-0.17752507291971892,0.6236726920372664,0.06362755094191284,0.8099610887157981,False,False,False,False
36047079400,10,0.6213377552190162,0.05517518255110524,-0.17752507291971892,0.6236726920372664,0.06362755094191284,0.8099610887157981,False,False,False,False
36047079601,10,0.6213377552190162,0.05517518255110524,-0.17752507291971892,0.6236726920372664,0.06362755094191284,0.8099610887157981,False,False,False,False
36047079602,10,0.6213377552190162,0.05517518255110524,-0.17752507291971892,0.6236726920372664,0.06362755094191284,0.8099610887157981,False,False,False,False
36047079801,10,0.6213377552190162,0.05517518255110524,-0.17752507291971892,0.6236726920372664,0.06362755094191284,0.8099610887157981,False,False,False,False
36047079802,10,0.6213377552190162,0.05517518255110524,-0.17752507291971892,0.6236726920372664,0.06362755094191284,0.8099610887157981,False,False,False,False
36047080000,10,0.6213377552190162,0.05517518255110524,-0.17752507291971892,0.6236726920372664,0.06362755094191284,0.8099610887157981,False,False,False,False
36047080200,10,0.6213377552190162,0.05517518255110524,-0.17752507291971892,0.6236726920372664,0.06362755094191284,0.8099610887157981,False,False,False,False
36047080400,10,0.6213377552190162,0.05517518255110524,-0.17752507291971892,0.6236726920372664,0.06362755094191284,0.8099610887157981,False,False,False,False
36047080600,10,0.6213377552190162,0.05517518255110524,-0.17752507291971892,0.6236726920372664,0.06362755094191284,0.8099610887157981,False,False,False,False
36047080800,10,0.6213377552190162,0.05517518255110524,-0.17752507291971892,0.6236726920372664,0.06362755094191284,0.8099610887157981,False,False,False,False
36047081000,10,0.6213377552190162,0.05517518255110524,-0.17752507291971892,0.6236726920372664,0.06362755094191284,0.8099610887157981,False,False,False,False
36047081400,10,0.6213377552190162,0.05517518255110524,-0.17752507291971892,0.6236726920372664,0.06362755094191284,0.8099610887157981,False,False,False,False
36047081600,10,0.6213377552190162,0.05517518255110524,-0.17752507291971892,0.6236726920372664,0.06362755094191284,0.8099610887157981,False,False,False,False
36047081800,10,0.6213377552190162,0.05517518255110524,-0.17752507291971892,0.6236726920372664,0.06362755094191284,0.8099610887157981,False,False,False,False
36047082000,10,0.6213377552190162,0.05517518255110524,-0.17752507291971892,0.6236726920372664,0.06362755094191284,0.8099610887157981,False,False,False,False
36047082200,10,0.6213377552190162,0.05517518255110524,-0.17752507291971892,0.6236726920372664,0.06362755094191284,0.8099610887157981,False,False,False,False
36047082400,10,0.6213377552190162,0.05517518255110524,-0.17752507291971892,0.6236726920372664,0.06362755094191284,0.8099610887157981,False,False,False,False
36047082600,10,0.6213377552190162,0.05517518255110524,-0.17752507291971892,0.6236726920372664,0.06362755094191284,0.8099610887157981,False,False,False,False
36047082800,10,0.6213377552190162,0.05517518255110524,-0.17752507291971892,0.6236726920372664,0.06362755094191284,0.8099610887157981,False,False,False,False
36047083000,10,0.6213377552190162,0.05517518255110524,-0.17752507291971892,0.6236726920372664,0.06362755094191284,0.8099610887157981,False,False,False,False
36047083200,10,0.6213377552190162,0.05517518255110524,-0.17752507291971892,0.6236726920372664,0.06362755094191284,0.8099610887157981,False,False,False,False
36047083400,10,0.6213377552190162,0.05517518255110524,-0.17752507291971892,0.6236726920372664,0.06362755094191284,0.8099610887157981,False,False,False,False
36047083600,10,0.6213377552190162,0.05517518255110524,-0.17752507291971892,0.6236726920372664,0.06362755094191284,0.8099610887157981,False,False,False,False
36047083800,10,0.6213377552190162,0.05517518255110524,-0.17752507291971892,0.6236726920372664,0.06362755094191284,0.8099610887157981,False,False,False,False
36047084000,10,0.6213377552190162,0.05517518255110524,-0.17752507291971892,0.6236726920372664,0.06362755094191284,0.8099610887157981,False,False,False,False
36047084600,10,0.6213377552190162,0.05517518255110524,-0.17752507291971892,0.6236726920372664,0.06362755094191284,0.8099610887157981,False,False,False,False
36047084800,10,0.6213377552190162,0.05517518255110524,-0.17752507291971892,0.6236726920372664,0.06362755094191284,0.8099610887157981,False,False,False,False
36047085000,10,0.6213377552190162,0.05517518255110524,-0.17752507291971892,0.6236726920372664,0.06362755094191284,0.8099610887157981,False,False,False,False
36047085200,10,0.6213377552190162,0.05517518255110524,-0.17752507291971892,0.6236726920372664,0.06362755094191284,0.8099610887157981,False,False,False,False
36047085400,10,0.6213377552190162,0.05517518255110524,-0.17752507291971892,0.6236726920372664,0.06362755094191284,0.8099610887157981,False,False,False,False
36047085600,10,0.6213377552190162,0.05517518255110524,-0.17752507291971892,0.6236726920372664,0.06362755094191284,0.8099610887157981,False,False,False,False
36047085800,10,0.6213377552190162,0.05517518255110524,-0.17752507291971892,0.6236726920372664,0.06362755094191284,0.8099610887157981,False,False,False,False
36047086000,10,0.6213377552190162,0.05517518255110524,-0.17752507291971892,0.6236726920372664,0.06362755094191284,0.8099610887157981,False,False,False,False
36047086200,10,0.6213377552190162,0.05517518255110524,-0.17752507291971892,0.6236726920372664,0.06362755094191284,0.8099610887157981,False,False,False,False
36047086400,10,0.6213377552190162,0.05517518255110524,-0.17752507291971892,0.6236726920372664,0.06362755094191284,0.8099610887157981,False,False,False,False
36047086600,10,0.6213377552190162,0.05517518255110524,-0.17752507291971892,0.6236726920372664,0.06362755094191284,0.8099610887157981,False,False,False,False
36047086800,10,0.6213377552190162,0.05517518255110524,-0.17752507291971892,0.6236726920372664,0.06362755094191284,0.8099610887157981,False,False,False,False
36047087000,10,0.6213377552190162,0.05517518255110524,-0.17752507291971892,0.6236726920372664,0.06362755094191284,0.8099610887157981,False,False,False,False
36047087200,10,0.6213377552190162,0.05517518255110524,-0.17752507291971892,0.6236726920372664,0.06362755094191284,0.8099610887157981,False,False,False,False
36047087401,10,0.6213377552190162,0.05517518255110524,-0.17752507291971892,0.6236726920372664,0.06362755094191284,0.8099610887157981,False,False,False,False
36047087600,10,0.6213377552190162,0.05517518255110524,-0.17752507291971892,0.6236726920372664,0.06362755094191284,0.8099610887157981,False,False,False,False
36047087800,10,0.6213377552190162,0.05517518255110524,-0.17752507291971892,0.6236726920372664,0.06362755094191284,0.8099610887157981,False,False,False,False
36047088000,10,0.6213377552190162,0.05517518255110524,-0.17752507291971892,0.6236726920372664,0.06362755094191284,0.8099610887157981,False,False,False,False
36047088200,10,0.6213377552190162,0.05517518255110524,-0.17752507291971892,0.6236726920372664,0.06362755094191284,0.8099610887157981,False,False,False,False
36047088400,10,0.6213377552190162,0.05517518255110524,-0.17752507291971892,0.6236726920372664,0.06362755094191284,0.8099610887157981,False,False,False,False
36047088600,10,0.6213377552190162,0.05517518255110524,-0.17752507291971892,0.6236726920372664,0.06362755094191284,0.8099610887157981,False,False,False,False
36047088800,10,0.6213377552190162,0.05517518255110524,-0.17752507291971892,0.6236726920372664,0.06362755094191284,0.8099610887157981,False,False,False,False
36047089000,10,0.6213377552190162,0.05517518255110524,-0.17752507291971892,0.6236726920372664,0.06362755094191284,0.8099610887157981,False,False,False,False
36047089200,10,0.6213377552190162,0.05517518255110524,-0.17752507291971892,0.6236726920372664,0.06362755094191284,0.8099610887157981,False,False,False,False
36047089400,10,0.6213377552190162,0.05517518255110524,-0.17752507291971892,0.6236726920372664,0.06362755094191284,0.8099610887157981,False,False,False,False
36047089600,10,0.6213377552190162,0.05517518255110524,-0.17752507291971892,0.6236726920372664,0.06362755094191284,0.8099610887157981,False,False,False,False
36047089800,10,0.6213377552190162,0.05517518255110524,-0.17752507291971892,0.6236726920372664,0.06362755094191284,0.8099610887157981,False,False,False,False
36047090000,10,0.6213377552190162,0.05517518255110524,-0.17752507291971892,0.6236726920372664,0.06362755094191284,0.8099610887157981,False,False,False,False
36047090200,10,0.6213377552190162,0.05517518255110524,-0.17752507291971892,0.6236726920372664,0.06362755094191284,0.8099610887157981,False,False,False,False
36047090600,10,0.6213377552190162,0.05517518255110524,-0.17752507291971892,0.6236726920372664,0.06362755094191284,0.8099610887157981,False,False,False,False
36047090800,10,0.6213377552190162,0.05517518255110524,-0.17752507291971892,0.6236726920372664,0.06362755094191284,0.8099610887157981,False,False,False,False
36047091000,10,0.6213377552190162,0.05517518255110524,-0.17752507291971892,0.6236726920372664,0.06362755094191284,0.8099610887157981,False,False,False,False
36047091200,10,0.6213377552190162,0.05517518255110524,-0.17752507291971892,0.6236726920372664,0.06362755094191284,0.8099610887157981,False,False,False,False
36047091600,10,0.6213377552190162,0.05517518255110524,-0.17752507291971892,0.6236726920372664,0.06362755094191284,0.8099610887157981,False,False,False,False
36047091800,10,0.6213377552190162,0.05517518255110524,-0.17752507291971892,0.6236726920372664,0.06362755094191284,0.8099610887157981,False,False,False,False
36047092000,10,0.6213377552190162,0.05517518255110524,-0.17752507291971892,0.6236726920372664,0.06362755094191284,0.8099610887157981,False,False,False,False
36047092200,10,0.6213377552190162,0.05517518255110524,-0.17752507291971892,0.6236726920372664,0.06362755094191284,0.8099610887157981,False,False,False,False
36047092400,10,0.6213377552190162,0.05517518255110524,-0.17752507291971892,0.6236726920372664,0.06362755094191284,0.8099610887157981,False,False,False,False
36047092800,10,0.6213377552190162,0.05517518255110524,-0.17752507291971892,0.6236726920372664,0.06362755094191284,0.8099610887157981,False,False,False,False
36047093000,10,0.6213377552190162,0.05517518255110524,-0.17752507291971892,0.6236726920372664,0.06362755094191284,0.8099610887157981,False,False,False,False
36047093200,10,0.6213377552190162,0.05517518255110524,-0.17752507291971892,0.6236726920372664,0.06362755094191284,0.8099610887157981,False,False,False,False
36047093400,10,0.6213377552190162,0.05517518255110524,-0.17752507291971892,0.6236726920372664,0.06362755094191284,0.8099610887157981,False,False,False,False
36047093600,10,0.6213377552190162,0.05517518255110524,-0.17752507291971892,0.6236726920372664,0.06362755094191284,0.8099610887157981,False,False,False,False
36047093800,10,0.6213377552190162,0.05517518255110524,-0.17752507291971892,0.6236726920372664,0.06362755094191284,0.8099610887157981,False,False,False,False
36047094401,10,0.6213377552190162,0.05517518255110524,-0.17752507291971892,0.6236726920372664,0.06362755094191284,0.8099610887157981,False,False,False,False
36047094402,10,0.6213377552190162,0.05517518255110524,-0.17752507291971892,0.6236726920372664,0.06362755094191284,0.8099610887157981,False,False,False,False
36047094600,10,0.6213377552190162,0.05517518255110524,-0.17752507291971892,0.6236726920372664,0.06362755094191284,0.8099610887157981,False,False,False,False
36047095000,10,0.6213377552190162,0.05517518255110524,-0.17752507291971892,0.6236726920372664,0.06362755094191284,0.8099610887157981,False,False,False,False
36047095400,10,0.6213377552190162,0.05517518255110524,-0.17752507291971892,0.6236726920372664,0.06362755094191284,0.8099610887157981,False,False,False,False
36047095600,10,0.6213377552190162,0.05517518255110524,-0.17752507291971892,0.6236726920372664,0.06362755094191284,0.8099610887157981,False,False,False,False
36047095800,10,0.6213377552190162,0.05517518255110524,-0.17752507291971892,0.6236726920372664,0.06362755094191284,0.8099610887157981,False,False,False,False
36047096000,10,0.6213377552190162,0.05517518255110524,-0.17752507291971892,0.6236726920372664,0.06362755094191284,0.8099610887157981,False,False,False,False
36047096200,10,0.6213377552190162,0.05517518255110524,-0.17752507291971892,0.6236726920372664,0.06362755094191284,0.8099610887157981,False,False,False,False
36047096400,10,0.6213377552190162,0.05517518255110524,-0.17752507291971892,0.6236726920372664,0.06362755094191284,0.8099610887157981,False,False,False,False
36047096600,10,0.6213377552190162,0.05517518255110524,-0.17752507291971892,0.6236726920372664,0.06362755094191284,0.8099610887157981,False,False,False,False
36047096800,10,0.6213377552190162,0.05517518255110524,-0.17752507291971892,0.6236726920372664,0.06362755094191284,0.8099610887157981,False,False,False,False
36047097000,10,0.6213377552190162,0.05517518255110524,-0.17752507291971892,0.6236726920372664,0.06362755094191284,0.8099610887157981,False,False,False,False
36047097400,10,0.6213377552190162,0.05517518255110524,-0.17752507291971892,0.6236726920372664,0.06362755094191284,0.8099610887157981,False,False,False,False
36047098200,10,0.6213377552190162,0.05517518255110524,-0.17752507291971892,0.6236726920372664,0.06362755094191284,0.8099610887157981,False,False,False,False
36047098400,10,0.6213377552190162,0.05517518255110524,-0.17752507291971892,0.6236726920372664,0.06362755094191284,0.8099610887157981,False,False,False,False
36047098600,10,0.6213377552190162,0.05517518255110524,-0.17752507291971892,0.6236726920372664,0.06362755094191284,0.8099610887157981,False,False,False,False
36047098800,10,0.6213377552190162,0.05517518255110524,-0.17752507291971892,0.6236726920372664,0.06362755094191284,0.8099610887157981,False,False,False,False
36047099000,10,0.6213377552190162,0.05517518255110524,-0.17752507291971892,0.6236726920372664,0.06362755094191284,0.8099610887157981,False,False,False,False
36047099200,10,0.6213377552190162,0.05517518255110524,-0.17752507291971892,0.6236726920372664,0.06362755094191284,0.8099610887157981,False,False,False,False
36047099400,10,0.6213377552190162,0.05517518255110524,-0.17752507291971892,0.6236726920372664,0.06362755094191284,0.8099610887157981,False,False,False,False
36047099600,10,0.6213377552190162,0.05517518255110524,-0.17752507291971892,0.6236726920372664,0.06362755094191284,0.8099610887157981,False,False,False,False
36047099800,10,0.6213377552190162,0.05517518255110524,-0.17752507291971892,0.6236726920372664,0.06362755094191284,0.8099610887157981,False,False,False,False
36047100400,10,0.6213377552190162,0.05517518255110524,-0.17752507291971892,0.6236726920372664,0.06362755094191284,0.8099610887157981,False,False,False,False
36047100600,10,0.6213377552190162,0.05517518255110524,-0.17752507291971892,0.6236726920372664,0.06362755094191284,0.8099610887157981,False,False,False,False
36047100800,10,0.6213377552190162,0.05517518255110524,-0.17752507291971892,0.6236726920372664,0.06362755094191284,0.8099610887157981,False,False,False,False
36047101000,10,0.6213377552190162,0.05517518255110524,-0.17752507291971892,0.6236726920372664,0.06362755094191284,0.8099610887157981,False,False,False,False
36047101200,10,0.6213377552190162,0.05517518255110524,-0.17752507291971892,0.6236726920372664,0.06362755094191284,0.8099610887157981,False,False,False,False
36047101400,10,0.6213377552190162,0.05517518255110524,-0.17752507291971892,0.6236726920372664,0.06362755094191284,0.8099610887157981,False,False,False,False
36047101600,10,0.6213377552190162,0.05517518255110524,-0.17752507291971892,0.6236726920372664,0.06362755094191284,0.8099610887157981,False,False,False,False
36047101800,10,0.6213377552190162,0.05517518255110524,-0.17752507291971892,0.6236726920372664,0.06362755094191284,0.8099610887157981,False,False,False,False
36047102000,10,0.6213377552190162,0.05517518255110524,-0.17752507291971892,0.6236726920372664,0.06362755094191284,0.8099610887157981,False,False,False,False
36047102200,10,0.6213377552190162,0.05517518255110524,-0.17752507291971892,0.6236726920372664,0.06362755094191284,0.8099610887157981,False,False,False,False
36047102400,10,0.6213377552190162,0.05517518255110524,-0.17752507291971892,0.6236726920372664,0.06362755094191284,0.8099610887157981,False,False,False,False
36047102600,10,0.6213377552190162,0.05517518255110524,-0.17752507291971892,0.6236726920372664,0.06362755094191284,0.8099610887157981,False,False,False,False
36047102800,10,0.6213377552190162,0.05517518255110524,-0.17752507291971892,0.6236726920372664,0.06362755094191284,0.8099610887157981,False,False,False,False
36047103400,10,0.6213377552190162,0.05517518255110524,-0.17752507291971892,0.6236726920372664,0.06362755094191284,0.8099610887157981,False,False,False,False
36047105801,10,0.6213377552190162,0.05517518255110524,-0.17752507291971892,0.6236726920372664,0.06362755094191284,0.8099610887157981,False,False,False,False
36047105804,10,0.6213377552190162,0.05517518255110524,-0.17752507291971892,0.6236726920372664,0.06362755094191284,0.8099610887157981,False,False,False,False
36047107000,10,0.6213377552190162,0.05517518255110524,-0.17752507291971892,0.6236726920372664,0.06362755094191284,0.8099610887157981,False,False,False,False
36047107800,10,0.6213377552190162,0.05517518255110524,-0.17752507291971892,0.6236726920372664,0.06362755094191284,0.8099610887157981,False,False,False,False
36047109800,10,0.6213377552190162,0.05517518255110524,-0.17752507291971892,0.6236726920372664,0.06362755094191284,0.8099610887157981,False,False,False,False
36047110400,10,0.6213377552190162,0.05517518255110524,-0.17752507291971892,0.6236726920372664,0.06362755094191284,0.8099610887157981,False,False,False,False
36047110600,10,0.6213377552190162,0.05517518255110524,-0.17752507291971892,0.6236726920372664,0.06362755094191284,0.8099610887157981,False,False,False,False
36047111000,10,0.6213377552190162,0.05517518255110524,-0.17752507291971892,0.6236726920372664,0.06362755094191284,0.8099610887157981,False,False,False,False
36047111600,10,0.6213377552190162,0.05517518255110524,-0.17752507291971892,0.6236726920372664,0.06362755094191284,0.8099610887157981,False,False,False,False
36047111800,10,0.6213377552190162,0.05517518255110524,-0.17752507291971892,0.6236726920372664,0.06362755094191284,0.8099610887157981,False,False,False,False
36047112000,10,0.6213377552190162,0.05517518255110524,-0.17752507291971892,0.6236726920372664,0.06362755094191284,0.8099610887157981,False,False,False,False
36047112200,10,0.6213377552190162,0.05517518255110524,-0.17752507291971892,0.6236726920372664,0.06362755094191284,0.8099610887157981,False,False,False,False
36047112400,10,0.6213377552190162,0.05517518255110524,-0.17752507291971892,0.6236726920372664,0.06362755094191284,0.8099610887157981,False,False,False,False
36047112600,10,0.6213377552190162,0.05517518255110524,-0.17752507291971892,0.6236726920372664,0.06362755094191284,0.8099610887157981,False,False,False,False
36047112800,10,0.6213377552190162,0.05517518255110524,-0.17752507291971892,0.6236726920372664,0.06362755094191284,0.8099610887157981,False,False,False,False
36047113000,10,0.6213377552190162,0.05517518255110524,-0.17752507291971892,0.6236726920372664,0.06362755094191284,0.8099610887157981,False,False,False,False
36047113200,10,0.6213377552190162,0.05517518255110524,-0.17752507291971892,0.6236726920372664,0.06362755094191284,0.8099610887157981,False,False,False,False
36047113400,10,0.6213377552190162,0.05517518255110524,-0.17752507291971892,0.6236726920372664,0.06362755094191284,0.8099610887157981,False,False,False,False
36047114201,10,0.6213377552190162,0.05517518255110524,-0.17752507291971892,0.6236726920372664,0.06362755094191284,0.8099610887157981,False,False,False,False
36047114202,10,0.6213377552190162,0.05517518255110524,-0.17752507291971892,0.6236726920372664,0.06362755094191284,0.8099610887157981,False,False,False,False
36047114400,10,0.6213377552190162,0.05517518255110524,-0.17752507291971892,0.6236726920372664,0.06362755094191284,0.8099610887157981,False,False,False,False
36047114600,10,0.6213377552190162,0.05517518255110524,-0.17752507291971892,0.6236726920372664,0.06362755094191284,0.8099610887157981,False,False,False,False
36047115000,10,0.6213377552190162,0.05517518255110524,-0.17752507291971892,0.6236726920372664,0.06362755094191284,0.8099610887157981,False,False,False,False
36047115200,10,0.6213377552190162,0.05517518255110524,-0.17752507291971892,0.6236726920372664,0.06362755094191284,0.8099610887157981,False,False,False,False
36047115600,10,0.6213377552190162,0.05517518255110524,-0.17752507291971892,0.6236726920372664,0.06362755094191284,0.8099610887157981,False,False,False,False
36047115800,10,0.6213377552190162,0.05517518255110524,-0.17752507291971892,0.6236726920372664,0.06362755094191284,0.8099610887157981,False,False,False,False
36047116000,10,0.6213377552190162,0.05517518255110524,-0.17752507291971892,0.6236726920372664,0.06362755094191284,0.8099610887157981,False,False,False,False
36047116200,10,0.6213377552190162,0.05517518255110524,-0.17752507291971892,0.6236726920372664,0.06362755094191284,0.8099610887157981,False,False,False,False
36047116400,10,0.6213377552190162,0.05517518255110524,-0.17752507291971892,0.6236726920372664,0.06362755094191284,0.8099610887157981,False,False,False,False
36047116600,10,0.6213377552190162,0.05517518255110524,-0.17752507291971892,0.6236726920372664,0.06362755094191284,0.8099610887157981,False,False,False,False
36047116800,10,0.6213377552190162,0.05517518255110524,-0.17752507291971892,0.6236726920372664,0.06362755094191284,0.8099610887157981,False,False,False,False
36047117000,10,0.6213377552190162,0.05517518255110524,-0.17752507291971892,0.6236726920372664,0.06362755094191284,0.8099610887157981,False,False,False,False
36047117201,10,0.6213377552190162,0.05517518255110524,-0.17752507291971892,0.6236726920372664,0.06362755094191284,0.8099610887157981,False,False,False,False
36047117202,10,0.6213377552190162,0.05517518255110524,-0.17752507291971892,0.6236726920372664,0.06362755094191284,0.8099610887157981,False,False,False,False
36047117400,10,0.6213377552190162,0.05517518255110524,-0.17752507291971892,0.6236726920372664,0.06362755094191284,0.8099610887157981,False,False,False,False
36047117601,10,0.6213377552190162,0.05517518255110524,-0.17752507291971892,0.6236726920372664,0.06362755094191284,0.8099610887157981,False,False,False,False
36047117602,10,0.6213377552190162,0.05517518255110524,-0.17752507291971892,0.6236726920372664,0.06362755094191284,0.8099610887157981,False,False,False,False
36047117800,10,0.6213377552190162,0.05517518255110524,-0.17752507291971892,0.6236726920372664,0.06362755094191284,0.8099610887157981,False,False,False,False
36047118000,10,0.6213377552190162,0.05517518255110524,-0.17752507291971892,0.6236726920372664,0.06362755094191284,0.8099610887157981,False,False,False,False
36047118201,10,0.6213377552190162,0.05517518255110524,-0.17752507291971892,0.6236726920372664,0.06362755094191284,0.8099610887157981,False,False,False,False
36047118202,10,0.6213377552190162,0.05517518255110524,-0.17752507291971892,0.6236726920372664,0.06362755094191284,0.8099610887157981,False,False,False,False
36047118400,10,0.6213377552190162,0.05517518255110524,-0.17752507291971892,0.6236726920372664,0.06362755094191284,0.8099610887157981,False,False,False,False
36047118600,10,0.6213377552190162,0.05517518255110524,-0.17752507291971892,0.6236726920372664,0.06362755094191284,0.8099610887157981,False,False,False,False
36047118800,10,0.6213377552190162,0.05517518255110524,-0.17752507291971892,0.6236726920372664,0.06362755094191284,0.8099610887157981,False,False,False,False
36047119000,10,0.6213377552190162,0.05517518255110524,-0.17752507291971892,0.6236726920372664,0.06362755094191284,0.8099610887157981,False,False,False,False
36047119200,10,0.6213377552190162,0.05517518255110524,-0.17752507291971892,0.6236726920372664,0.06362755094191284,0.8099610887157981,False,False,False,False
36047119400,10,0.6213377552190162,0.05517518255110524,-0.17752507291971892,0.6236726920372664,0.06362755094191284,0.8099610887157981,False,False,False,False
36047119600,10,0.6213377552190162,0.05517518255110524,-0.17752507291971892,0.6236726920372664,0.06362755094191284,0.8099610887157981,False,False,False,False
36047119800,10,0.6213377552190162,0.05517518255110524,-0.17752507291971892,0.6236726920372664,0.06362755094191284,0.8099610887157981,False,False,False,False
36047120000,10,0.6213377552190162,0.05517518255110524,-0.17752507291971892,0.6236726920372664,0.06362755094191284,0.8099610887157981,False,False,False,False
36047120200,10,0.6213377552190162,0.05517518255110524,-0.17752507291971892,0.6236726920372664,0.06362755094191284,0.8099610887157981,False,False,False,False
36047120800,10,0.6213377552190162,0.05517518255110524,-0.17752507291971892,0.6236726920372664,0.06362755094191284,0.8099610887157981,False,False,False,False
36047121000,10,0.6213377552190162,0.05517518255110524,-0.17752507291971892,0.6236726920372664,0.06362755094191284,0.8099610887157981,False,False,False,False
36047121400,10,0.6213377552190162,0.05517518255110524,-0.17752507291971892,0.6236726920372664,0.06362755094191284,0.8099610887157981,False,False,False,False
36047122000,10,0.6213377552190162,0.05517518255110524,-0.17752507291971892,0.6236726920372664,0.06362755094191284,0.8099610887157981,False,False,False,False
36047123700,10,0.6213377552190162,0.05517518255110524,-0.17752507291971892,0.6236726920372664,0.06362755094191284,0.8099610887157981,False,False,False,False
36047150200,10,0.6213377552190162,0.05517518255110524,-0.17752507291971892,0.6236726920372664,0.06362755094191284,0.8099610887157981,False,False,False,False
36047152200,10,0.6213377552190162,0.05517518255110524,-0.17752507291971892,0.6236726920372664,0.06362755094191284,0.8099610887157981,False,False,False,False
36047990100,10,0.6213377552190162,0.05517518255110524,-0.17752507291971892,0.6236726920372664,0.06362755094191284,0.8099610887157981,False,False,False,False
36061000100,8,0.48319675695112596,0.22514891679763546,-0.5923057020691221,0.1218345136276984,0.22514891679763546,0.45439110286245454,False,False,False,False
36061000201,8,0.48319675695112596,0.22514891679763546,-0.5923057020691221,0.1218345136276984,0.22514891679763546,0.45439110286245454,False,False,False,False
36061000202,8,0.48319675695112596,0.22514891679763546,-0.5923057020691221,0.1218345136276984,0.22514891679763546,0.45439110286245454,False,False,False,False
36061000500,8,0.48319675695112596,0.22514891679763546,-0.5923057020691221,0.1218345136276984,0.22514891679763546,0.45439110286245454,False,False,False,False
36061000600,8,0.48319675695112596,0.22514891679763546,-0.5923057020691221,0.1218345136276984,0.22514891679763546,0.45439110286245454,False,False,False,False
36061000700,8,0.48319675695112596,0.22514891679763546,-0.5923057020691221,0.1218345136276984,0.22514891679763546,0.45439110286245454,False,False,False,False
36061000800,8,0.48319675695112596,0.22514891679763546,-0.5923057020691221,0.1218345136276984,0.22514891679763546,0.45439110286245454,False,False,False,False
36061000900,8,0.48319675695112596,0.22514891679763546,-0.5923057020691221,0.1218345136276984,0.22514891679763546,0.45439110286245454,False,False,False,False
36061001001,8,0.48319675695112596,0.22514891679763546,-0.5923057020691221,0.1218345136276984,0.22514891679763546,0.45439110286245454,False,False,False,False
36061001002,8,0.48319675695112596,0.22514891679763546,-0.5923057020691221,0.1218345136276984,0.22514891679763546,0.45439110286245454,False,False,False,False
36061001200,8,0.48319675695112596,0.22514891679763546,-0.5923057020691221,0.1218345136276984,0.22514891679763546,0.45439110286245454,False,False,False,False
36061001300,8,0.48319675695112596,0.22514891679763546,-0.5923057020691221,0.1218345136276984,0.22514891679763546,0.45439110286245454,False,False,False,False
36061001401,8,0.48319675695112596,0.22514891679763546,-0.5923057020691221,0.1218345136276984,0.22514891679763546,0.45439110286245454,False,False,False,False
36061001402,8,0.48319675695112596,0.22514891679763546,-0.5923057020691221,0.1218345136276984,0.22514891679763546,0.45439110286245454,False,False,False,False
36061001501,8,0.48319675695112596,0.22514891679763546,-0.5923057020691221,0.1218345136276984,0.22514891679763546,0.45439110286245454,False,False,False,False
36061001502,8,0.48319675695112596,0.22514891679763546,-0.5923057020691221,0.1218345136276984,0.22514891679763546,0.45439110286245454,False,False,False,False
36061001600,8,0.48319675695112596,0.22514891679763546,-0.5923057020691221,0.1218345136276984,0.22514891679763546,0.45439110286245454,False,False,False,False
36061001800,8,0.48319675695112596,0.22514891679763546,-0.5923057020691221,0.1218345136276984,0.22514891679763546,0.45439110286245454,False,False,False,False
36061002000,8,0.48319675695112596,0.22514891679763546,-0.5923057020691221,0.1218345136276984,0.22514891679763546,0.45439110286245454,False,False,False,False
36061002100,8,0.48319675695112596,0.22514891679763546,-0.5923057020691221,0.1218345136276984,0.22514891679763546,0.45439110286245454,False,False,False,False
36061002201,8,0.48319675695112596,0.22514891679763546,-0.5923057020691221,0.1218345136276984,0.22514891679763546,0.45439110286245454,False,False,False,False
36061002202,8,0.48319675695112596,0.22514891679763546,-0.5923057020691221,0.1218345136276984,0.22514891679763546,0.45439110286245454,False,False,False,False
36061002400,8,0.48319675695112596,0.22514891679763546,-0.5923057020691221,0.1218345136276984,0.22514891679763546,0.45439110286245454,False,False,False,False
36061002500,8,0.48319675695112596,0.22514891679763546,-0.5923057020691221,0.1218345136276984,0.22514891679763546,0.45439110286245454,False,False,False,False
36061002601,8,0.48319675695112596,0.22514891679763546,-0.5923057020691221,0.1218345136276984,0.22514891679763546,0.45439110286245454,False,False,False,False
36061002602,8,0.48319675695112596,0.22514891679763546,-0.5923057020691221,0.1218345136276984,0.22514891679763546,0.45439110286245454,False,False,False,False
36061002700,8,0.48319675695112596,0.22514891679763546,-0.5923057020691221,0.1218345136276984,0.22514891679763546,0.45439110286245454,False,False,False,False
36061002800,8,0.48319675695112596,0.22514891679763546,-0.5923057020691221,0.1218345136276984,0.22514891679763546,0.45439110286245454,False,False,False,False
36061002900,8,0.48319675695112596,0.22514891679763546,-0.5923057020691221,0.1218345136276984,0.22514891679763546,0.45439110286245454,False,False,False,False
36061003001,8,0.48319675695112596,0.22514891679763546,-0.5923057020691221,0.1218345136276984,0.22514891679763546,0.45439110286245454,False,False,False,False
36061003002,8,0.48319675695112596,0.22514891679763546,-0.5923057020691221,0.1218345136276984,0.22514891679763546,0.45439110286245454,False,False,False,False
36061003100,8,0.48319675695112596,0.22514891679763546,-0.5923057020691221,0.1218345136276984,0.22514891679763546,0.45439110286245454,False,False,False,False
36061003200,8,0.48319675695112596,0.22514891679763546,-0.5923057020691221,0.1218345136276984,0.22514891679763546,0.45439110286245454,False,False,False,False
36061003300,8,0.48319675695112596,0.22514891679763546,-0.5923057020691221,0.1218345136276984,0.22514891679763546,0.45439110286245454,False,False,False,False
36061003400,8,0.48319675695112596,0.22514891679763546,-0.5923057020691221,0.1218345136276984,0.22514891679763546,0.45439110286245454,False,False,False,False
36061003601,8,0.48319675695112596,0.22514891679763546,-0.5923057020691221,0.1218345136276984,0.22514891679763546,0.45439110286245454,False,False,False,False
36061003602,8,0.48319675695112596,0.22514891679763546,-0.5923057020691221,0.1218345136276984,0.22514891679763546,0.45439110286245454,False,False,False,False
36061003700,8,0.48319675695112596,0.22514891679763546,-0.5923057020691221,0.1218345136276984,0.22514891679763546,0.45439110286245454,False,False,False,False
36061003800,8,0.48319675695112596,0.22514891679763546,-0.5923057020691221,0.1218345136276984,0.22514891679763546,0.45439110286245454,False,False,False,False
36061003900,8,0.48319675695112596,0.22514891679763546,-0.5923057020691221,0.1218345136276984,0.22514891679763546,0.45439110286245454,False,False,False,False
36061004000,8,0.48319675695112596,0.22514891679763546,-0.5923057020691221,0.1218345136276984,0.22514891679763546,0.45439110286245454,False,False,False,False
36061004100,8,0.48319675695112596,0.22514891679763546,-0.5923057020691221,0.1218345136276984,0.22514891679763546,0.45439110286245454,False,False,False,False
36061004200,8,0.48319675695112596,0.22514891679763546,-0.5923057020691221,0.1218345136276984,0.22514891679763546,0.45439110286245454,False,False,False,False
36061004300,8,0.48319675695112596,0.22514891679763546,-0.5923057020691221,0.1218345136276984,0.22514891679763546,0.45439110286245454,False,False,False,False
36061004400,8,0.48319675695112596,0.22514891679763546,-0.5923057020691221,0.1218345136276984,0.22514891679763546,0.45439110286245454,False,False,False,False
36061004500,8,0.48319675695112596,0.22514891679763546,-0.5923057020691221,0.1218345136276984,0.22514891679763546,0.45439110286245454,False,False,False,False
36061004700,8,0.48319675695112596,0.22514891679763546,-0.5923057020691221,0.1218345136276984,0.22514891679763546,0.45439110286245454,False,False,False,False
36061004800,8,0.48319675695112596,0.22514891679763546,-0.5923057020691221,0.1218345136276984,0.22514891679763546,0.45439110286245454,False,False,False,False
36061004900,8,0.48319675695112596,0.22514891679763546,-0.5923057020691221,0.1218345136276984,0.22514891679763546,0.45439110286245454,False,False,False,False
36061005000,8,0.48319675695112596,0.22514891679763546,-0.5923057020691221,0.1218345136276984,0.22514891679763546,0.45439110286245454,False,False,False,False
36061005200,8,0.48319675695112596,0.22514891679763546,-0.5923057020691221,0.1218345136276984,0.22514891679763546,0.45439110286245454,False,False,False,False
36061005400,8,0.48319675695112596,0.22514891679763546,-0.5923057020691221,0.1218345136276984,0.22514891679763546,0.45439110286245454,False,False,False,False
36061005501,8,0.48319675695112596,0.22514891679763546,-0.5923057020691221,0.1218345136276984,0.22514891679763546,0.45439110286245454,False,False,False,False
36061005502,8,0.48319675695112596,0.22514891679763546,-0.5923057020691221,0.1218345136276984,0.22514891679763546,0.45439110286245454,False,False,False,False
36061005600,8,0.48319675695112596,0.22514891679763546,-0.5923057020691221,0.1218345136276984,0.22514891679763546,0.45439110286245454,False,False,False,False
36061005700,8,0.48319675695112596,0.22514891679763546,-0.5923057020691221,0.1218345136276984,0.22514891679763546,0.45439110286245454,False,False,False,False
36061005800,8,0.48319675695112596,0.22514891679763546,-0.5923057020691221,0.1218345136276984,0.22514891679763546,0.45439110286245454,False,False,False,False
36061005900,8,0.48319675695112596,0.22514891679763546,-0.5923057020691221,0.1218345136276984,0.22514891679763546,0.45439110286245454,False,False,False,False
36061006000,8,0.48319675695112596,0.22514891679763546,-0.5923057020691221,0.1218345136276984,0.22514891679763546,0.45439110286245454,False,False,False,False
36061006100,8,0.48319675695112596,0.22514891679763546,-0.5923057020691221,0.1218345136276984,0.22514891679763546,0.45439110286245454,False,False,False,False
36061006200,8,0.48319675695112596,0.22514891679763546,-0.5923057020691221,0.1218345136276984,0.22514891679763546,0.45439110286245454,False,False,False,False
36061006300,8,0.48319675695112596,0.22514891679763546,-0.5923057020691221,0.1218345136276984,0.22514891679763546,0.45439110286245454,False,False,False,False
36061006400,8,0.48319675695112596,0.22514891679763546,-0.5923057020691221,0.1218345136276984,0.22514891679763546,0.45439110286245454,False,False,False,False
36061006500,8,0.48319675695112596,0.22514891679763546,-0.5923057020691221,0.1218345136276984,0.22514891679763546,0.45439110286245454,False,False,False,False
36061006600,8,0.48319675695112596,0.22514891679763546,-0.5923057020691221,0.1218345136276984,0.22514891679763546,0.45439110286245454,False,False,False,False
36061006700,8,0.48319675695112596,0.22514891679763546,-0.5923057020691221,0.1218345136276984,0.22514891679763546,0.45439110286245454,False,False,False,False
36061006800,8,0.48319675695112596,0.22514891679763546,-0.5923057020691221,0.1218345136276984,0.22514891679763546,0.45439110286245454,False,False,False,False
36061006900,8,0.48319675695112596,0.22514891679763546,-0.5923057020691221,0.1218345136276984,0.22514891679763546,0.45439110286245454,False,False,False,False
36061007000,8,0.48319675695112596,0.22514891679763546,-0.5923057020691221,0.1218345136276984,0.22514891679763546,0.45439110286245454,False,False,False,False
36061007100,8,0.48319675695112596,0.22514891679763546,-0.5923057020691221,0.1218345136276984,0.22514891679763546,0.45439110286245454,False,False,False,False
36061007200,8,0.48319675695112596,0.22514891679763546,-0.5923057020691221,0.1218345136276984,0.22514891679763546,0.45439110286245454,False,False,False,False
36061007300,8,0.48319675695112596,0.22514891679763546,-0.5923057020691221,0.1218345136276984,0.22514891679763546,0.45439110286245454,False,False,False,False
36061007400,8,0.48319675695112596,0.22514891679763546,-0.5923057020691221,0.1218345136276984,0.22514891679763546,0.45439110286245454,False,False,False,False
36061007500,8,0.48319675695112596,0.22514891679763546,-0.5923057020691221,0.1218345136276984,0.22514891679763546,0.45439110286245454,False,False,False,False
36061007600,8,0.48319675695112596,0.22514891679763546,-0.5923057020691221,0.1218345136276984,0.22514891679763546,0.45439110286245454,False,False,False,False
36061007700,8,0.48319675695112596,0.22514891679763546,-0.5923057020691221,0.1218345136276984,0.22514891679763546,0.45439110286245454,False,False,False,False
36061007800,8,0.48319675695112596,0.22514891679763546,-0.5923057020691221,0.1218345136276984,0.22514891679763546,0.45439110286245454,False,False,False,False
36061007900,8,0.48319675695112596,0.22514891679763546,-0.5923057020691221,0.1218345136276984,0.22514891679763546,0.45439110286245454,False,False,False,False
36061008000,8,0.48319675695112596,0.22514891679763546,-0.5923057020691221,0.1218345136276984,0.22514891679763546,0.45439110286245454,False,False,False,False
36061008100,8,0.48319675695112596,0.22514891679763546,-0.5923057020691221,0.1218345136276984,0.22514891679763546,0.45439110286245454,False,False,False,False
36061008200,8,0.48319675695112596,0.22514891679763546,-0.5923057020691221,0.1218345136276984,0.22514891679763546,0.45439110286245454,False,False,False,False
36061008300,8,0.48319675695112596,0.22514891679763546,-0.5923057020691221,0.1218345136276984,0.22514891679763546,0.45439110286245454,False,False,False,False
36061008400,8,0.48319675695112596,0.22514891679763546,-0.5923057020691221,0.1218345136276984,0.22514891679763546,0.45439110286245454,False,False,False,False
36061008601,8,0.48319675695112596,0.22514891679763546,-0.5923057020691221,0.1218345136276984,0.22514891679763546,0.45439110286245454,False,False,False,False
36061008602,8,0.48319675695112596,0.22514891679763546,-0.5923057020691221,0.1218345136276984,0.22514891679763546,0.45439110286245454,False,False,False,False
36061008603,8,0.48319675695112596,0.22514891679763546,-0.5923057020691221,0.1218345136276984,0.22514891679763546,0.45439110286245454,False,False,False,False
36061008700,8,0.48319675695112596,0.22514891679763546,-0.5923057020691221,0.1218345136276984,0.22514891679763546,0.45439110286245454,False,False,False,False
36061008800,8,0.48319675695112596,0.22514891679763546,-0.5923057020691221,0.1218345136276984,0.22514891679763546,0.45439110286245454,False,False,False,False
36061008900,8,0.48319675695112596,0.22514891679763546,-0.5923057020691221,0.1218345136276984,0.22514891679763546,0.45439110286245454,False,False,False,False
36061009000,8,0.48319675695112596,0.22514891679763546,-0.5923057020691221,0.1218345136276984,0.22514891679763546,0.45439110286245454,False,False,False,False
36061009100,8,0.48319675695112596,0.22514891679763546,-0.5923057020691221,0.1218345136276984,0.22514891679763546,0.45439110286245454,False,False,False,False
36061009200,8,0.48319675695112596,0.22514891679763546,-0.5923057020691221,0.1218345136276984,0.22514891679763546,0.45439110286245454,False,False,False,False
36061009300,8,0.48319675695112596,0.22514891679763546,-0.5923057020691221,0.1218345136276984,0.22514891679763546,0.45439110286245454,False,False,False,False
36061009400,8,0.48319675695112596,0.22514891679763546,-0.5923057020691221,0.1218345136276984,0.22514891679763546,0.45439110286245454,False,False,False,False
36061009500,8,0.48319675695112596,0.22514891679763546,-0.5923057020691221,0.1218345136276984,0.22514891679763546,0.45439110286245454,False,False,False,False
36061009600,8,0.48319675695112596,0.22514891679763546,-0.5923057020691221,0.1218345136276984,0.22514891679763546,0.45439110286245454,False,False,False,False
36061009700,8,0.48319675695112596,0.22514891679763546,-0.5923057020691221,0.1218345136276984,0.22514891679763546,0.45439110286245454,False,False,False,False
36061009800,8,0.48319675695112596,0.22514891679763546,-0.5923057020691221,0.1218345136276984,0.22514891679763546,0.45439110286245454,False,False,False,False
36061009900,8,0.48319675695112596,0.22514891679763546,-0.5923057020691221,0.1218345136276984,0.22514891679763546,0.45439110286245454,False,False,False,False
36061010000,8,0.48319675695112596,0.22514891679763546,-0.5923057020691221,0.1218345136276984,0.22514891679763546,0.45439110286245454,False,False,False,False
36061010100,8,0.48319675695112596,0.22514891679763546,-0.5923057020691221,0.1218345136276984,0.22514891679763546,0.45439110286245454,False,False,False,False
36061010200,8,0.48319675695112596,0.22514891679763546,-0.5923057020691221,0.1218345136276984,0.22514891679763546,0.45439110286245454,False,False,False,False
36061010300,8,0.48319675695112596,0.22514891679763546,-0.5923057020691221,0.1218345136276984,0.22514891679763546,0.45439110286245454,False,False,False,False
36061010400,8,0.48319675695112596,0.22514891679763546,-0.5923057020691221,0.1218345136276984,0.22514891679763546,0.45439110286245454,False,False,False,False
36061010601,8,0.48319675695112596,0.22514891679763546,-0.5923057020691221,0.1218345136276984,0.22514891679763546,0.45439110286245454,False,False,False,False
36061010602,8,0.48319675695112596,0.22514891679763546,-0.5923057020691221,0.1218345136276984,0.22514891679763546,0.45439110286245454,False,False,False,False
36061010800,8,0.48319675695112596,0.22514891679763546,-0.5923057020691221,0.1218345136276984,0.22514891679763546,0.45439110286245454,False,False,False,False
36061010900,8,0.48319675695112596,0.22514891679763546,-0.5923057020691221,0.1218345136276984,0.22514891679763546,0.45439110286245454,False,False,False,False
36061011000,8,0.48319675695112596,0.22514891679763546,-0.5923057020691221,0.1218345136276984,0.22514891679763546,0.45439110286245454,False,False,False,False
36061011100,8,0.48319675695112596,0.22514891679763546,-0.5923057020691221,0.1218345136276984,0.22514891679763546,0.45439110286245454,False,False,False,False
36061011201,8,0.48319675695112596,0.22514891679763546,-0.5923057020691221,0.1218345136276984,0.22514891679763546,0.45439110286245454,False,False,False,False
36061011202,8,0.48319675695112596,0.22514891679763546,-0.5923057020691221,0.1218345136276984,0.22514891679763546,0.45439110286245454,False,False,False,False
36061011203,8,0.48319675695112596,0.22514891679763546,-0.5923057020691221,0.1218345136276984,0.22514891679763546,0.45439110286245454,False,False,False,False
36061011300,8,0.48319675695112596,0.22514891679763546,-0.5923057020691221,0.1218345136276984,0.22514891679763546,0.45439110286245454,False,False,False,False
36061011401,8,0.48319675695112596,0.22514891679763546,-0.5923057020691221,0.1218345136276984,0.22514891679763546,0.45439110286245454,False,False,False,False
36061011402,8,0.48319675695112596,0.22514891679763546,-0.5923057020691221,0.1218345136276984,0.22514891679763546,0.45439110286245454,False,False,False,False
36061011500,8,0.48319675695112596,0.22514891679763546,-0.5923057020691221,0.1218345136276984,0.22514891679763546,0.45439110286245454,False,False,False,False
36061011600,8,0.48319675695112596,0.22514891679763546,-0.5923057020691221,0.1218345136276984,0.22514891679763546,0.45439110286245454,False,False,False,False
36061011700,8,0.48319675695112596,0.22514891679763546,-0.5923057020691221,0.1218345136276984,0.22514891679763546,0.45439110286245454,False,False,False,False
36061011800,8,0.48319675695112596,0.22514891679763546,-0.5923057020691221,0.1218345136276984,0.22514891679763546,0.45439110286245454,False,False,False,False
36061011900,8,0.48319675695112596,0.22514891679763546,-0.5923057020691221,0.1218345136276984,0.22514891679763546,0.45439110286245454,False,False,False,False
36061012000,8,0.48319675695112596,0.22514891679763546,-0.5923057020691221,0.1218345136276984,0.22514891679763546,0.45439110286245454,False,False,False,False
36061012100,8,0.48319675695112596,0.22514891679763546,-0.5923057020691221,0.1218345136276984,0.22514891679763546,0.45439110286245454,False,False,False,False
36061012200,8,0.48319675695112596,0.22514891679763546,-0.5923057020691221,0.1218345136276984,0.22514891679763546,0.45439110286245454,False,False,False,False
36061012400,8,0.48319675695112596,0.22514891679763546,-0.5923057020691221,0.1218345136276984,0.22514891679763546,0.45439110286245454,False,False,False,False
36061012500,8,0.48319675695112596,0.22514891679763546,-0.5923057020691221,0.1218345136276984,0.22514891679763546,0.45439110286245454,False,False,False,False
36061012600,8,0.48319675695112596,0.22514891679763546,-0.5923057020691221,0.1218345136276984,0.22514891679763546,0.45439110286245454,False,False,False,False
36061012700,8,0.48319675695112596,0.22514891679763546,-0.5923057020691221,0.1218345136276984,0.22514891679763546,0.45439110286245454,False,False,False,False
36061012800,8,0.48319675695112596,0.22514891679763546,-0.5923057020691221,0.1218345136276984,0.22514891679763546,0.45439110286245454,False,False,False,False
36061012900,8,0.48319675695112596,0.22514891679763546,-0.5923057020691221,0.1218345136276984,0.22514891679763546,0.45439110286245454,False,False,False,False
36061013000,8,0.48319675695112596,0.22514891679763546,-0.5923057020691221,0.1218345136276984,0.22514891679763546,0.45439110286245454,False,False,False,False
36061013100,8,0.48319675695112596,0.22514891679763546,-0.5923057020691221,0.1218345136276984,0.22514891679763546,0.45439110286245454,False,False,False,False
36061013200,8,0.48319675695112596,0.22514891679763546,-0.5923057020691221,0.1218345136276984,0.22514891679763546,0.45439110286245454,False,False,False,False
36061013300,8,0.48319675695112596,0.22514891679763546,-0.5923057020691221,0.1218345136276984,0.22514891679763546,0.45439110286245454,False,False,False,False
36061013400,8,0.48319675695112596,0.22514891679763546,-0.5923057020691221,0.1218345136276984,0.22514891679763546,0.45439110286245454,False,False,False,False
36061013500,8,0.48319675695112596,0.22514891679763546,-0.5923057020691221,0.1218345136276984,0.22514891679763546,0.45439110286245454,False,False,False,False
36061013600,8,0.48319675695112596,0.22514891679763546,-0.5923057020691221,0.1218345136276984,0.22514891679763546,0.45439110286245454,False,False,False,False
36061013700,8,0.48319675695112596,0.22514891679763546,-0.5923057020691221,0.1218345136276984,0.22514891679763546,0.45439110286245454,False,False,False,False
36061013800,8,0.48319675695112596,0.22514891679763546,-0.5923057020691221,0.1218345136276984,0.22514891679763546,0.45439110286245454,False,False,False,False
36061013900,8,0.48319675695112596,0.22514891679763546,-0.5923057020691221,0.1218345136276984,0.22514891679763546,0.45439110286245454,False,False,False,False
36061014000,8,0.48319675695112596,0.22514891679763546,-0.5923057020691221,0.1218345136276984,0.22514891679763546,0.45439110286245454,False,False,False,False
36061014200,8,0.48319675695112596,0.22514891679763546,-0.5923057020691221,0.1218345136276984,0.22514891679763546,0.45439110286245454,False,False,False,False
36061014300,8,0.48319675695112596,0.22514891679763546,-0.5923057020691221,0.1218345136276984,0.22514891679763546,0.45439110286245454,False,False,False,False
36061014401,8,0.48319675695112596,0.22514891679763546,-0.5923057020691221,0.1218345136276984,0.22514891679763546,0.45439110286245454,False,False,False,False
36061014402,8,0.48319675695112596,0.22514891679763546,-0.5923057020691221,0.1218345136276984,0.22514891679763546,0.45439110286245454,False,False,False,False
36061014500,8,0.48319675695112596,0.22514891679763546,-0.5923057020691221,0.1218345136276984,0.22514891679763546,0.45439110286245454,False,False,False,False
36061014601,8,0.48319675695112596,0.22514891679763546,-0.5923057020691221,0.1218345136276984,0.22514891679763546,0.45439110286245454,False,False,False,False
36061014602,8,0.48319675695112596,0.22514891679763546,-0.5923057020691221,0.1218345136276984,0.22514891679763546,0.45439110286245454,False,False,False,False
36061014700,8,0.48319675695112596,0.22514891679763546,-0.5923057020691221,0.1218345136276984,0.22514891679763546,0.45439110286245454,False,False,False,False
36061014801,8,0.48319675695112596,0.22514891679763546,-0.5923057020691221,0.1218345136276984,0.22514891679763546,0.45439110286245454,False,False,False,False
36061014802,8,0.48319675695112596,0.22514891679763546,-0.5923057020691221,0.1218345136276984,0.22514891679763546,0.45439110286245454,False,False,False,False
36061014900,8,0.48319675695112596,0.22514891679763546,-0.5923057020691221,0.1218345136276984,0.22514891679763546,0.45439110286245454,False,False,False,False
36061015001,8,0.48319675695112596,0.22514891679763546,-0.5923057020691221,0.1218345136276984,0.22514891679763546,0.45439110286245454,False,False,False,False
36061015002,8,0.48319675695112596,0.22514891679763546,-0.5923057020691221,0.1218345136276984,0.22514891679763546,0.45439110286245454,False,False,False,False
36061015100,8,0.48319675695112596,0.22514891679763546,-0.5923057020691221,0.1218345136276984,0.22514891679763546,0.45439110286245454,False,False,False,False
36061015200,8,0.48319675695112596,0.22514891679763546,-0.5923057020691221,0.1218345136276984,0.22514891679763546,0.45439110286245454,False,False,False,False
36061015300,8,0.48319675695112596,0.22514891679763546,-0.5923057020691221,0.1218345136276984,0.22514891679763546,0.45439110286245454,False,False,False,False
36061015400,8,0.48319675695112596,0.22514891679763546,-0.5923057020691221,0.1218345136276984,0.22514891679763546,0.45439110286245454,False,False,False,False
36061015500,8,0.48319675695112596,0.22514891679763546,-0.5923057020691221,0.1218345136276984,0.22514891679763546,0.45439110286245454,False,False,False,False
36061015601,8,0.48319675695112596,0.22514891679763546,-0.5923057020691221,0.1218345136276984,0.22514891679763546,0.45439110286245454,False,False,False,False
36061015602,8,0.48319675695112596,0.22514891679763546,-0.5923057020691221,0.1218345136276984,0.22514891679763546,0.45439110286245454,False,False,False,False
36061015700,8,0.48319675695112596,0.22514891679763546,-0.5923057020691221,0.1218345136276984,0.22514891679763546,0.45439110286245454,False,False,False,False
36061015801,8,0.48319675695112596,0.22514891679763546,-0.5923057020691221,0.1218345136276984,0.22514891679763546,0.45439110286245454,False,False,False,False
36061015802,8,0.48319675695112596,0.22514891679763546,-0.5923057020691221,0.1218345136276984,0.22514891679763546,0.45439110286245454,False,False,False,False
36061015900,8,0.48319675695112596,0.22514891679763546,-0.5923057020691221,0.1218345136276984,0.22514891679763546,0.45439110286245454,False,False,False,False
36061016001,8,0.48319675695112596,0.22514891679763546,-0.5923057020691221,0.1218345136276984,0.22514891679763546,0.45439110286245454,False,False,False,False
36061016002,8,0.48319675695112596,0.22514891679763546,-0.5923057020691221,0.1218345136276984,0.22514891679763546,0.45439110286245454,False,False,False,False
36061016100,8,0.48319675695112596,0.22514891679763546,-0.5923057020691221,0.1218345136276984,0.22514891679763546,0.45439110286245454,False,False,False,False
36061016200,8,0.48319675695112596,0.22514891679763546,-0.5923057020691221,0.1218345136276984,0.22514891679763546,0.45439110286245454,False,False,False,False
36061016300,8,0.48319675695112596,0.22514891679763546,-0.5923057020691221,0.1218345136276984,0.22514891679763546,0.45439110286245454,False,False,False,False
36061016400,8,0.48319675695112596,0.22514891679763546,-0.5923057020691221,0.1218345136276984,0.22514891679763546,0.45439110286245454,False,False,False,False
36061016500,8,0.48319675695112596,0.22514891679763546,-0.5923057020691221,0.1218345136276984,0.22514891679763546,0.45439110286245454,False,False,False,False
36061016600,8,0.48319675695112596,0.22514891679763546,-0.5923057020691221,0.1218345136276984,0.22514891679763546,0.45439110286245454,False,False,False,False
36061016700,8,0.48319675695112596,0.22514891679763546,-0.5923057020691221,0.1218345136276984,0.22514891679763546,0.45439110286245454,False,False,False,False
36061016800,8,0.48319675695112596,0.22514891679763546,-0.5923057020691221,0.1218345136276984,0.22514891679763546,0.45439110286245454,False,False,False,False
36061016900,8,0.48319675695112596,0.22514891679763546,-0.5923057020691221,0.1218345136276984,0.22514891679763546,0.45439110286245454,False,False,False,False
36061017000,8,0.48319675695112596,0.22514891679763546,-0.5923057020691221,0.1218345136276984,0.22514891679763546,0.45439110286245454,False,False,False,False
36061017100,8,0.48319675695112596,0.22514891679763546,-0.5923057020691221,0.1218345136276984,0.22514891679763546,0.45439110286245454,False,False,False,False
36061017200,8,0.48319675695112596,0.22514891679763546,-0.5923057020691221,0.1218345136276984,0.22514891679763546,0.45439110286245454,False,False,False,False
36061017300,8,0.48319675695112596,0.22514891679763546,-0.5923057020691221,0.1218345136276984,0.22514891679763546,0.45439110286245454,False,False,False,False
36061017401,8,0.48319675695112596,0.22514891679763546,-0.5923057020691221,0.1218345136276984,0.22514891679763546,0.45439110286245454,False,False,False,False
36061017402,8,0.48319675695112596,0.22514891679763546,-0.5923057020691221,0.1218345136276984,0.22514891679763546,0.45439110286245454,False,False,False,False
36061017500,8,0.48319675695112596,0.22514891679763546,-0.5923057020691221,0.1218345136276984,0.22514891679763546,0.45439110286245454,False,False,False,False
36061017700,8,0.48319675695112596,0.22514891679763546,-0.5923057020691221,0.1218345136276984,0.22514891679763546,0.45439110286245454,False,False,False,False
36061017800,8,0.48319675695112596,0.22514891679763546,-0.5923057020691221,0.1218345136276984,0.22514891679763546,0.45439110286245454,False,False,False,False
36061017900,8,0.48319675695112596,0.22514891679763546,-0.5923057020691221,0.1218345136276984,0.22514891679763546,0.45439110286245454,False,False,False,False
36061018000,8,0.48319675695112596,0.22514891679763546,-0.5923057020691221,0.1218345136276984,0.22514891679763546,0.45439110286245454,False,False,False,False
36061018100,8,0.48319675695112596,0.22514891679763546,-0.5923057020691221,0.1218345136276984,0.22514891679763546,0.45439110286245454,False,False,False,False
36061018200,8,0.48319675695112596,0.22514891679763546,-0.5923057020691221,0.1218345136276984,0.22514891679763546,0.45439110286245454,False,False,False,False
36061018300,8,0.48319675695112596,0.22514891679763546,-0.5923057020691221,0.1218345136276984,0.22514891679763546,0.45439110286245454,False,False,False,False
36061018400,8,0.48319675695112596,0.22514891679763546,-0.5923057020691221,0.1218345136276984,0.22514891679763546,0.45439110286245454,False,False,False,False
36061018500,8,0.48319675695112596,0.22514891679763546,-0.5923057020691221,0.1218345136276984,0.22514891679763546,0.45439110286245454,False,False,False,False
36061018600,8,0.48319675695112596,0.22514891679763546,-0.5923057020691221,0.1218345136276984,0.22514891679763546,0.45439110286245454,False,False,False,False
36061018700,8,0.48319675695112596,0.22514891679763546,-0.5923057020691221,0.1218345136276984,0.22514891679763546,0.45439110286245454,False,False,False,False
36061018800,8,0.48319675695112596,0.22514891679763546,-0.5923057020691221,0.1218345136276984,0.22514891679763546,0.45439110286245454,False,False,False,False
36061018900,8,0.48319675695112596,0.22514891679763546,-0.5923057020691221,0.1218345136276984,0.22514891679763546,0.45439110286245454,False,False,False,False
36061019000,8,0.48319675695112596,0.22514891679763546,-0.5923057020691221,0.1218345136276984,0.22514891679763546,0.45439110286245454,False,False,False,False
36061019100,8,0.48319675695112596,0.22514891679763546,-0.5923057020691221,0.1218345136276984,0.22514891679763546,0.45439110286245454,False,False,False,False
36061019200,8,0.48319675695112596,0.22514891679763546,-0.5923057020691221,0.1218345136276984,0.22514891679763546,0.45439110286245454,False,False,False,False
36061019300,8,0.48319675695112596,0.22514891679763546,-0.5923057020691221,0.1218345136276984,0.22514891679763546,0.45439110286245454,False,False,False,False
36061019400,8,0.48319675695112596,0.22514891679763546,-0.5923057020691221,0.1218345136276984,0.22514891679763546,0.45439110286245454,False,False,False,False
36061019500,8,0.48319675695112596,0.22514891679763546,-0.5923057020691221,0.1218345136276984,0.22514891679763546,0.45439110286245454,False,False,False,False
36061019600,8,0.48319675695112596,0.22514891679763546,-0.5923057020691221,0.1218345136276984,0.22514891679763546,0.45439110286245454,False,False,False,False
36061019701,8,0.48319675695112596,0.22514891679763546,-0.5923057020691221,0.1218345136276984,0.22514891679763546,0.45439110286245454,False,False,False,False
36061019702,8,0.48319675695112596,0.22514891679763546,-0.5923057020691221,0.1218345136276984,0.22514891679763546,0.45439110286245454,False,False,False,False
36061019800,8,0.48319675695112596,0.22514891679763546,-0.5923057020691221,0.1218345136276984,0.22514891679763546,0.45439110286245454,False,False,False,False
36061019900,8,0.48319675695112596,0.22514891679763546,-0.5923057020691221,0.1218345136276984,0.22514891679763546,0.45439110286245454,False,False,False,False
36061020000,8,0.48319675695112596,0.22514891679763546,-0.5923057020691221,0.1218345136276984,0.22514891679763546,0.45439110286245454,False,False,False,False
36061020101,8,0.48319675695112596,0.22514891679763546,-0.5923057020691221,0.1218345136276984,0.22514891679763546,0.45439110286245454,False,False,False,False
36061020102,8,0.48319675695112596,0.22514891679763546,-0.5923057020691221,0.1218345136276984,0.22514891679763546,0.45439110286245454,False,False,False,False
36061020300,8,0.48319675695112596,0.22514891679763546,-0.5923057020691221,0.1218345136276984,0.22514891679763546,0.45439110286245454,False,False,False,False
36061020500,8,0.48319675695112596,0.22514891679763546,-0.5923057020691221,0.1218345136276984,0.22514891679763546,0.45439110286245454,False,False,False,False
36061020600,8,0.48319675695112596,0.22514891679763546,-0.5923057020691221,0.1218345136276984,0.22514891679763546,0.45439110286245454,False,False,False,False
36061020701,8,0.48319675695112596,0.22514891679763546,-0.5923057020691221,0.1218345136276984,0.22514891679763546,0.45439110286245454,False,False,False,False
36061020800,8,0.48319675695112596,0.22514891679763546,-0.5923057020691221,0.1218345136276984,0.22514891679763546,0.45439110286245454,False,False,False,False
36061020901,8,0.48319675695112596,0.22514891679763546,-0.5923057020691221,0.1218345136276984,0.22514891679763546,0.45439110286245454,False,False,False,False
36061021000,8,0.48319675695112596,0.22514891679763546,-0.5923057020691221,0.1218345136276984,0.22514891679763546,0.45439110286245454,False,False,False,False
36061021100,8,0.48319675695112596,0.22514891679763546,-0.5923057020691221,0.1218345136276984,0.22514891679763546,0.45439110286245454,False,False,False,False
36061021200,8,0.48319675695112596,0.22514891679763546,-0.5923057020691221,0.1218345136276984,0.22514891679763546,0.45439110286245454,False,False,False,False
36061021303,8,0.48319675695112596,0.22514891679763546,-0.5923057020691221,0.1218345136276984,0.22514891679763546,0.45439110286245454,False,False,False,False
36061021400,8,0.48319675695112596,0.22514891679763546,-0.5923057020691221,0.1218345136276984,0.22514891679763546,0.45439110286245454,False,False,False,False
36061021500,8,0.48319675695112596,0.22514891679763546,-0.5923057020691221,0.1218345136276984,0.22514891679763546,0.45439110286245454,False,False,False,False
36061021600,8,0.48319675695112596,0.22514891679763546,-0.5923057020691221,0.1218345136276984,0.22514891679763546,0.45439110286245454,False,False,False,False
36061021703,8,0.48319675695112596,0.22514891679763546,-0.5923057020691221,0.1218345136276984,0.22514891679763546,0.45439110286245454,False,False,False,False
36061021800,8,0.48319675695112596,0.22514891679763546,-0.5923057020691221,0.1218345136276984,0.22514891679763546,0.45439110286245454,False,False,False,False
36061021900,8,0.48319675695112596,0.22514891679763546,-0.5923057020691221,0.1218345136276984,0.22514891679763546,0.45439110286245454,False,False,False,False
36061022000,8,0.48319675695112596,0.22514891679763546,-0.5923057020691221,0.1218345136276984,0.22514891679763546,0.45439110286245454,False,False,False,False
36061022102,8,0.48319675695112596,0.22514891679763546,-0.5923057020691221,0.1218345136276984,0.22514891679763546,0.45439110286245454,False,False,False,False
36061022200,8,0.48319675695112596,0.22514891679763546,-0.5923057020691221,0.1218345136276984,0.22514891679763546,0.45439110286245454,False,False,False,False
36061022301,8,0.48319675695112596,0.22514891679763546,-0.5923057020691221,0.1218345136276984,0.22514891679763546,0.45439110286245454,False,False,False,False
36061022302,8,0.48319675695112596,0.22514891679763546,-0.5923057020691221,0.1218345136276984,0.22514891679763546,0.45439110286245454,False,False,False,False
36061022400,8,0.48319675695112596,0.22514891679763546,-0.5923057020691221,0.1218345136276984,0.22514891679763546,0.45439110286245454,False,False,False,False
36061022500,8,0.48319675695112596,0.22514891679763546,-0.5923057020691221,0.1218345136276984,0.22514891679763546,0.45439110286245454,False,False,False,False
36061022600,8,0.48319675695112596,0.22514891679763546,-0.5923057020691221,0.1218345136276984,0.22514891679763546,0.45439110286245454,False,False,False,False
36061022700,8,0.48319675695112596,0.22514891679763546,-0.5923057020691221,0.1218345136276984,0.22514891679763546,0.45439110286245454,False,False,False,False
36061022800,8,0.48319675695112596,0.22514891679763546,-0.5923057020691221,0.1218345136276984,0.22514891679763546,0.45439110286245454,False,False,False,False
36061022900,8,0.48319675695112596,0.22514891679763546,-0.5923057020691221,0.1218345136276984,0.22514891679763546,0.45439110286245454,False,False,False,False
36061023000,8,0.48319675695112596,0.22514891679763546,-0.5923057020691221,0.1218345136276984,0.22514891679763546,0.45439110286245454,False,False,False,False
36061023100,8,0.48319675695112596,0.22514891679763546,-0.5923057020691221,0.1218345136276984,0.22514891679763546,0.45439110286245454,False,False,False,False
36061023200,8,0.48319675695112596,0.22514891679763546,-0.5923057020691221,0.1218345136276984,0.22514891679763546,0.45439110286245454,False,False,False,False
36061023300,8,0.48319675695112596,0.22514891679763546,-0.5923057020691221,0.1218345136276984,0.22514891679763546,0.45439110286245454,False,False,False,False
36061023400,8,0.48319675695112596,0.22514891679763546,-0.5923057020691221,0.1218345136276984,0.22514891679763546,0.45439110286245454,False,False,False,False
36061023501,8,0.48319675695112596,0.22514891679763546,-0.5923057020691221,0.1218345136276984,0.22514891679763546,0.45439110286245454,False,False,False,False
36061023502,8,0.48319675695112596,0.22514891679763546,-0.5923057020691221,0.1218345136276984,0.22514891679763546,0.45439110286245454,False,False,False,False
36061023600,8,0.48319675695112596,0.22514891679763546,-0.5923057020691221,0.1218345136276984,0.22514891679763546,0.45439110286245454,False,False,False,False
36061023700,8,0.48319675695112596,0.22514891679763546,-0.5923057020691221,0.1218345136276984,0.22514891679763546,0.45439110286245454,False,False,False,False
36061023801,8,0.48319675695112596,0.22514891679763546,-0.5923057020691221,0.1218345136276984,0.22514891679763546,0.45439110286245454,False,False,False,False
36061023802,8,0.48319675695112596,0.22514891679763546,-0.5923057020691221,0.1218345136276984,0.22514891679763546,0.45439110286245454,False,False,False,False
36061023900,8,0.48319675695112596,0.22514891679763546,-0.5923057020691221,0.1218345136276984,0.22514891679763546,0.45439110286245454,False,False,False,False
36061024000,8,0.48319675695112596,0.22514891679763546,-0.5923057020691221,0.1218345136276984,0.22514891679763546,0.45439110286245454,False,False,False,False
36061024100,8,0.48319675695112596,0.22514891679763546,-0.5923057020691221,0.1218345136276984,0.22514891679763546,0.45439110286245454,False,False,False,False
36061024200,8,0.48319675695112596,0.22514891679763546,-0.5923057020691221,0.1218345136276984,0.22514891679763546,0.45439110286245454,False,False,False,False
36061024301,8,0.48319675695112596,0.22514891679763546,-0.5923057020691221,0.1218345136276984,0.22514891679763546,0.45439110286245454,False,False,False,False
36061024302,8,0.48319675695112596,0.22514891679763546,-0.5923057020691221,0.1218345136276984,0.22514891679763546,0.45439110286245454,False,False,False,False
36061024500,8,0.48319675695112596,0.22514891679763546,-0.5923057020691221,0.1218345136276984,0.22514891679763546,0.45439110286245454,False,False,False,False
36061024700,8,0.48319675695112596,0.22514891679763546,-0.5923057020691221,0.1218345136276984,0.22514891679763546,0.45439110286245454,False,False,False,False
36061024900,8,0.48319675695112596,0.22514891679763546,-0.5923057020691221,0.1218345136276984,0.22514891679763546,0.45439110286245454,False,False,False,False
36061025100,8,0.48319675695112596,0.22514891679763546,-0.5923057020691221,0.1218345136276984,0.22514891679763546,0.45439110286245454,False,False,False,False
36061025300,8,0.48319675695112596,0.22514891679763546,-0.5923057020691221,0.1218345136276984,0.22514891679763546,0.45439110286245454,False,False,False,False
36061025500,8,0.48319675695112596,0.22514891679763546,-0.5923057020691221,0.1218345136276984,0.22514891679763546,0.45439110286245454,False,False,False,False
36061025700,8,0.48319675695112596,0.22514891679763546,-0.5923057020691221,0.1218345136276984,0.22514891679763546,0.45439110286245454,False,False,False,False
36061025900,8,0.48319675695112596,0.22514891679763546,-0.5923057020691221,0.1218345136276984,0.22514891679763546,0.45439110286245454,False,False,False,False
36061026100,8,0.48319675695112596,0.22514891679763546,-0.5923057020691221,0.1218345136276984,0.22514891679763546,0.45439110286245454,False,False,False,False
36061026300,8,0.48319675695112596,0.22514891679763546,-0.5923057020691221,0.1218345136276984,0.22514891679763546,0.45439110286245454,False,False,False,False
36061026500,8,0.48319675695112596,0.22514891679763546,-0.5923057020691221,0.1218345136276984,0.22514891679763546,0.45439110286245454,False,False,False,False
36061026700,8,0.48319675695112596,0.22514891679763546,-0.5923057020691221,0.1218345136276984,0.22514891679763546,0.45439110286245454,False,False,False,False
36061026900,8,0.48319675695112596,0.22514891679763546,-0.5923057020691221,0.1218345136276984,0.22514891679763546,0.45439110286245454,False,False,False,False
36061027100,8,0.48319675695112596,0.22514891679763546,-0.5923057020691221,0.1218345136276984,0.22514891679763546,0.45439110286245454,False,False,False,False
36061027300,8,0.48319675695112596,0.22514891679763546,-0.5923057020691221,0.1218345136276984,0.22514891679763546,0.45439110286245454,False,False,False,False
36061027500,8,0.48319675695112596,0.22514891679763546,-0.5923057020691221,0.1218345136276984,0.22514891679763546,0.45439110286245454,False,False,False,False
36061027700,8,0.48319675695112596,0.22514891679763546,-0.5923057020691221,0.1218345136276984,0.22514891679763546,0.45439110286245454,False,False,False,False
36061027900,8,0.48319675695112596,0.22514891679763546,-0.5923057020691221,0.1218345136276984,0.22514891679763546,0.45439110286245454,False,False,False,False
36061028100,8,0.48319675695112596,0.22514891679763546,-0.5923057020691221,0.1218345136276984,0.22514891679763546,0.45439110286245454,False,False,False,False
36061028300,8,0.48319675695112596,0.22514891679763546,-0.5923057020691221,0.1218345136276984,0.22514891679763546,0.45439110286245454,False,False,False,False
36061028500,8,0.48319675695112596,0.22514891679763546,-0.5923057020691221,0.1218345136276984,0.22514891679763546,0.45439110286245454,False,False,False,False
36061028700,8,0.48319675695112596,0.22514891679763546,-0.5923057020691221,0.1218345136276984,0.22514891679763546,0.45439110286245454,False,False,False,False
36061029100,8,0.48319675695112596,0.22514891679763546,-0.5923057020691221,0.1218345136276984,0.22514891679763546,0.45439110286245454,False,False,False,False
36061029300,8,0.48319675695112596,0.22514891679763546,-0.5923057020691221,0.1218345136276984,0.22514891679763546,0.45439110286245454,False,False,False,False
36061029500,8,0.48319675695112596,0.22514891679763546,-0.5923057020691221,0.1218345136276984,0.22514891679763546,0.45439110286245454,False,False,False,False
36061029700,8,0.48319675695112596,0.22514891679763546,-0.5923057020691221,0.1218345136276984,0.22514891679763546,0.45439110286245454,False,False,False,False
36061029900,8,0.48319675695112596,0.22514891679763546,-0.5923057020691221,0.1218345136276984,0.22514891679763546,0.45439110286245454,False,False,False,False
36061030300,8,0.48319675695112596,0.22514891679763546,-0.5923057020691221,0.1218345136276984,0.22514891679763546,0.45439110286245454,False,False,False,False
36061030700,8,0.48319675695112596,0.22514891679763546,-0.5923057020691221,0.1218345136276984,0.22514891679763546,0.45439110286245454,False,False,False,False
36061030900,8,0.48319675695112596,0.22514891679763546,-0.5923057020691221,0.1218345136276984,0.22514891679763546,0.45439110286245454,False,False,False,False
36061031100,8,0.48319675695112596,0.22514891679763546,-0.5923057020691221,0.1218345136276984,0.22514891679763546,0.45439110286245454,False,False,False,False
36061031703,8,0.48319675695112596,0.22514891679763546,-0.5923057020691221,0.1218345136276984,0.22514891679763546,0.45439110286245454,False,False,False,False
36061031704,8,0.48319675695112596,0.22514891679763546,-0.5923057020691221,0.1218345136276984,0.22514891679763546,0.45439110286245454,False,False,False,False
36061031900,8,0.48319675695112596,0.22514891679763546,-0.5923057020691221,0.1218345136276984,0.22514891679763546,0.45439110286245454,False,False,False,False
36081000100,10,0.8379092353041679,0.002471361163248907,0.08754275592730112,0.8099610887157981,0.00800883557836118,0.8099610887157981,True,True,False,False
36081000200,10,0.8379092353041679,0.002471361163248907,0.08754275592730112,0.8099610887157981,0.00800883557836118,0.8099610887157981,True,True,False,False
36081000400,10,0.8379092353041679,0.002471361163248907,0.08754275592730112,0.8099610887157981,0.00800883557836118,0.8099610887157981,True,True,False,False
36081000600,10,0.8379092353041679,0.002471361163248907,0.08754275592730112,0.8099610887157981,0.00800883557836118,0.8099610887157981,True,True,False,False
36081000700,10,0.8379092353041679,0.002471361163248907,0.08754275592730112,0.8099610887157981,0.00800883557836118,0.8099610887157981,True,True,False,False
36081000800,10,0.8379092353041679,0.002471361163248907,0.08754275592730112,0.8099610887157981,0.00800883557836118,0.8099610887157981,True,True,False,False
36081001000,10,0.8379092353041679,0.002471361163248907,0.08754275592730112,0.8099610887157981,0.00800883557836118,0.8099610887157981,True,True,False,False
36081001200,10,0.8379092353041679,0.002471361163248907,0.08754275592730112,0.8099610887157981,0.00800883557836118,0.8099610887157981,True,True,False,False
36081001400,10,0.8379092353041679,0.002471361163248907,0.08754275592730112,0.8099610887157981,0.00800883557836118,0.8099610887157981,True,True,False,False
36081001600,10,0.8379092353041679,0.002471361163248907,0.08754275592730112,0.8099610887157981,0.00800883557836118,0.8099610887157981,True,True,False,False
36081001800,10,0.8379092353041679,0.002471361163248907,0.08754275592730112,0.8099610887157981,0.00800883557836118,0.8099610887157981,True,True,False,False
36081001900,10,0.8379092353041679,0.002471361163248907,0.08754275592730112,0.8099610887157981,0.00800883557836118,0.8099610887157981,True,True,False,False
36081002000,10,0.8379092353041679,0.002471361163248907,0.08754275592730112,0.8099610887157981,0.00800883557836118,0.8099610887157981,True,True,False,False
36081002200,10,0.8379092353041679,0.002471361163248907,0.08754275592730112,0.8099610887157981,0.00800883557836118,0.8099610887157981,True,True,False,False
36081002400,10,0.8379092353041679,0.002471361163248907,0.08754275592730112,0.8099610887157981,0.00800883557836118,0.8099610887157981,True,True,False,False
36081002500,10,0.8379092353041679,0.002471361163248907,0.08754275592730112,0.8099610887157981,0.00800883557836118,0.8099610887157981,True,True,False,False
36081002600,10,0.8379092353041679,0.002471361163248907,0.08754275592730112,0.8099610887157981,0.00800883557836118,0.8099610887157981,True,True,False,False
36081002800,10,0.8379092353041679,0.002471361163248907,0.08754275592730112,0.8099610887157981,0.00800883557836118,0.8099610887157981,True,True,False,False
36081003000,10,0.8379092353041679,0.002471361163248907,0.08754275592730112,0.8099610887157981,0.00800883557836118,0.8099610887157981,True,True,False,False
36081003100,10,0.8379092353041679,0.002471361163248907,0.08754275592730112,0.8099610887157981,0.00800883557836118,0.8099610887157981,True,True,False,False
36081003200,10,0.8379092353041679,0.002471361163248907,0.08754275592730112,0.8099610887157981,0.00800883557836118,0.8099610887157981,True,True,False,False
36081003300,10,0.8379092353041679,0.002471361163248907,0.08754275592730112,0.8099610887157981,0.00800883557836118,0.8099610887157981,True,True,False,False
36081003400,10,0.8379092353041679,0.002471361163248907,0.08754275592730112,0.8099610887157981,0.00800883557836118,0.8099610887157981,True,True,False,False
36081003600,10,0.8379092353041679,0.002471361163248907,0.08754275592730112,0.8099610887157981,0.00800883557836118,0.8099610887157981,True,True,False,False
36081003700,10,0.8379092353041679,0.002471361163248907,0.08754275592730112,0.8099610887157981,0.00800883557836118,0.8099610887157981,True,True,False,False
36081003800,10,0.8379092353041679,0.002471361163248907,0.08754275592730112,0.8099610887157981,0.00800883557836118,0.8099610887157981,True,True,False,False
36081003900,10,0.8379092353041679,0.002471361163248907,0.08754275592730112,0.8099610887157981,0.00800883557836118,0.8099610887157981,True,True,False,False
36081004001,10,0.8379092353041679,0.002471361163248907,0.08754275592730112,0.8099610887157981,0.00800883557836118,0.8099610887157981,True,True,False,False
36081004002,10,0.8379092353041679,0.002471361163248907,0.08754275592730112,0.8099610887157981,0.00800883557836118,0.8099610887157981,True,True,False,False
36081004200,10,0.8379092353041679,0.002471361163248907,0.08754275592730112,0.8099610887157981,0.00800883557836118,0.8099610887157981,True,True,False,False
36081004300,10,0.8379092353041679,0.002471361163248907,0.08754275592730112,0.8099610887157981,0.00800883557836118,0.8099610887157981,True,True,False,False
36081004401,10,0.8379092353041679,0.002471361163248907,0.08754275592730112,0.8099610887157981,0.00800883557836118,0.8099610887157981,True,True,False,False
36081004500,10,0.8379092353041679,0.002471361163248907,0.08754275592730112,0.8099610887157981,0.00800883557836118,0.8099610887157981,True,True,False,False
36081004700,10,0.8379092353041679,0.002471361163248907,0.08754275592730112,0.8099610887157981,0.00800883557836118,0.8099610887157981,True,True,False,False
36081005000,10,0.8379092353041679,0.002471361163248907,0.08754275592730112,0.8099610887157981,0.00800883557836118,0.8099610887157981,True,True,False,False
36081005100,10,0.8379092353041679,0.002471361163248907,0.08754275592730112,0.8099610887157981,0.00800883557836118,0.8099610887157981,True,True,False,False
36081005200,10,0.8379092353041679,0.002471361163248907,0.08754275592730112,0.8099610887157981,0.00800883557836118,0.8099610887157981,True,True,False,False
36081005300,10,0.8379092353041679,0.002471361163248907,0.08754275592730112,0.8099610887157981,0.00800883557836118,0.8099610887157981,True,True,False,False
36081005400,10,0.8379092353041679,0.002471361163248907,0.08754275592730112,0.8099610887157981,0.00800883557836118,0.8099610887157981,True,True,False,False
36081005500,10,0.8379092353041679,0.002471361163248907,0.08754275592730112,0.8099610887157981,0.00800883557836118,0.8099610887157981,True,True,False,False
36081005700,10,0.8379092353041679,0.002471361163248907,0.08754275592730112,0.8099610887157981,0.00800883557836118,0.8099610887157981,True,True,False,False
36081005800,10,0.8379092353041679,0.002471361163248907,0.08754275592730112,0.8099610887157981,0.00800883557836118,0.8099610887157981,True,True,False,False
36081005900,10,0.8379092353041679,0.002471361163248907,0.08754275592730112,0.8099610887157981,0.00800883557836118,0.8099610887157981,True,True,False,False
36081006100,10,0.8379092353041679,0.002471361163248907,0.08754275592730112,0.8099610887157981,0.00800883557836118,0.8099610887157981,True,True,False,False
36081006201,10,0.8379092353041679,0.002471361163248907,0.08754275592730112,0.8099610887157981,0.00800883557836118,0.8099610887157981,True,True,False,False
36081006202,10,0.8379092353041679,0.002471361163248907,0.08754275592730112,0.8099610887157981,0.00800883557836118,0.8099610887157981,True,True,False,False
36081006300,10,0.8379092353041679,0.002471361163248907,0.08754275592730112,0.8099610887157981,0.00800883557836118,0.8099610887157981,True,True,False,False
36081006501,10,0.8379092353041679,0.002471361163248907,0.08754275592730112,0.8099610887157981,0.00800883557836118,0.8099610887157981,True,True,False,False
36081006502,10,0.8379092353041679,0.002471361163248907,0.08754275592730112,0.8099610887157981,0.00800883557836118,0.8099610887157981,True,True,False,False
36081006900,10,0.8379092353041679,0.002471361163248907,0.08754275592730112,0.8099610887157981,0.00800883557836118,0.8099610887157981,True,True,False,False
36081007100,10,0.8379092353041679,0.002471361163248907,0.08754275592730112,0.8099610887157981,0.00800883557836118,0.8099610887157981,True,True,False,False
36081007300,10,0.8379092353041679,0.002471361163248907,0.08754275592730112,0.8099610887157981,0.00800883557836118,0.8099610887157981,True,True,False,False
36081007500,10,0.8379092353041679,0.002471361163248907,0.08754275592730112,0.8099610887157981,0.00800883557836118,0.8099610887157981,True,True,False,False
36081007700,10,0.8379092353041679,0.002471361163248907,0.08754275592730112,0.8099610887157981,0.00800883557836118,0.8099610887157981,True,True,False,False
36081007900,10,0.8379092353041679,0.002471361163248907,0.08754275592730112,0.8099610887157981,0.00800883557836118,0.8099610887157981,True,True,False,False
36081008100,10,0.8379092353041679,0.002471361163248907,0.08754275592730112,0.8099610887157981,0.00800883557836118,0.8099610887157981,True,True,False,False
36081008300,10,0.8379092353041679,0.002471361163248907,0.08754275592730112,0.8099610887157981,0.00800883557836118,0.8099610887157981,True,True,False,False
36081008500,10,0.8379092353041679,0.002471361163248907,0.08754275592730112,0.8099610887157981,0.00800883557836118,0.8099610887157981,True,True,False,False
36081008600,10,0.8379092353041679,0.002471361163248907,0.08754275592730112,0.8099610887157981,0.00800883557836118,0.8099610887157981,True,True,False,False
36081008700,10,0.8379092353041679,0.002471361163248907,0.08754275592730112,0.8099610887157981,0.00800883557836118,0.8099610887157981,True,True,False,False
36081008800,10,0.8379092353041679,0.002471361163248907,0.08754275592730112,0.8099610887157981,0.00800883557836118,0.8099610887157981,True,True,False,False
36081009100,10,0.8379092353041679,0.002471361163248907,0.08754275592730112,0.8099610887157981,0.00800883557836118,0.8099610887157981,True,True,False,False
36081009400,10,0.8379092353041679,0.002471361163248907,0.08754275592730112,0.8099610887157981,0.00800883557836118,0.8099610887157981,True,True,False,False
36081009500,10,0.8379092353041679,0.002471361163248907,0.08754275592730112,0.8099610887157981,0.00800883557836118,0.8099610887157981,True,True,False,False
36081009600,10,0.8379092353041679,0.002471361163248907,0.08754275592730112,0.8099610887157981,0.00800883557836118,0.8099610887157981,True,True,False,False
36081009700,10,0.8379092353041679,0.002471361163248907,0.08754275592730112,0.8099610887157981,0.00800883557836118,0.8099610887157981,True,True,False,False
36081009800,10,0.8379092353041679,0.002471361163248907,0.08754275592730112,0.8099610887157981,0.00800883557836118,0.8099610887157981,True,True,False,False
36081009900,10,0.8379092353041679,0.002471361163248907,0.08754275592730112,0.8099610887157981,0.00800883557836118,0.8099610887157981,True,True,False,False
36081010000,10,0.8379092353041679,0.002471361163248907,0.08754275592730112,0.8099610887157981,0.00800883557836118,0.8099610887157981,True,True,False,False
36081010100,10,0.8379092353041679,0.002471361163248907,0.08754275592730112,0.8099610887157981,0.00800883557836118,0.8099610887157981,True,True,False,False
36081010200,10,0.8379092353041679,0.002471361163248907,0.08754275592730112,0.8099610887157981,0.00800883557836118,0.8099610887157981,True,True,False,False
36081010300,10,0.8379092353041679,0.002471361163248907,0.08754275592730112,0.8099610887157981,0.00800883557836118,0.8099610887157981,True,True,False,False
36081010400,10,0.8379092353041679,0.002471361163248907,0.08754275592730112,0.8099610887157981,0.00800883557836118,0.8099610887157981,True,True,False,False
36081010500,10,0.8379092353041679,0.002471361163248907,0.08754275592730112,0.8099610887157981,0.00800883557836118,0.8099610887157981,True,True,False,False
36081010600,10,0.8379092353041679,0.002471361163248907,0.08754275592730112,0.8099610887157981,0.00800883557836118,0.8099610887157981,True,True,False,False
36081010701,10,0.8379092353041679,0.002471361163248907,0.08754275592730112,0.8099610887157981,0.00800883557836118,0.8099610887157981,True,True,False,False
36081010800,10,0.8379092353041679,0.002471361163248907,0.08754275592730112,0.8099610887157981,0.00800883557836118,0.8099610887157981,True,True,False,False
36081011000,10,0.8379092353041679,0.002471361163248907,0.08754275592730112,0.8099610887157981,0.00800883557836118,0.8099610887157981,True,True,False,False
36081011100,10,0.8379092353041679,0.002471361163248907,0.08754275592730112,0.8099610887157981,0.00800883557836118,0.8099610887157981,True,True,False,False
36081011200,10,0.8379092353041679,0.002471361163248907,0.08754275592730112,0.8099610887157981,0.00800883557836118,0.8099610887157981,True,True,False,False
36081011300,10,0.8379092353041679,0.002471361163248907,0.08754275592730112,0.8099610887157981,0.00800883557836118,0.8099610887157981,True,True,False,False
36081011400,10,0.8379092353041679,0.002471361163248907,0.08754275592730112,0.8099610887157981,0.00800883557836118,0.8099610887157981,True,True,False,False
36081011500,10,0.8379092353041679,0.002471361163248907,0.08754275592730112,0.8099610887157981,0.00800883557836118,0.8099610887157981,True,True,False,False
36081011600,10,0.8379092353041679,0.002471361163248907,0.08754275592730112,0.8099610887157981,0.00800883557836118,0.8099610887157981,True,True,False,False
36081011700,10,0.8379092353041679,0.002471361163248907,0.08754275592730112,0.8099610887157981,0.00800883557836118,0.8099610887157981,True,True,False,False
36081011800,10,0.8379092353041679,0.002471361163248907,0.08754275592730112,0.8099610887157981,0.00800883557836118,0.8099610887157981,True,True,False,False
36081011900,10,0.8379092353041679,0.002471361163248907,0.08754275592730112,0.8099610887157981,0.00800883557836118,0.8099610887157981,True,True,False,False
36081012000,10,0.8379092353041679,0.002471361163248907,0.08754275592730112,0.8099610887157981,0.00800883557836118,0.8099610887157981,True,True,False,False
36081012100,10,0.8379092353041679,0.002471361163248907,0.08754275592730112,0.8099610887157981,0.00800883557836118,0.8099610887157981,True,True,False,False
36081012200,10,0.8379092353041679,0.002471361163248907,0.08754275592730112,0.8099610887157981,0.00800883557836118,0.8099610887157981,True,True,False,False
36081012301,10,0.8379092353041679,0.002471361163248907,0.08754275592730112,0.8099610887157981,0.00800883557836118,0.8099610887157981,True,True,False,False
36081012400,10,0.8379092353041679,0.002471361163248907,0.08754275592730112,0.8099610887157981,0.00800883557836118,0.8099610887157981,True,True,False,False
36081012500,10,0.8379092353041679,0.002471361163248907,0.08754275592730112,0.8099610887157981,0.00800883557836118,0.8099610887157981,True,True,False,False
36081012601,10,0.8379092353041679,0.002471361163248907,0.08754275592730112,0.8099610887157981,0.00800883557836118,0.8099610887157981,True,True,False,False
36081012602,10,0.8379092353041679,0.002471361163248907,0.08754275592730112,0.8099610887157981,0.00800883557836118,0.8099610887157981,True,True,False,False
36081012800,10,0.8379092353041679,0.002471361163248907,0.08754275592730112,0.8099610887157981,0.00800883557836118,0.8099610887157981,True,True,False,False
36081013000,10,0.8379092353041679,0.002471361163248907,0.08754275592730112,0.8099610887157981,0.00800883557836118,0.8099610887157981,True,True,False,False
36081013200,10,0.8379092353041679,0.002471361163248907,0.08754275592730112,0.8099610887157981,0.00800883557836118,0.8099610887157981,True,True,False,False
36081013400,10,0.8379092353041679,0.002471361163248907,0.08754275592730112,0.8099610887157981,0.00800883557836118,0.8099610887157981,True,True,False,False
36081013500,10,0.8379092353041679,0.002471361163248907,0.08754275592730112,0.8099610887157981,0.00800883557836118,0.8099610887157981,True,True,False,False
36081013600,10,0.8379092353041679,0.002471361163248907,0.08754275592730112,0.8099610887157981,0.00800883557836118,0.8099610887157981,True,True,False,False
36081013700,10,0.8379092353041679,0.002471361163248907,0.08754275592730112,0.8099610887157981,0.00800883557836118,0.8099610887157981,True,True,False,False
36081013800,10,0.8379092353041679,0.002471361163248907,0.08754275592730112,0.8099610887157981,0.00800883557836118,0.8099610887157981,True,True,False,False
36081014000,10,0.8379092353041679,0.002471361163248907,0.08754275592730112,0.8099610887157981,0.00800883557836118,0.8099610887157981,True,True,False,False
36081014100,10,0.8379092353041679,0.002471361163248907,0.08754275592730112,0.8099610887157981,0.00800883557836118,0.8099610887157981,True,True,False,False
36081014201,10,0.8379092353041679,0.002471361163248907,0.08754275592730112,0.8099610887157981,0.00800883557836118,0.8099610887157981,True,True,False,False
36081014202,10,0.8379092353041679,0.002471361163248907,0.08754275592730112,0.8099610887157981,0.00800883557836118,0.8099610887157981,True,True,False,False
36081014300,10,0.8379092353041679,0.002471361163248907,0.08754275592730112,0.8099610887157981,0.00800883557836118,0.8099610887157981,True,True,False,False
36081014400,10,0.8379092353041679,0.002471361163248907,0.08754275592730112,0.8099610887157981,0.00800883557836118,0.8099610887157981,True,True,False,False
36081014500,10,0.8379092353041679,0.002471361163248907,0.08754275592730112,0.8099610887157981,0.00800883557836118,0.8099610887157981,True,True,False,False
36081014700,10,0.8379092353041679,0.002471361163248907,0.08754275592730112,0.8099610887157981,0.00800883557836118,0.8099610887157981,True,True,False,False
36081014800,10,0.8379092353041679,0.002471361163248907,0.08754275592730112,0.8099610887157981,0.00800883557836118,0.8099610887157981,True,True,False,False
36081014900,10,0.8379092353041679,0.002471361163248907,0.08754275592730112,0.8099610887157981,0.00800883557836118,0.8099610887157981,True,True,False,False
36081015000,10,0.8379092353041679,0.002471361163248907,0.08754275592730112,0.8099610887157981,0.00800883557836118,0.8099610887157981,True,True,False,False
36081015100,10,0.8379092353041679,0.002471361163248907,0.08754275592730112,0.8099610887157981,0.00800883557836118,0.8099610887157981,True,True,False,False
36081015200,10,0.8379092353041679,0.002471361163248907,0.08754275592730112,0.8099610887157981,0.00800883557836118,0.8099610887157981,True,True,False,False
36081015300,10,0.8379092353041679,0.002471361163248907,0.08754275592730112,0.8099610887157981,0.00800883557836118,0.8099610887157981,True,True,False,False
36081015400,10,0.8379092353041679,0.002471361163248907,0.08754275592730112,0.8099610887157981,0.00800883557836118,0.8099610887157981,True,True,False,False
36081015500,10,0.8379092353041679,0.002471361163248907,0.08754275592730112,0.8099610887157981,0.00800883557836118,0.8099610887157981,True,True,False,False
36081015600,10,0.8379092353041679,0.002471361163248907,0.08754275592730112,0.8099610887157981,0.00800883557836118,0.8099610887157981,True,True,False,False
36081015700,10,0.8379092353041679,0.002471361163248907,0.08754275592730112,0.8099610887157981,0.00800883557836118,0.8099610887157981,True,True,False,False
36081015801,10,0.8379092353041679,0.002471361163248907,0.08754275592730112,0.8099610887157981,0.00800883557836118,0.8099610887157981,True,True,False,False
36081015802,10,0.8379092353041679,0.002471361163248907,0.08754275592730112,0.8099610887157981,0.00800883557836118,0.8099610887157981,True,True,False,False
36081015900,10,0.8379092353041679,0.002471361163248907,0.08754275592730112,0.8099610887157981,0.00800883557836118,0.8099610887157981,True,True,False,False
36081016100,10,0.8379092353041679,0.002471361163248907,0.08754275592730112,0.8099610887157981,0.00800883557836118,0.8099610887157981,True,True,False,False
36081016300,10,0.8379092353041679,0.002471361163248907,0.08754275592730112,0.8099610887157981,0.00800883557836118,0.8099610887157981,True,True,False,False
36081016400,10,0.8379092353041679,0.002471361163248907,0.08754275592730112,0.8099610887157981,0.00800883557836118,0.8099610887157981,True,True,False,False
36081016600,10,0.8379092353041679,0.002471361163248907,0.08754275592730112,0.8099610887157981,0.00800883557836118,0.8099610887157981,True,True,False,False
36081016800,10,0.8379092353041679,0.002471361163248907,0.08754275592730112,0.8099610887157981,0.00800883557836118,0.8099610887157981,True,True,False,False
36081016900,10,0.8379092353041679,0.002471361163248907,0.08754275592730112,0.8099610887157981,0.00800883557836118,0.8099610887157981,True,True,False,False
36081017000,10,0.8379092353041679,0.002471361163248907,0.08754275592730112,0.8099610887157981,0.00800883557836118,0.8099610887157981,True,True,False,False
36081017100,10,0.8379092353041679,0.002471361163248907,0.08754275592730112,0.8099610887157981,0.00800883557836118,0.8099610887157981,True,True,False,False
36081017200,10,0.8379092353041679,0.002471361163248907,0.08754275592730112,0.8099610887157981,0.00800883557836118,0.8099610887157981,True,True,False,False
36081017400,10,0.8379092353041679,0.002471361163248907,0.08754275592730112,0.8099610887157981,0.00800883557836118,0.8099610887157981,True,True,False,False
36081017600,10,0.8379092353041679,0.002471361163248907,0.08754275592730112,0.8099610887157981,0.00800883557836118,0.8099610887157981,True,True,False,False
36081017800,10,0.8379092353041679,0.002471361163248907,0.08754275592730112,0.8099610887157981,0.00800883557836118,0.8099610887157981,True,True,False,False
36081017900,10,0.8379092353041679,0.002471361163248907,0.08754275592730112,0.8099610887157981,0.00800883557836118,0.8099610887157981,True,True,False,False
36081018000,10,0.8379092353041679,0.002471361163248907,0.08754275592730112,0.8099610887157981,0.00800883557836118,0.8099610887157981,True,True,False,False
36081018101,10,0.8379092353041679,0.002471361163248907,0.08754275592730112,0.8099610887157981,0.00800883557836118,0.8099610887157981,True,True,False,False
36081018102,10,0.8379092353041679,0.002471361163248907,0.08754275592730112,0.8099610887157981,0.00800883557836118,0.8099610887157981,True,True,False,False
36081018200,10,0.8379092353041679,0.002471361163248907,0.08754275592730112,0.8099610887157981,0.00800883557836118,0.8099610887157981,True,True,False,False
36081018300,10,0.8379092353041679,0.002471361163248907,0.08754275592730112,0.8099610887157981,0.00800883557836118,0.8099610887157981,True,True,False,False
36081018401,10,0.8379092353041679,0.002471361163248907,0.08754275592730112,0.8099610887157981,0.00800883557836118,0.8099610887157981,True,True,False,False
36081018402,10,0.8379092353041679,0.002471361163248907,0.08754275592730112,0.8099610887157981,0.00800883557836118,0.8099610887157981,True,True,False,False
36081018501,10,0.8379092353041679,0.002471361163248907,0.08754275592730112,0.8099610887157981,0.00800883557836118,0.8099610887157981,True,True,False,False
36081018502,10,0.8379092353041679,0.002471361163248907,0.08754275592730112,0.8099610887157981,0.00800883557836118,0.8099610887157981,True,True,False,False
36081018600,10,0.8379092353041679,0.002471361163248907,0.08754275592730112,0.8099610887157981,0.00800883557836118,0.8099610887157981,True,True,False,False
36081018700,10,0.8379092353041679,0.002471361163248907,0.08754275592730112,0.8099610887157981,0.00800883557836118,0.8099610887157981,True,True,False,False
36081018800,10,0.8379092353041679,0.002471361163248907,0.08754275592730112,0.8099610887157981,0.00800883557836118,0.8099610887157981,True,True,False,False
36081018900,10,0.8379092353041679,0.002471361163248907,0.08754275592730112,0.8099610887157981,0.00800883557836118,0.8099610887157981,True,True,False,False
36081019000,10,0.8379092353041679,0.002471361163248907,0.08754275592730112,0.8099610887157981,0.00800883557836118,0.8099610887157981,True,True,False,False
36081019200,10,0.8379092353041679,0.002471361163248907,0.08754275592730112,0.8099610887157981,0.00800883557836118,0.8099610887157981,True,True,False,False
36081019400,10,0.8379092353041679,0.002471361163248907,0.08754275592730112,0.8099610887157981,0.00800883557836118,0.8099610887157981,True,True,False,False
36081019600,10,0.8379092353041679,0.002471361163248907,0.08754275592730112,0.8099610887157981,0.00800883557836118,0.8099610887157981,True,True,False,False
36081019800,10,0.8379092353041679,0.002471361163248907,0.08754275592730112,0.8099610887157981,0.00800883557836118,0.8099610887157981,True,True,False,False
36081019900,10,0.8379092353041679,0.002471361163248907,0.08754275592730112,0.8099610887157981,0.00800883557836118,0.8099610887157981,True,True,False,False
36081020200,10,0.8379092353041679,0.002471361163248907,0.08754275592730112,0.8099610887157981,0.00800883557836118,0.8099610887157981,True,True,False,False
36081020400,10,0.8379092353041679,0.002471361163248907,0.08754275592730112,0.8099610887157981,0.00800883557836118,0.8099610887157981,True,True,False,False
36081020500,10,0.8379092353041679,0.002471361163248907,0.08754275592730112,0.8099610887157981,0.00800883557836118,0.8099610887157981,True,True,False,False
36081020600,10,0.8379092353041679,0.002471361163248907,0.08754275592730112,0.8099610887157981,0.00800883557836118,0.8099610887157981,True,True,False,False
36081020800,10,0.8379092353041679,0.002471361163248907,0.08754275592730112,0.8099610887157981,0.00800883557836118,0.8099610887157981,True,True,False,False
36081021200,10,0.8379092353041679,0.002471361163248907,0.08754275592730112,0.8099610887157981,0.00800883557836118,0.8099610887157981,True,True,False,False
36081021400,10,0.8379092353041679,0.002471361163248907,0.08754275592730112,0.8099610887157981,0.00800883557836118,0.8099610887157981,True,True,False,False
36081021600,10,0.8379092353041679,0.002471361163248907,0.08754275592730112,0.8099610887157981,0.00800883557836118,0.8099610887157981,True,True,False,False
36081021900,10,0.8379092353041679,0.002471361163248907,0.08754275592730112,0.8099610887157981,0.00800883557836118,0.8099610887157981,True,True,False,False
36081022001,10,0.8379092353041679,0.002471361163248907,0.08754275592730112,0.8099610887157981,0.00800883557836118,0.8099610887157981,True,True,False,False
36081022002,10,0.8379092353041679,0.002471361163248907,0.08754275592730112,0.8099610887157981,0.00800883557836118,0.8099610887157981,True,True,False,False
36081022900,10,0.8379092353041679,0.002471361163248907,0.08754275592730112,0.8099610887157981,0.00800883557836118,0.8099610887157981,True,True,False,False
36081023000,10,0.8379092353041679,0.002471361163248907,0.08754275592730112,0.8099610887157981,0.00800883557836118,0.8099610887157981,True,True,False,False
36081023200,10,0.8379092353041679,0.002471361163248907,0.08754275592730112,0.8099610887157981,0.00800883557836118,0.8099610887157981,True,True,False,False
36081023500,10,0.8379092353041679,0.002471361163248907,0.08754275592730112,0.8099610887157981,0.00800883557836118,0.8099610887157981,True,True,False,False
36081023600,10,0.8379092353041679,0.002471361163248907,0.08754275592730112,0.8099610887157981,0.00800883557836118,0.8099610887157981,True,True,False,False
36081023800,10,0.8379092353041679,0.002471361163248907,0.08754275592730112,0.8099610887157981,0.00800883557836118,0.8099610887157981,True,True,False,False
36081024000,10,0.8379092353041679,0.002471361163248907,0.08754275592730112,0.8099610887157981,0.00800883557836118,0.8099610887157981,True,True,False,False
36081024300,10,0.8379092353041679,0.002471361163248907,0.08754275592730112,0.8099610887157981,0.00800883557836118,0.8099610887157981,True,True,False,False
36081024500,10,0.8379092353041679,0.002471361163248907,0.08754275592730112,0.8099610887157981,0.00800883557836118,0.8099610887157981,True,True,False,False
36081024600,10,0.8379092353041679,0.002471361163248907,0.08754275592730112,0.8099610887157981,0.00800883557836118,0.8099610887157981,True,True,False,False
36081024700,10,0.8379092353041679,0.002471361163248907,0.08754275592730112,0.8099610887157981,0.00800883557836118,0.8099610887157981,True,True,False,False
36081024900,10,0.8379092353041679,0.002471361163248907,0.08754275592730112,0.8099610887157981,0.00800883557836118,0.8099610887157981,True,True,False,False
36081025100,10,0.8379092353041679,0.002471361163248907,0.08754275592730112,0.8099610887157981,0.00800883557836118,0.8099610887157981,True,True,False,False
36081025301,10,0.8379092353041679,0.002471361163248907,0.08754275592730112,0.8099610887157981,0.00800883557836118,0.8099610887157981,True,True,False,False
36081025302,10,0.8379092353041679,0.002471361163248907,0.08754275592730112,0.8099610887157981,0.00800883557836118,0.8099610887157981,True,True,False,False
36081025400,10,0.8379092353041679,0.002471361163248907,0.08754275592730112,0.8099610887157981,0.00800883557836118,0.8099610887157981,True,True,False,False
36081025500,10,0.8379092353041679,0.002471361163248907,0.08754275592730112,0.8099610887157981,0.00800883557836118,0.8099610887157981,True,True,False,False
36081025700,10,0.8379092353041679,0.002471361163248907,0.08754275592730112,0.8099610887157981,0.00800883557836118,0.8099610887157981,True,True,False,False
36081025800,10,0.8379092353041679,0.002471361163248907,0.08754275592730112,0.8099610887157981,0.00800883557836118,0.8099610887157981,True,True,False,False
36081025900,10,0.8379092353041679,0.002471361163248907,0.08754275592730112,0.8099610887157981,0.00800883557836118,0.8099610887157981,True,True,False,False
36081026000,10,0.8379092353041679,0.002471361163248907,0.08754275592730112,0.8099610887157981,0.00800883557836118,0.8099610887157981,True,True,False,False
36081026100,10,0.8379092353041679,0.002471361163248907,0.08754275592730112,0.8099610887157981,0.00800883557836118,0.8099610887157981,True,True,False,False
36081026200,10,0.8379092353041679,0.002471361163248907,0.08754275592730112,0.8099610887157981,0.00800883557836118,0.8099610887157981,True,True,False,False
36081026300,10,0.8379092353041679,0.002471361163248907,0.08754275592730112,0.8099610887157981,0.00800883557836118,0.8099610887157981,True,True,False,False
36081026400,10,0.8379092353041679,0.002471361163248907,0.08754275592730112,0.8099610887157981,0.00800883557836118,0.8099610887157981,True,True,False,False
36081026500,10,0.8379092353041679,0.002471361163248907,0.08754275592730112,0.8099610887157981,0.00800883557836118,0.8099610887157981,True,True,False,False
36081026600,10,0.8379092353041679,0.002471361163248907,0.08754275592730112,0.8099610887157981,0.00800883557836118,0.8099610887157981,True,True,False,False
36081026700,10,0.8379092353041679,0.002471361163248907,0.08754275592730112,0.8099610887157981,0.00800883557836118,0.8099610887157981,True,True,False,False
36081026901,10,0.8379092353041679,0.002471361163248907,0.08754275592730112,0.8099610887157981,0.00800883557836118,0.8099610887157981,True,True,False,False
36081026902,10,0.8379092353041679,0.002471361163248907,0.08754275592730112,0.8099610887157981,0.00800883557836118,0.8099610887157981,True,True,False,False
36081027000,10,0.8379092353041679,0.002471361163248907,0.08754275592730112,0.8099610887157981,0.00800883557836118,0.8099610887157981,True,True,False,False
36081027100,10,0.8379092353041679,0.002471361163248907,0.08754275592730112,0.8099610887157981,0.00800883557836118,0.8099610887157981,True,True,False,False
36081027200,10,0.8379092353041679,0.002471361163248907,0.08754275592730112,0.8099610887157981,0.00800883557836118,0.8099610887157981,True,True,False,False
36081027300,10,0.8379092353041679,0.002471361163248907,0.08754275592730112,0.8099610887157981,0.00800883557836118,0.8099610887157981,True,True,False,False
36081027400,10,0.8379092353041679,0.002471361163248907,0.08754275592730112,0.8099610887157981,0.00800883557836118,0.8099610887157981,True,True,False,False
36081027500,10,0.8379092353041679,0.002471361163248907,0.08754275592730112,0.8099610887157981,0.00800883557836118,0.8099610887157981,True,True,False,False
36081027600,10,0.8379092353041679,0.002471361163248907,0.08754275592730112,0.8099610887157981,0.00800883557836118,0.8099610887157981,True,True,False,False
36081027700,10,0.8379092353041679,0.002471361163248907,0.08754275592730112,0.8099610887157981,0.00800883557836118,0.8099610887157981,True,True,False,False
36081027800,10,0.8379092353041679,0.002471361163248907,0.08754275592730112,0.8099610887157981,0.00800883557836118,0.8099610887157981,True,True,False,False
36081027900,10,0.8379092353041679,0.002471361163248907,0.08754275592730112,0.8099610887157981,0.00800883557836118,0.8099610887157981,True,True,False,False
36081028000,10,0.8379092353041679,0.002471361163248907,0.08754275592730112,0.8099610887157981,0.00800883557836118,0.8099610887157981,True,True,False,False
36081028100,10,0.8379092353041679,0.002471361163248907,0.08754275592730112,0.8099610887157981,0.00800883557836118,0.8099610887157981,True,True,False,False
36081028200,10,0.8379092353041679,0.002471361163248907,0.08754275592730112,0.8099610887157981,0.00800883557836118,0.8099610887157981,True,True,False,False
36081028300,10,0.8379092353041679,0.002471361163248907,0.08754275592730112,0.8099610887157981,0.00800883557836118,0.8099610887157981,True,True,False,False
36081028400,10,0.8379092353041679,0.002471361163248907,0.08754275592730112,0.8099610887157981,0.00800883557836118,0.8099610887157981,True,True,False,False
36081028500,10,0.8379092353041679,0.002471361163248907,0.08754275592730112,0.8099610887157981,0.00800883557836118,0.8099610887157981,True,True,False,False
36081028700,10,0.8379092353041679,0.002471361163248907,0.08754275592730112,0.8099610887157981,0.00800883557836118,0.8099610887157981,True,True,False,False
36081028800,10,0.8379092353041679,0.002471361163248907,0.08754275592730112,0.8099610887157981,0.00800883557836118,0.8099610887157981,True,True,False,False
36081028900,10,0.8379092353041679,0.002471361163248907,0.08754275592730112,0.8099610887157981,0.00800883557836118,0.8099610887157981,True,True,False,False
36081029100,10,0.8379092353041679,0.002471361163248907,0.08754275592730112,0.8099610887157981,0.00800883557836118,0.8099610887157981,True,True,False,False
36081029300,10,0.8379092353041679,0.002471361163248907,0.08754275592730112,0.8099610887157981,0.00800883557836118,0.8099610887157981,True,True,False,False
36081029400,10,0.8379092353041679,0.002471361163248907,0.08754275592730112,0.8099610887157981,0.00800883557836118,0.8099610887157981,True,True,False,False
36081029500,10,0.8379092353041679,0.002471361163248907,0.08754275592730112,0.8099610887157981,0.00800883557836118,0.8099610887157981,True,True,False,False
36081029700,10,0.8379092353041679,0.002471361163248907,0.08754275592730112,0.8099610887157981,0.00800883557836118,0.8099610887157981,True,True,False,False
36081029900,10,0.8379092353041679,0.002471361163248907,0.08754275592730112,0.8099610887157981,0.00800883557836118,0.8099610887157981,True,True,False,False
36081030600,10,0.8379092353041679,0.002471361163248907,0.08754275592730112,0.8099610887157981,0.00800883557836118,0.8099610887157981,True,True,False,False
36081030902,10,0.8379092353041679,0.002471361163248907,0.08754275592730112,0.8099610887157981,0.00800883557836118,0.8099610887157981,True,True,False,False
36081030903,10,0.8379092353041679,0.002471361163248907,0.08754275592730112,0.8099610887157981,0.00800883557836118,0.8099610887157981,True,True,False,False
36081030904,10,0.8379092353041679,0.002471361163248907,0.08754275592730112,0.8099610887157981,0.00800883557836118,0.8099610887157981,True,True,False,False
36081031700,10,0.8379092353041679,0.002471361163248907,0.08754275592730112,0.8099610887157981,0.00800883557836118,0.8099610887157981,True,True,False,False
36081032000,10,0.8379092353041679,0.002471361163248907,0.08754275592730112,0.8099610887157981,0.00800883557836118,0.8099610887157981,True,True,False,False
36081032700,10,0.8379092353041679,0.002471361163248907,0.08754275592730112,0.8099610887157981,0.00800883557836118,0.8099610887157981,True,True,False,False
36081032800,10,0.8379092353041679,0.002471361163248907,0.08754275592730112,0.8099610887157981,0.00800883557836118,0.8099610887157981,True,True,False,False
36081032900,10,0.8379092353041679,0.002471361163248907,0.08754275592730112,0.8099610887157981,0.00800883557836118,0.8099610887157981,True,True,False,False
36081033000,10,0.8379092353041679,0.002471361163248907,0.08754275592730112,0.8099610887157981,0.00800883557836118,0.8099610887157981,True,True,False,False
36081033100,10,0.8379092353041679,0.002471361163248907,0.08754275592730112,0.8099610887157981,0.00800883557836118,0.8099610887157981,True,True,False,False
36081033401,10,0.8379092353041679,0.002471361163248907,0.08754275592730112,0.8099610887157981,0.00800883557836118,0.8099610887157981,True,True,False,False
36081033402,10,0.8379092353041679,0.002471361163248907,0.08754275592730112,0.8099610887157981,0.00800883557836118,0.8099610887157981,True,True,False,False
36081033700,10,0.8379092353041679,0.002471361163248907,0.08754275592730112,0.8099610887157981,0.00800883557836118,0.8099610887157981,True,True,False,False
36081033900,10,0.8379092353041679,0.002471361163248907,0.08754275592730112,0.8099610887157981,0.00800883557836118,0.8099610887157981,True,True,False,False
36081034700,10,0.8379092353041679,0.002471361163248907,0.08754275592730112,0.8099610887157981,0.00800883557836118,0.8099610887157981,True,True,False,False
36081035100,10,0.8379092353041679,0.002471361163248907,0.08754275592730112,0.8099610887157981,0.00800883557836118,0.8099610887157981,True,True,False,False
36081035200,10,0.8379092353041679,0.002471361163248907,0.08754275592730112,0.8099610887157981,0.00800883557836118,0.8099610887157981,True,True,False,False
36081035300,10,0.8379092353041679,0.002471361163248907,0.08754275592730112,0.8099610887157981,0.00800883557836118,0.8099610887157981,True,True,False,False
36081035700,10,0.8379092353041679,0.002471361163248907,0.08754275592730112,0.8099610887157981,0.00800883557836118,0.8099610887157981,True,True,False,False
36081035800,10,0.8379092353041679,0.002471361163248907,0.08754275592730112,0.8099610887157981,0.00800883557836118,0.8099610887157981,True,True,False,False
36081036100,10,0.8379092353041679,0.002471361163248907,0.08754275592730112,0.8099610887157981,0.00800883557836118,0.8099610887157981,True,True,False,False
36081036300,10,0.8379092353041679,0.002471361163248907,0.08754275592730112,0.8099610887157981,0.00800883557836118,0.8099610887157981,True,True,False,False
36081036500,10,0.8379092353041679,0.002471361163248907,0.08754275592730112,0.8099610887157981,0.00800883557836118,0.8099610887157981,True,True,False,False
36081036600,10,0.8379092353041679,0.002471361163248907,0.08754275592730112,0.8099610887157981,0.00800883557836118,0.8099610887157981,True,True,False,False
36081036700,10,0.8379092353041679,0.002471361163248907,0.08754275592730112,0.8099610887157981,0.00800883557836118,0.8099610887157981,True,True,False,False
36081036800,10,0.8379092353041679,0.002471361163248907,0.08754275592730112,0.8099610887157981,0.00800883557836118,0.8099610887157981,True,True,False,False
36081037100,10,0.8379092353041679,0.002471361163248907,0.08754275592730112,0.8099610887157981,0.00800883557836118,0.8099610887157981,True,True,False,False
36081037300,10,0.8379092353041679,0.002471361163248907,0.08754275592730112,0.8099610887157981,0.00800883557836118,0.8099610887157981,True,True,False,False
36081037500,10,0.8379092353041679,0.002471361163248907,0.08754275592730112,0.8099610887157981,0.00800883557836118,0.8099610887157981,True,True,False,False
36081037600,10,0.8379092353041679,0.002471361163248907,0.08754275592730112,0.8099610887157981,0.00800883557836118,0.8099610887157981,True,True,False,False
36081037700,10,0.8379092353041679,0.002471361163248907,0.08754275592730112,0.8099610887157981,0.00800883557836118,0.8099610887157981,True,True,False,False
36081037900,10,0.8379092353041679,0.002471361163248907,0.08754275592730112,0.8099610887157981,0.00800883557836118,0.8099610887157981,True,True,False,False
36081038100,10,0.8379092353041679,0.002471361163248907,0.08754275592730112,0.8099610887157981,0.00800883557836118,0.8099610887157981,True,True,False,False
36081038301,10,0.8379092353041679,0.002471361163248907,0.08754275592730112,0.8099610887157981,0.00800883557836118,0.8099610887157981,True,True,False,False
36081038302,10,0.8379092353041679,0.002471361163248907,0.08754275592730112,0.8099610887157981,0.00800883557836118,0.8099610887157981,True,True,False,False
36081038400,10,0.8379092353041679,0.002471361163248907,0.08754275592730112,0.8099610887157981,0.00800883557836118,0.8099610887157981,True,True,False,False
36081039400,10,0.8379092353041679,0.002471361163248907,0.08754275592730112,0.8099610887157981,0.00800883557836118,0.8099610887157981,True,True,False,False
36081039800,10,0.8379092353041679,0.002471361163248907,0.08754275592730112,0.8099610887157981,0.00800883557836118,0.8099610887157981,True,True,False,False
36081039900,10,0.8379092353041679,0.002471361163248907,0.08754275592730112,0.8099610887157981,0.00800883557836118,0.8099610887157981,True,True,False,False
36081040000,10,0.8379092353041679,0.002471361163248907,0.08754275592730112,0.8099610887157981,0.00800883557836118,0.8099610887157981,True,True,False,False
36081040100,10,0.8379092353041679,0.002471361163248907,0.08754275592730112,0.8099610887157981,0.00800883557836118,0.8099610887157981,True,True,False,False
36081040200,10,0.8379092353041679,0.002471361163248907,0.08754275592730112,0.8099610887157981,0.00800883557836118,0.8099610887157981,True,True,False,False
36081040300,10,0.8379092353041679,0.002471361163248907,0.08754275592730112,0.8099610887157981,0.00800883557836118,0.8099610887157981,True,True,False,False
36081040400,10,0.8379092353041679,0.002471361163248907,0.08754275592730112,0.8099610887157981,0.00800883557836118,0.8099610887157981,True,True,False,False
36081040500,10,0.8379092353041679,0.002471361163248907,0.08754275592730112,0.8099610887157981,0.00800883557836118,0.8099610887157981,True,True,False,False
36081040700,10,0.8379092353041679,0.002471361163248907,0.08754275592730112,0.8099610887157981,0.00800883557836118,0.8099610887157981,True,True,False,False
36081040900,10,0.8379092353041679,0.002471361163248907,0.08754275592730112,0.8099610887157981,0.00800883557836118,0.8099610887157981,True,True,False,False
36081041100,10,0.8379092353041679,0.002471361163248907,0.08754275592730112,0.8099610887157981,0.00800883557836118,0.8099610887157981,True,True,False,False
36081041300,10,0.8379092353041679,0.002471361163248907,0.08754275592730112,0.8099610887157981,0.00800883557836118,0.8099610887157981,True,True,False,False
36081041400,10,0.8379092353041679,0.002471361163248907,0.08754275592730112,0.8099610887157981,0.00800883557836118,0.8099610887157981,True,True,False,False
36081041500,10,0.8379092353041679,0.002471361163248907,0.08754275592730112,0.8099610887157981,0.00800883557836118,0.8099610887157981,True,True,False,False
36081042400,10,0.8379092353041679,0.002471361163248907,0.08754275592730112,0.8099610887157981,0.00800883557836118,0.8099610887157981,True,True,False,False
36081042600,10,0.8379092353041679,0.002471361163248907,0.08754275592730112,0.8099610887157981,0.00800883557836118,0.8099610887157981,True,True,False,False
36081042700,10,0.8379092353041679,0.002471361163248907,0.08754275592730112,0.8099610887157981,0.00800883557836118,0.8099610887157981,True,True,False,False
36081043200,10,0.8379092353041679,0.002471361163248907,0.08754275592730112,0.8099610887157981,0.00800883557836118,0.8099610887157981,True,True,False,False
36081043400,10,0.8379092353041679,0.002471361163248907,0.08754275592730112,0.8099610887157981,0.00800883557836118,0.8099610887157981,True,True,False,False
36081043701,10,0.8379092353041679,0.002471361163248907,0.08754275592730112,0.8099610887157981,0.00800883557836118,0.8099610887157981,True,True,False,False
36081043702,10,0.8379092353041679,0.002471361163248907,0.08754275592730112,0.8099610887157981,0.00800883557836118,0.8099610887157981,True,True,False,False
36081043900,10,0.8379092353041679,0.002471361163248907,0.08754275592730112,0.8099610887157981,0.00800883557836118,0.8099610887157981,True,True,False,False
36081044000,10,0.8379092353041679,0.002471361163248907,0.08754275592730112,0.8099610887157981,0.00800883557836118,0.8099610887157981,True,True,False,False
36081044301,10,0.8379092353041679,0.002471361163248907,0.08754275592730112,0.8099610887157981,0.00800883557836118,0.8099610887157981,True,True,False,False
36081044302,10,0.8379092353041679,0.002471361163248907,0.08754275592730112,0.8099610887157981,0.00800883557836118,0.8099610887157981,True,True,False,False
36081044400,10,0.8379092353041679,0.002471361163248907,0.08754275592730112,0.8099610887157981,0.00800883557836118,0.8099610887157981,True,True,False,False
36081044601,10,0.8379092353041679,0.002471361163248907,0.08754275592730112,0.8099610887157981,0.00800883557836118,0.8099610887157981,True,True,False,False
36081044602,10,0.8379092353041679,0.002471361163248907,0.08754275592730112,0.8099610887157981,0.00800883557836118,0.8099610887157981,True,True,False,False
36081044800,10,0.8379092353041679,0.002471361163248907,0.08754275592730112,0.8099610887157981,0.00800883557836118,0.8099610887157981,True,True,False,False
36081045000,10,0.8379092353041679,0.002471361163248907,0.08754275592730112,0.8099610887157981,0.00800883557836118,0.8099610887157981,True,True,False,False
36081045200,10,0.8379092353041679,0.002471361163248907,0.08754275592730112,0.8099610887157981,0.00800883557836118,0.8099610887157981,True,True,False,False
36081045400,10,0.8379092353041679,0.002471361163248907,0.08754275592730112,0.8099610887157981,0.00800883557836118,0.8099610887157981,True,True,False,False
36081045500,10,0.8379092353041679,0.002471361163248907,0.08754275592730112,0.8099610887157981,0.00800883557836118,0.8099610887157981,True,True,False,False
36081045600,10,0.8379092353041679,0.002471361163248907,0.08754275592730112,0.8099610887157981,0.00800883557836118,0.8099610887157981,True,True,False,False
36081045700,10,0.8379092353041679,0.002471361163248907,0.08754275592730112,0.8099610887157981,0.00800883557836118,0.8099610887157981,True,True,False,False
36081045800,10,0.8379092353041679,0.002471361163248907,0.08754275592730112,0.8099610887157981,0.00800883557836118,0.8099610887157981,True,True,False,False
36081045900,10,0.8379092353041679,0.002471361163248907,0.08754275592730112,0.8099610887157981,0.00800883557836118,0.8099610887157981,True,True,False,False
36081046000,10,0.8379092353041679,0.002471361163248907,0.08754275592730112,0.8099610887157981,0.00800883557836118,0.8099610887157981,True,True,False,False
36081046100,10,0.8379092353041679,0.002471361163248907,0.08754275592730112,0.8099610887157981,0.00800883557836118,0.8099610887157981,True,True,False,False
36081046200,10,0.8379092353041679,0.002471361163248907,0.08754275592730112,0.8099610887157981,0.00800883557836118,0.8099610887157981,True,True,False,False
36081046300,10,0.8379092353041679,0.002471361163248907,0.08754275592730112,0.8099610887157981,0.00800883557836118,0.8099610887157981,True,True,False,False
36081046400,10,0.8379092353041679,0.002471361163248907,0.08754275592730112,0.8099610887157981,0.00800883557836118,0.8099610887157981,True,True,False,False
36081046500,10,0.8379092353041679,0.002471361163248907,0.08754275592730112,0.8099610887157981,0.00800883557836118,0.8099610887157981,True,True,False,False
36081046600,10,0.8379092353041679,0.002471361163248907,0.08754275592730112,0.8099610887157981,0.00800883557836118,0.8099610887157981,True,True,False,False
36081046700,10,0.8379092353041679,0.002471361163248907,0.08754275592730112,0.8099610887157981,0.00800883557836118,0.8099610887157981,True,True,False,False
36081046800,10,0.8379092353041679,0.002471361163248907,0.08754275592730112,0.8099610887157981,0.00800883557836118,0.8099610887157981,True,True,False,False
36081046900,10,0.8379092353041679,0.002471361163248907,0.08754275592730112,0.8099610887157981,0.00800883557836118,0.8099610887157981,True,True,False,False
36081047000,10,0.8379092353041679,0.002471361163248907,0.08754275592730112,0.8099610887157981,0.00800883557836118,0.8099610887157981,True,True,False,False
36081047100,10,0.8379092353041679,0.002471361163248907,0.08754275592730112,0.8099610887157981,0.00800883557836118,0.8099610887157981,True,True,False,False
36081047200,10,0.8379092353041679,0.002471361163248907,0.08754275592730112,0.8099610887157981,0.00800883557836118,0.8099610887157981,True,True,False,False
36081047300,10,0.8379092353041679,0.002471361163248907,0.08754275592730112,0.8099610887157981,0.00800883557836118,0.8099610887157981,True,True,False,False
36081047500,10,0.8379092353041679,0.002471361163248907,0.08754275592730112,0.8099610887157981,0.00800883557836118,0.8099610887157981,True,True,False,False
36081047600,10,0.8379092353041679,0.002471361163248907,0.08754275592730112,0.8099610887157981,0.00800883557836118,0.8099610887157981,True,True,False,False
36081047800,10,0.8379092353041679,0.002471361163248907,0.08754275592730112,0.8099610887157981,0.00800883557836118,0.8099610887157981,True,True,False,False
36081047900,10,0.8379092353041679,0.002471361163248907,0.08754275592730112,0.8099610887157981,0.00800883557836118,0.8099610887157981,True,True,False,False
36081048000,10,0.8379092353041679,0.002471361163248907,0.08754275592730112,0.8099610887157981,0.00800883557836118,0.8099610887157981,True,True,False,False
36081048100,10,0.8379092353041679,0.002471361163248907,0.08754275592730112,0.8099610887157981,0.00800883557836118,0.8099610887157981,True,True,False,False
36081048200,10,0.8379092353041679,0.002471361163248907,0.08754275592730112,0.8099610887157981,0.00800883557836118,0.8099610887157981,True,True,False,False
36081048300,10,0.8379092353041679,0.002471361163248907,0.08754275592730112,0.8099610887157981,0.00800883557836118,0.8099610887157981,True,True,False,False
36081048400,10,0.8379092353041679,0.002471361163248907,0.08754275592730112,0.8099610887157981,0.00800883557836118,0.8099610887157981,True,True,False,False
36081048500,10,0.8379092353041679,0.002471361163248907,0.08754275592730112,0.8099610887157981,0.00800883557836118,0.8099610887157981,True,True,False,False
36081048900,10,0.8379092353041679,0.002471361163248907,0.08754275592730112,0.8099610887157981,0.00800883557836118,0.8099610887157981,True,True,False,False
36081049200,10,0.8379092353041679,0.002471361163248907,0.08754275592730112,0.8099610887157981,0.00800883557836118,0.8099610887157981,True,True,False,False
36081049301,10,0.8379092353041679,0.002471361163248907,0.08754275592730112,0.8099610887157981,0.00800883557836118,0.8099610887157981,True,True,False,False
36081049302,10,0.8379092353041679,0.002471361163248907,0.08754275592730112,0.8099610887157981,0.00800883557836118,0.8099610887157981,True,True,False,False
36081049500,10,0.8379092353041679,0.002471361163248907,0.08754275592730112,0.8099610887157981,0.00800883557836118,0.8099610887157981,True,True,False,False
36081049600,10,0.8379092353041679,0.002471361163248907,0.08754275592730112,0.8099610887157981,0.00800883557836118,0.8099610887157981,True,True,False,False
36081049700,10,0.8379092353041679,0.002471361163248907,0.08754275592730112,0.8099610887157981,0.00800883557836118,0.8099610887157981,True,True,False,False
36081049900,10,0.8379092353041679,0.002471361163248907,0.08754275592730112,0.8099610887157981,0.00800883557836118,0.8099610887157981,True,True,False,False
36081050000,10,0.8379092353041679,0.002471361163248907,0.08754275592730112,0.8099610887157981,0.00800883557836118,0.8099610887157981,True,True,False,False
36081050201,10,0.8379092353041679,0.002471361163248907,0.08754275592730112,0.8099610887157981,0.00800883557836118,0.8099610887157981,True,True,False,False
36081050202,10,0.8379092353041679,0.002471361163248907,0.08754275592730112,0.8099610887157981,0.00800883557836118,0.8099610887157981,True,True,False,False
36081050400,10,0.8379092353041679,0.002471361163248907,0.08754275592730112,0.8099610887157981,0.00800883557836118,0.8099610887157981,True,True,False,False
36081050500,10,0.8379092353041679,0.002471361163248907,0.08754275592730112,0.8099610887157981,0.00800883557836118,0.8099610887157981,True,True,False,False
36081050600,10,0.8379092353041679,0.002471361163248907,0.08754275592730112,0.8099610887157981,0.00800883557836118,0.8099610887157981,True,True,False,False
36081050700,10,0.8379092353041679,0.002471361163248907,0.08754275592730112,0.8099610887157981,0.00800883557836118,0.8099610887157981,True,True,False,False
36081050800,10,0.8379092353041679,0.002471361163248907,0.08754275592730112,0.8099610887157981,0.00800883557836118,0.8099610887157981,True,True,False,False
36081051000,10,0.8379092353041679,0.002471361163248907,0.08754275592730112,0.8099610887157981,0.00800883557836118,0.8099610887157981,True,True,False,False
36081051100,10,0.8379092353041679,0.002471361163248907,0.08754275592730112,0.8099610887157981,0.00800883557836118,0.8099610887157981,True,True,False,False
36081051200,10,0.8379092353041679,0.002471361163248907,0.08754275592730112,0.8099610887157981,0.00800883557836118,0.8099610887157981,True,True,False,False
36081051300,10,0.8379092353041679,0.002471361163248907,0.08754275592730112,0.8099610887157981,0.00800883557836118,0.8099610887157981,True,True,False,False
36081051500,10,0.8379092353041679,0.002471361163248907,0.08754275592730112,0.8099610887157981,0.00800883557836118,0.8099610887157981,True,True,False,False
36081051600,10,0.8379092353041679,0.002471361163248907,0.08754275592730112,0.8099610887157981,0.00800883557836118,0.8099610887157981,True,True,False,False
36081051700,10,0.8379092353041679,0.002471361163248907,0.08754275592730112,0.8099610887157981,0.00800883557836118,0.8099610887157981,True,True,False,False
36081051800,10,0.8379092353041679,0.002471361163248907,0.08754275592730112,0.8099610887157981,0.00800883557836118,0.8099610887157981,True,True,False,False
36081052000,10,0.8379092353041679,0.002471361163248907,0.08754275592730112,0.8099610887157981,0.00800883557836118,0.8099610887157981,True,True,False,False
36081052100,10,0.8379092353041679,0.002471361163248907,0.08754275592730112,0.8099610887157981,0.00800883557836118,0.8099610887157981,True,True,False,False
36081052200,10,0.8379092353041679,0.002471361163248907,0.08754275592730112,0.8099610887157981,0.00800883557836118,0.8099610887157981,True,True,False,False
36081052400,10,0.8379092353041679,0.002471361163248907,0.08754275592730112,0.8099610887157981,0.00800883557836118,0.8099610887157981,True,True,False,False
36081052500,10,0.8379092353041679,0.002471361163248907,0.08754275592730112,0.8099610887157981,0.00800883557836118,0.8099610887157981,True,True,False,False
36081052600,10,0.8379092353041679,0.002471361163248907,0.08754275592730112,0.8099610887157981,0.00800883557836118,0.8099610887157981,True,True,False,False
36081052800,10,0.8379092353041679,0.002471361163248907,0.08754275592730112,0.8099610887157981,0.00800883557836118,0.8099610887157981,True,True,False,False
36081053000,10,0.8379092353041679,0.002471361163248907,0.08754275592730112,0.8099610887157981,0.00800883557836118,0.8099610887157981,True,True,False,False
36081053100,10,0.8379092353041679,0.002471361163248907,0.08754275592730112,0.8099610887157981,0.00800883557836118,0.8099610887157981,True,True,False,False
36081053200,10,0.8379092353041679,0.002471361163248907,0.08754275592730112,0.8099610887157981,0.00800883557836118,0.8099610887157981,True,True,False,False
36081053401,10,0.8379092353041679,0.002471361163248907,0.08754275592730112,0.8099610887157981,0.00800883557836118,0.8099610887157981,True,True,False,False
36081053500,10,0.8379092353041679,0.002471361163248907,0.08754275592730112,0.8099610887157981,0.00800883557836118,0.8099610887157981,True,True,False,False
36081053601,10,0.8379092353041679,0.002471361163248907,0.08754275592730112,0.8099610887157981,0.00800883557836118,0.8099610887157981,True,True,False,False
36081053800,10,0.8379092353041679,0.002471361163248907,0.08754275592730112,0.8099610887157981,0.00800883557836118,0.8099610887157981,True,True,False,False
36081053900,10,0.8379092353041679,0.002471361163248907,0.08754275592730112,0.8099610887157981,0.00800883557836118,0.8099610887157981,True,True,False,False
36081054000,10,0.8379092353041679,0.002471361163248907,0.08754275592730112,0.8099610887157981,0.00800883557836118,0.8099610887157981,True,True,False,False
36081054200,10,0.8379092353041679,0.002471361163248907,0.08754275592730112,0.8099610887157981,0.00800883557836118,0.8099610887157981,True,True,False,False
36081054500,10,0.8379092353041679,0.002471361163248907,0.08754275592730112,0.8099610887157981,0.00800883557836118,0.8099610887157981,True,True,False,False
36081054700,10,0.8379092353041679,0.002471361163248907,0.08754275592730112,0.8099610887157981,0.00800883557836118,0.8099610887157981,True,True,False,False
36081054800,10,0.8379092353041679,0.002471361163248907,0.08754275592730112,0.8099610887157981,0.00800883557836118,0.8099610887157981,True,True,False,False
36081054900,10,0.8379092353041679,0.002471361163248907,0.08754275592730112,0.8099610887157981,0.00800883557836118,0.8099610887157981,True,True,False,False
36081055100,10,0.8379092353041679,0.002471361163248907,0.08754275592730112,0.8099610887157981,0.00800883557836118,0.8099610887157981,True,True,False,False
36081055200,10,0.8379092353041679,0.002471361163248907,0.08754275592730112,0.8099610887157981,0.00800883557836118,0.8099610887157981,True,True,False,False
36081055300,10,0.8379092353041679,0.002471361163248907,0.08754275592730112,0.8099610887157981,0.00800883557836118,0.8099610887157981,True,True,False,False
36081055400,10,0.8379092353041679,0.002471361163248907,0.08754275592730112,0.8099610887157981,0.00800883557836118,0.8099610887157981,True,True,False,False
36081055500,10,0.8379092353041679,0.002471361163248907,0.08754275592730112,0.8099610887157981,0.00800883557836118,0.8099610887157981,True,True,False,False
36081055600,10,0.8379092353041679,0.002471361163248907,0.08754275592730112,0.8099610887157981,0.00800883557836118,0.8099610887157981,True,True,False,False
36081055700,10,0.8379092353041679,0.002471361163248907,0.08754275592730112,0.8099610887157981,0.00800883557836118,0.8099610887157981,True,True,False,False
36081055800,10,0.8379092353041679,0.002471361163248907,0.08754275592730112,0.8099610887157981,0.00800883557836118,0.8099610887157981,True,True,False,False
36081055900,10,0.8379092353041679,0.002471361163248907,0.08754275592730112,0.8099610887157981,0.00800883557836118,0.8099610887157981,True,True,False,False
36081056000,10,0.8379092353041679,0.002471361163248907,0.08754275592730112,0.8099610887157981,0.00800883557836118,0.8099610887157981,True,True,False,False
36081056100,10,0.8379092353041679,0.002471361163248907,0.08754275592730112,0.8099610887157981,0.00800883557836118,0.8099610887157981,True,True,False,False
36081056200,10,0.8379092353041679,0.002471361163248907,0.08754275592730112,0.8099610887157981,0.00800883557836118,0.8099610887157981,True,True,False,False
36081056400,10,0.8379092353041679,0.002471361163248907,0.08754275592730112,0.8099610887157981,0.00800883557836118,0.8099610887157981,True,True,False,False
36081056500,10,0.8379092353041679,0.002471361163248907,0.08754275592730112,0.8099610887157981,0.00800883557836118,0.8099610887157981,True,True,False,False
36081056600,10,0.8379092353041679,0.002471361163248907,0.08754275592730112,0.8099610887157981,0.00800883557836118,0.8099610887157981,True,True,False,False
36081056700,10,0.8379092353041679,0.002471361163248907,0.08754275592730112,0.8099610887157981,0.00800883557836118,0.8099610887157981,True,True,False,False
36081056800,10,0.8379092353041679,0.002471361163248907,0.08754275592730112,0.8099610887157981,0.00800883557836118,0.8099610887157981,True,True,False,False
36081057700,10,0.8379092353041679,0.002471361163248907,0.08754275592730112,0.8099610887157981,0.00800883557836118,0.8099610887157981,True,True,False,False
36081057900,10,0.8379092353041679,0.002471361163248907,0.08754275592730112,0.8099610887157981,0.00800883557836118,0.8099610887157981,True,True,False,False
36081058000,10,0.8379092353041679,0.002471361163248907,0.08754275592730112,0.8099610887157981,0.00800883557836118,0.8099610887157981,True,True,False,False
36081058100,10,0.8379092353041679,0.002471361163248907,0.08754275592730112,0.8099610887157981,0.00800883557836118,0.8099610887157981,True,True,False,False
36081058200,10,0.8379092353041679,0.002471361163248907,0.08754275592730112,0.8099610887157981,0.00800883557836118,0.8099610887157981,True,True,False,False
36081058300,10,0.8379092353041679,0.002471361163248907,0.08754275592730112,0.8099610887157981,0.00800883557836118,0.8099610887157981,True,True,False,False
36081058500,10,0.8379092353041679,0.002471361163248907,0.08754275592730112,0.8099610887157981,0.00800883557836118,0.8099610887157981,True,True,False,False
36081058700,10,0.8379092353041679,0.002471361163248907,0.08754275592730112,0.8099610887157981,0.00800883557836118,0.8099610887157981,True,True,False,False
36081058900,10,0.8379092353041679,0.002471361163248907,0.08754275592730112,0.8099610887157981,0.00800883557836118,0.8099610887157981,True,True,False,False
36081059000,10,0.8379092353041679,0.002471361163248907,0.08754275592730112,0.8099610887157981,0.00800883557836118,0.8099610887157981,True,True,False,False
36081059100,10,0.8379092353041679,0.002471361163248907,0.08754275592730112,0.8099610887157981,0.00800883557836118,0.8099610887157981,True,True,False,False
36081059200,10,0.8379092353041679,0.002471361163248907,0.08754275592730112,0.8099610887157981,0.00800883557836118,0.8099610887157981,True,True,False,False
36081059300,10,0.8379092353041679,0.002471361163248907,0.08754275592730112,0.8099610887157981,0.00800883557836118,0.8099610887157981,True,True,False,False
36081059400,10,0.8379092353041679,0.002471361163248907,0.08754275592730112,0.8099610887157981,0.00800883557836118,0.8099610887157981,True,True,False,False
36081059500,10,0.8379092353041679,0.002471361163248907,0.08754275592730112,0.8099610887157981,0.00800883557836118,0.8099610887157981,True,True,False,False
36081059600,10,0.8379092353041679,0.002471361163248907,0.08754275592730112,0.8099610887157981,0.00800883557836118,0.8099610887157981,True,True,False,False
36081059800,10,0.8379092353041679,0.002471361163248907,0.08754275592730112,0.8099610887157981,0.00800883557836118,0.8099610887157981,True,True,False,False
36081059900,10,0.8379092353041679,0.002471361163248907,0.08754275592730112,0.8099610887157981,0.00800883557836118,0.8099610887157981,True,True,False,False
36081060000,10,0.8379092353041679,0.002471361163248907,0.08754275592730112,0.8099610887157981,0.00800883557836118,0.8099610887157981,True,True,False,False
36081060100,10,0.8379092353041679,0.002471361163248907,0.08754275592730112,0.8099610887157981,0.00800883557836118,0.8099610887157981,True,True,False,False
36081060300,10,0.8379092353041679,0.002471361163248907,0.08754275592730112,0.8099610887157981,0.00800883557836118,0.8099610887157981,True,True,False,False
36081060600,10,0.8379092353041679,0.002471361163248907,0.08754275592730112,0.8099610887157981,0.00800883557836118,0.8099610887157981,True,True,False,False
36081060701,10,0.8379092353041679,0.002471361163248907,0.08754275592730112,0.8099610887157981,0.00800883557836118,0.8099610887157981,True,True,False,False
36081060800,10,0.8379092353041679,0.002471361163248907,0.08754275592730112,0.8099610887157981,0.00800883557836118,0.8099610887157981,True,True,False,False
36081061000,10,0.8379092353041679,0.002471361163248907,0.08754275592730112,0.8099610887157981,0.00800883557836118,0.8099610887157981,True,True,False,False
36081061200,10,0.8379092353041679,0.002471361163248907,0.08754275592730112,0.8099610887157981,0.00800883557836118,0.8099610887157981,True,True,False,False
36081061301,10,0.8379092353041679,0.002471361163248907,0.08754275592730112,0.8099610887157981,0.00800883557836118,0.8099610887157981,True,True,False,False
36081061302,10,0.8379092353041679,0.002471361163248907,0.08754275592730112,0.8099610887157981,0.00800883557836118,0.8099610887157981,True,True,False,False
36081061400,10,0.8379092353041679,0.002471361163248907,0.08754275592730112,0.8099610887157981,0.00800883557836118,0.8099610887157981,True,True,False,False
36081061601,10,0.8379092353041679,0.002471361163248907,0.08754275592730112,0.8099610887157981,0.00800883557836118,0.8099610887157981,True,True,False,False
36081061602,10,0.8379092353041679,0.002471361163248907,0.08754275592730112,0.8099610887157981,0.00800883557836118,0.8099610887157981,True,True,False,False
36081061800,10,0.8379092353041679,0.002471361163248907,0.08754275592730112,0.8099610887157981,0.00800883557836118,0.8099610887157981,True,True,False,False
36081061900,10,0.8379092353041679,0.002471361163248907,0.08754275592730112,0.8099610887157981,0.00800883557836118,0.8099610887157981,True,True,False,False
36081062000,10,0.8379092353041679,0.002471361163248907,0.08754275592730112,0.8099610887157981,0.00800883557836118,0.8099610887157981,True,True,False,False
36081062100,10,0.8379092353041679,0.002471361163248907,0.08754275592730112,0.8099610887157981,0.00800883557836118,0.8099610887157981,True,True,False,False
36081062200,10,0.8379092353041679,0.002471361163248907,0.08754275592730112,0.8099610887157981,0.00800883557836118,0.8099610887157981,True,True,False,False
36081062300,10,0.8379092353041679,0.002471361163248907,0.08754275592730112,0.8099610887157981,0.00800883557836118,0.8099610887157981,True,True,False,False
36081062400,10,0.8379092353041679,0.002471361163248907,0.08754275592730112,0.8099610887157981,0.00800883557836118,0.8099610887157981,True,True,False,False
36081062500,10,0.8379092353041679,0.002471361163248907,0.08754275592730112,0.8099610887157981,0.00800883557836118,0.8099610887157981,True,True,False,False
36081062600,10,0.8379092353041679,0.002471361163248907,0.08754275592730112,0.8099610887157981,0.00800883557836118,0.8099610887157981,True,True,False,False
36081062700,10,0.8379092353041679,0.002471361163248907,0.08754275592730112,0.8099610887157981,0.00800883557836118,0.8099610887157981,True,True,False,False
36081062900,10,0.8379092353041679,0.002471361163248907,0.08754275592730112,0.8099610887157981,0.00800883557836118,0.8099610887157981,True,True,False,False
36081063000,10,0.8379092353041679,0.002471361163248907,0.08754275592730112,0.8099610887157981,0.00800883557836118,0.8099610887157981,True,True,False,False
36081063200,10,0.8379092353041679,0.002471361163248907,0.08754275592730112,0.8099610887157981,0.00800883557836118,0.8099610887157981,True,True,False,False
36081063301,10,0.8379092353041679,0.002471361163248907,0.08754275592730112,0.8099610887157981,0.00800883557836118,0.8099610887157981,True,True,False,False
36081063302,10,0.8379092353041679,0.002471361163248907,0.08754275592730112,0.8099610887157981,0.00800883557836118,0.8099610887157981,True,True,False,False
36081063500,10,0.8379092353041679,0.002471361163248907,0.08754275592730112,0.8099610887157981,0.00800883557836118,0.8099610887157981,True,True,False,False
36081063700,10,0.8379092353041679,0.002471361163248907,0.08754275592730112,0.8099610887157981,0.00800883557836118,0.8099610887157981,True,True,False,False
36081063800,10,0.8379092353041679,0.002471361163248907,0.08754275592730112,0.8099610887157981,0.00800883557836118,0.8099610887157981,True,True,False,False
36081063900,10,0.8379092353041679,0.002471361163248907,0.08754275592730112,0.8099610887157981,0.00800883557836118,0.8099610887157981,True,True,False,False
36081064101,10,0.8379092353041679,0.002471361163248907,0.08754275592730112,0.8099610887157981,0.00800883557836118,0.8099610887157981,True,True,False,False
36081064102,10,0.8379092353041679,0.002471361163248907,0.08754275592730112,0.8099610887157981,0.00800883557836118,0.8099610887157981,True,True,False,False
36081064500,10,0.8379092353041679,0.002471361163248907,0.08754275592730112,0.8099610887157981,0.00800883557836118,0.8099610887157981,True,True,False,False
36081064600,10,0.8379092353041679,0.002471361163248907,0.08754275592730112,0.8099610887157981,0.00800883557836118,0.8099610887157981,True,True,False,False
36081065000,10,0.8379092353041679,0.002471361163248907,0.08754275592730112,0.8099610887157981,0.00800883557836118,0.8099610887157981,True,True,False,False
36081065400,10,0.8379092353041679,0.002471361163248907,0.08754275592730112,0.8099610887157981,0.00800883557836118,0.8099610887157981,True,True,False,False
36081065501,10,0.8379092353041679,0.002471361163248907,0.08754275592730112,0.8099610887157981,0.00800883557836118,0.8099610887157981,True,True,False,False
36081065600,10,0.8379092353041679,0.002471361163248907,0.08754275592730112,0.8099610887157981,0.00800883557836118,0.8099610887157981,True,True,False,False
36081065702,10,0.8379092353041679,0.002471361163248907,0.08754275592730112,0.8099610887157981,0.00800883557836118,0.8099610887157981,True,True,False,False
36081065703,10,0.8379092353041679,0.002471361163248907,0.08754275592730112,0.8099610887157981,0.00800883557836118,0.8099610887157981,True,True,False,False
36081065900,10,0.8379092353041679,0.002471361163248907,0.08754275592730112,0.8099610887157981,0.00800883557836118,0.8099610887157981,True,True,False,False
36081066000,10,0.8379092353041679,0.002471361163248907,0.08754275592730112,0.8099610887157981,0.00800883557836118,0.8099610887157981,True,True,False,False
36081066100,10,0.8379092353041679,0.002471361163248907,0.08754275592730112,0.8099610887157981,0.00800883557836118,0.8099610887157981,True,True,False,False
36081066300,10,0.8379092353041679,0.002471361163248907,0.08754275592730112,0.8099610887157981,0.00800883557836118,0.8099610887157981,True,True,False,False
36081066400,10,0.8379092353041679,0.002471361163248907,0.08754275592730112,0.8099610887157981,0.00800883557836118,0.8099610887157981,True,True,False,False
36081066501,10,0.8379092353041679,0.002471361163248907,0.08754275592730112,0.8099610887157981,0.00800883557836118,0.8099610887157981,True,True,False,False
36081066701,10,0.8379092353041679,0.002471361163248907,0.08754275592730112,0.8099610887157981,0.00800883557836118,0.8099610887157981,True,True,False,False
36081066900,10,0.8379092353041679,0.002471361163248907,0.08754275592730112,0.8099610887157981,0.00800883557836118,0.8099610887157981,True,True,False,False
36081067100,10,0.8379092353041679,0.002471361163248907,0.08754275592730112,0.8099610887157981,0.00800883557836118,0.8099610887157981,True,True,False,False
36081067700,10,0.8379092353041679,0.002471361163248907,0.08754275592730112,0.8099610887157981,0.00800883557836118,0.8099610887157981,True,True,False,False
36081067900,10,0.8379092353041679,0.002471361163248907,0.08754275592730112,0.8099610887157981,0.00800883557836118,0.8099610887157981,True,True,False,False
36081068000,10,0.8379092353041679,0.002471361163248907,0.08754275592730112,0.8099610887157981,0.00800883557836118,0.8099610887157981,True,True,False,False
36081068200,10,0.8379092353041679,0.002471361163248907,0.08754275592730112,0.8099610887157981,0.00800883557836118,0.8099610887157981,True,True,False,False
36081068300,10,0.8379092353041679,0.002471361163248907,0.08754275592730112,0.8099610887157981,0.00800883557836118,0.8099610887157981,True,True,False,False
36081068700,10,0.8379092353041679,0.002471361163248907,0.08754275592730112,0.8099610887157981,0.00800883557836118,0.8099610887157981,True,True,False,False
36081069000,10,0.8379092353041679,0.002471361163248907,0.08754275592730112,0.8099610887157981,0.00800883557836118,0.8099610887157981,True,True,False,False
36081069300,10,0.8379092353041679,0.002471361163248907,0.08754275592730112,0.8099610887157981,0.00800883557836118,0.8099610887157981,True,True,False,False
36081069400,10,0.8379092353041679,0.002471361163248907,0.08754275592730112,0.8099610887157981,0.00800883557836118,0.8099610887157981,True,True,False,False
36081069500,10,0.8379092353041679,0.002471361163248907,0.08754275592730112,0.8099610887157981,0.00800883557836118,0.8099610887157981,True,True,False,False
36081069701,10,0.8379092353041679,0.002471361163248907,0.08754275592730112,0.8099610887157981,0.00800883557836118,0.8099610887157981,True,True,False,False
36081069702,10,0.8379092353041679,0.002471361163248907,0.08754275592730112,0.8099610887157981,0.00800883557836118,0.8099610887157981,True,True,False,False
36081070300,10,0.8379092353041679,0.002471361163248907,0.08754275592730112,0.8099610887157981,0.00800883557836118,0.8099610887157981,True,True,False,False
36081070700,10,0.8379092353041679,0.002471361163248907,0.08754275592730112,0.8099610887157981,0.00800883557836118,0.8099610887157981,True,True,False,False
36081070900,10,0.8379092353041679,0.002471361163248907,0.08754275592730112,0.8099610887157981,0.00800883557836118,0.8099610887157981,True,True,False,False
36081071100,10,0.8379092353041679,0.002471361163248907,0.08754275592730112,0.8099610887157981,0.00800883557836118,0.8099610887157981,True,True,False,False
36081071303,10,0.8379092353041679,0.002471361163248907,0.08754275592730112,0.8099610887157981,0.00800883557836118,0.8099610887157981,True,True,False,False
36081071304,10,0.8379092353041679,0.002471361163248907,0.08754275592730112,0.8099610887157981,0.00800883557836118,0.8099610887157981,True,True,False,False
36081071305,10,0.8379092353041679,0.002471361163248907,0.08754275592730112,0.8099610887157981,0.00800883557836118,0.8099610887157981,True,True,False,False
36081071306,10,0.8379092353041679,0.002471361163248907,0.08754275592730112,0.8099610887157981,0.00800883557836118,0.8099610887157981,True,True,False,False
36081071600,10,0.8379092353041679,0.002471361163248907,0.08754275592730112,0.8099610887157981,0.00800883557836118,0.8099610887157981,True,True,False,False
36081071701,10,0.8379092353041679,0.002471361163248907,0.08754275592730112,0.8099610887157981,0.00800883557836118,0.8099610887157981,True,True,False,False
36081071702,10,0.8379092353041679,0.002471361163248907,0.08754275592730112,0.8099610887157981,0.00800883557836118,0.8099610887157981,True,True,False,False
36081071900,10,0.8379092353041679,0.002471361163248907,0.08754275592730112,0.8099610887157981,0.00800883557836118,0.8099610887157981,True,True,False,False
36081072100,10,0.8379092353041679,0.002471361163248907,0.08754275592730112,0.8099610887157981,0.00800883557836118,0.8099610887157981,True,True,False,False
36081072300,10,0.8379092353041679,0.002471361163248907,0.08754275592730112,0.8099610887157981,0.00800883557836118,0.8099610887157981,True,True,False,False
36081072900,10,0.8379092353041679,0.002471361163248907,0.08754275592730112,0.8099610887157981,0.00800883557836118,0.8099610887157981,True,True,False,False
36081073100,10,0.8379092353041679,0.002471361163248907,0.08754275592730112,0.8099610887157981,0.00800883557836118,0.8099610887157981,True,True,False,False
36081073700,10,0.8379092353041679,0.002471361163248907,0.08754275592730112,0.8099610887157981,0.00800883557836118,0.8099610887157981,True,True,False,False
36081073900,10,0.8379092353041679,0.002471361163248907,0.08754275592730112,0.8099610887157981,0.00800883557836118,0.8099610887157981,True,True,False,False
36081074100,10,0.8379092353041679,0.002471361163248907,0.08754275592730112,0.8099610887157981,0.00800883557836118,0.8099610887157981,True,True,False,False
36081074300,10,0.8379092353041679,0.002471361163248907,0.08754275592730112,0.8099610887157981,0.00800883557836118,0.8099610887157981,True,True,False,False
36081074500,10,0.8379092353041679,0.002471361163248907,0.08754275592730112,0.8099610887157981,0.00800883557836118,0.8099610887157981,True,True,False,False
36081074700,10,0.8379092353041679,0.002471361163248907,0.08754275592730112,0.8099610887157981,0.00800883557836118,0.8099610887157981,True,True,False,False
36081074900,10,0.8379092353041679,0.002471361163248907,0.08754275592730112,0.8099610887157981,0.00800883557836118,0.8099610887157981,True,True,False,False
36081075701,10,0.8379092353041679,0.002471361163248907,0.08754275592730112,0.8099610887157981,0.00800883557836118,0.8099610887157981,True,True,False,False
36081075702,10,0.8379092353041679,0.002471361163248907,0.08754275592730112,0.8099610887157981,0.00800883557836118,0.8099610887157981,True,True,False,False
36081076901,10,0.8379092353041679,0.002471361163248907,0.08754275592730112,0.8099610887157981,0.00800883557836118,0.8099610887157981,True,True,False,False
36081076902,10,0.8379092353041679,0.002471361163248907,0.08754275592730112,0.8099610887157981,0.00800883557836118,0.8099610887157981,True,True,False,False
36081077300,10,0.8379092353041679,0.002471361163248907,0.08754275592730112,0.8099610887157981,0.00800883557836118,0.8099610887157981,True,True,False,False
36081077500,10,0.8379092353041679,0.002471361163248907,0.08754275592730112,0.8099610887157981,0.00800883557836118,0.8099610887157981,True,True,False,False
36081077902,10,0.8379092353041679,0.002471361163248907,0.08754275592730112,0.8099610887157981,0.00800883557836118,0.8099610887157981,True,True,False,False
36081077903,10,0.8379092353041679,0.002471361163248907,0.08754275592730112,0.8099610887157981,0.00800883557836118,0.8099610887157981,True,True,False,False
36081077904,10,0.8379092353041679,0.002471361163248907,0.08754275592730112,0.8099610887157981,0.00800883557836118,0.8099610887157981,True,True,False,False
36081077905,10,0.8379092353041679,0.002471361163248907,0.08754275592730112,0.8099610887157981,0.00800883557836118,0.8099610887157981,True,True,False,False
36081077906,10,0.8379092353041679,0.002471361163248907,0.08754275592730112,0.8099610887157981,0.00800883557836118,0.8099610887157981,True,True,False,False
36081077907,10,0.8379092353041679,0.002471361163248907,0.08754275592730112,0.8099610887157981,0.00800883557836118,0.8099610887157981,True,True,False,False
36081077908,10,0.8379092353041679,0.002471361163248907,0.08754275592730112,0.8099610887157981,0.00800883557836118,0.8099610887157981,True,True,False,False
36081078800,10,0.8379092353041679,0.002471361163248907,0.08754275592730112,0.8099610887157981,0.00800883557836118,0.8099610887157981,True,True,False,False
36081079000,10,0.8379092353041679,0.002471361163248907,0.08754275592730112,0.8099610887157981,0.00800883557836118,0.8099610887157981,True,True,False,False
36081079200,10,0.8379092353041679,0.002471361163248907,0.08754275592730112,0.8099610887157981,0.00800883557836118,0.8099610887157981,True,True,False,False
36081079300,10,0.8379092353041679,0.002471361163248907,0.08754275592730112,0.8099610887157981,0.00800883557836118,0.8099610887157981,True,True,False,False
36081079701,10,0.8379092353041679,0.002471361163248907,0.08754275592730112,0.8099610887157981,0.00800883557836118,0.8099610887157981,True,True,False,False
36081079702,10,0.8379092353041679,0.002471361163248907,0.08754275592730112,0.8099610887157981,0.00800883557836118,0.8099610887157981,True,True,False,False
36081079900,10,0.8379092353041679,0.002471361163248907,0.08754275592730112,0.8099610887157981,0.00800883557836118,0.8099610887157981,True,True,False,False
36081080301,10,0.8379092353041679,0.002471361163248907,0.08754275592730112,0.8099610887157981,0.00800883557836118,0.8099610887157981,True,True,False,False
36081080302,10,0.8379092353041679,0.002471361163248907,0.08754275592730112,0.8099610887157981,0.00800883557836118,0.8099610887157981,True,True,False,False
36081080900,10,0.8379092353041679,0.002471361163248907,0.08754275592730112,0.8099610887157981,0.00800883557836118,0.8099610887157981,True,True,False,False
36081081400,10,0.8379092353041679,0.002471361163248907,0.08754275592730112,0.8099610887157981,0.00800883557836118,0.8099610887157981,True,True,False,False
36081081800,10,0.8379092353041679,0.002471361163248907,0.08754275592730112,0.8099610887157981,0.00800883557836118,0.8099610887157981,True,True,False,False
36081083700,10,0.8379092353041679,0.002471361163248907,0.08754275592730112,0.8099610887157981,0.00800883557836118,0.8099610887157981,True,True,False,False
36081083800,10,0.8379092353041679,0.002471361163248907,0.08754275592730112,0.8099610887157981,0.00800883557836118,0.8099610887157981,True,True,False,False
36081084000,10,0.8379092353041679,0.002471361163248907,0.08754275592730112,0.8099610887157981,0.00800883557836118,0.8099610887157981,True,True,False,False
36081084500,10,0.8379092353041679,0.002471361163248907,0.08754275592730112,0.8099610887157981,0.00800883557836118,0.8099610887157981,True,True,False,False
36081084601,10,0.8379092353041679,0.002471361163248907,0.08754275592730112,0.8099610887157981,0.00800883557836118,0.8099610887157981,True,True,False,False
36081084602,10,0.8379092353041679,0.002471361163248907,0.08754275592730112,0.8099610887157981,0.00800883557836118,0.8099610887157981,True,True,False,False
36081084900,10,0.8379092353041679,0.002471361163248907,0.08754275592730112,0.8099610887157981,0.00800883557836118,0.8099610887157981,True,True,False,False
36081085300,10,0.8379092353041679,0.002471361163248907,0.08754275592730112,0.8099610887157981,0.00800883557836118,0.8099610887157981,True,True,False,False
36081085500,10,0.8379092353041679,0.002471361163248907,0.08754275592730112,0.8099610887157981,0.00800883557836118,0.8099610887157981,True,True,False,False
36081085700,10,0.8379092353041679,0.002471361163248907,0.08754275592730112,0.8099610887157981,0.00800883557836118,0.8099610887157981,True,True,False,False
36081085900,10,0.8379092353041679,0.002471361163248907,0.08754275592730112,0.8099610887157981,0.00800883557836118,0.8099610887157981,True,True,False,False
36081086100,10,0.8379092353041679,0.002471361163248907,0.08754275592730112,0.8099610887157981,0.00800883557836118,0.8099610887157981,True,True,False,False
36081086300,10,0.8379092353041679,0.002471361163248907,0.08754275592730112,0.8099610887157981,0.00800883557836118,0.8099610887157981,True,True,False,False
36081086400,10,0.8379092353041679,0.002471361163248907,0.08754275592730112,0.8099610887157981,0.00800883557836118,0.8099610887157981,True,True,False,False
36081086500,10,0.8379092353041679,0.002471361163248907,0.08754275592730112,0.8099610887157981,0.00800883557836118,0.8099610887157981,True,True,False,False
36081086900,10,0.8379092353041679,0.002471361163248907,0.08754275592730112,0.8099610887157981,0.00800883557836118,0.8099610887157981,True,True,False,False
36081087100,10,0.8379092353041679,0.002471361163248907,0.08754275592730112,0.8099610887157981,0.00800883557836118,0.8099610887157981,True,True,False,False
36081088400,10,0.8379092353041679,0.002471361163248907,0.08754275592730112,0.8099610887157981,0.00800883557836118,0.8099610887157981,True,True,False,False
36081088901,10,0.8379092353041679,0.002471361163248907,0.08754275592730112,0.8099610887157981,0.00800883557836118,0.8099610887157981,True,True,False,False
36081089200,10,0.8379092353041679,0.002471361163248907,0.08754275592730112,0.8099610887157981,0.00800883557836118,0.8099610887157981,True,True,False,False
36081090700,10,0.8379092353041679,0.002471361163248907,0.08754275592730112,0.8099610887157981,0.00800883557836118,0.8099610887157981,True,True,False,False
36081091601,10,0.8379092353041679,0.002471361163248907,0.08754275592730112,0.8099610887157981,0.00800883557836118,0.8099610887157981,True,True,False,False
36081091602,10,0.8379092353041679,0.002471361163248907,0.08754275592730112,0.8099610887157981,0.00800883557836118,0.8099610887157981,True,True,False,False
36081091800,10,0.8379092353041679,0.002471361163248907,0.08754275592730112,0.8099610887157981,0.00800883557836118,0.8099610887157981,True,True,False,False
36081091900,10,0.8379092353041679,0.002471361163248907,0.08754275592730112,0.8099610887157981,0.00800883557836118,0.8099610887157981,True,True,False,False
36081092200,10,0.8379092353041679,0.002471361163248907,0.08754275592730112,0.8099610887157981,0.00800883557836118,0.8099610887157981,True,True,False,False
36081092500,10,0.8379092353041679,0.002471361163248907,0.08754275592730112,0.8099610887157981,0.00800883557836118,0.8099610887157981,True,True,False,False
36081092800,10,0.8379092353041679,0.002471361163248907,0.08754275592730112,0.8099610887157981,0.00800883557836118,0.8099610887157981,True,True,False,False
36081092900,10,0.8379092353041679,0.002471361163248907,0.08754275592730112,0.8099610887157981,0.00800883557836118,0.8099610887157981,True,True,False,False
36081093401,10,0.8379092353041679,0.002471361163248907,0.08754275592730112,0.8099610887157981,0.00800883557836118,0.8099610887157981,True,True,False,False
36081093402,10,0.8379092353041679,0.002471361163248907,0.08754275592730112,0.8099610887157981,0.00800883557836118,0.8099610887157981,True,True,False,False
36081093800,10,0.8379092353041679,0.002471361163248907,0.08754275592730112,0.8099610887157981,0.00800883557836118,0.8099610887157981,True,True,False,False
36081093900,10,0.8379092353041679,0.002471361163248907,0.08754275592730112,0.8099610887157981,0.00800883557836118,0.8099610887157981,True,True,False,False
36081094201,10,0.8379092353041679,0.002471361163248907,0.08754275592730112,0.8099610887157981,0.00800883557836118,0.8099610887157981,True,True,False,False
36081094202,10,0.8379092353041679,0.002471361163248907,0.08754275592730112,0.8099610887157981,0.00800883557836118,0.8099610887157981,True,True,False,False
36081094203,10,0.8379092353041679,0.002471361163248907,0.08754275592730112,0.8099610887157981,0.00800883557836118,0.8099610887157981,True,True,False,False
36081094500,10,0.8379092353041679,0.002471361163248907,0.08754275592730112,0.8099610887157981,0.00800883557836118,0.8099610887157981,True,True,False,False
36081094700,10,0.8379092353041679,0.002471361163248907,0.08754275592730112,0.8099610887157981,0.00800883557836118,0.8099610887157981,True,True,False,False
36081095400,10,0.8379092353041679,0.002471361163248907,0.08754275592730112,0.8099610887157981,0.00800883557836118,0.8099610887157981,True,True,False,False
36081096400,10,0.8379092353041679,0.002471361163248907,0.08754275592730112,0.8099610887157981,0.00800883557836118,0.8099610887157981,True,True,False,False
36081097202,10,0.8379092353041679,0.002471361163248907,0.08754275592730112,0.8099610887157981,0.00800883557836118,0.8099610887157981,True,True,False,False
36081097203,10,0.8379092353041679,0.002471361163248907,0.08754275592730112,0.8099610887157981,0.00800883557836118,0.8099610887157981,True,True,False,False
36081097204,10,0.8379092353041679,0.002471361163248907,0.08754275592730112,0.8099610887157981,0.00800883557836118,0.8099610887157981,True,True,False,False
36081097300,10,0.8379092353041679,0.002471361163248907,0.08754275592730112,0.8099610887157981,0.00800883557836118,0.8099610887157981,True,True,False,False
36081098100,10,0.8379092353041679,0.002471361163248907,0.08754275592730112,0.8099610887157981,0.00800883557836118,0.8099610887157981,True,True,False,False
36081098700,10,0.8379092353041679,0.002471361163248907,0.08754275592730112,0.8099610887157981,0.00800883557836118,0.8099610887157981,True,True,False,False
36081099100,10,0.8379092353041679,0.002471361163248907,0.08754275592730112,0.8099610887157981,0.00800883557836118,0.8099610887157981,True,True,False,False
36081099200,10,0.8379092353041679,0.002471361163248907,0.08754275592730112,0.8099610887157981,0.00800883557836118,0.8099610887157981,True,True,False,False
36081099701,10,0.8379092353041679,0.002471361163248907,0.08754275592730112,0.8099610887157981,0.00800883557836118,0.8099610887157981,True,True,False,False
36081099703,10,0.8379092353041679,0.002471361163248907,0.08754275592730112,0.8099610887157981,0.00800883557836118,0.8099610887157981,True,True,False,False
36081099704,10,0.8379092353041679,0.002471361163248907,0.08754275592730112,0.8099610887157981,0.00800883557836118,0.8099610887157981,True,True,False,False
36081099705,10,0.8379092353041679,0.002471361163248907,0.08754275592730112,0.8099610887157981,0.00800883557836118,0.8099610887157981,True,True,False,False
36081099801,10,0.8379092353041679,0.002471361163248907,0.08754275592730112,0.8099610887157981,0.00800883557836118,0.8099610887157981,True,True,False,False
36081099802,10,0.8379092353041679,0.002471361163248907,0.08754275592730112,0.8099610887157981,0.00800883557836118,0.8099610887157981,True,True,False,False
36081099900,10,0.8379092353041679,0.002471361163248907,0.08754275592730112,0.8099610887157981,0.00800883557836118,0.8099610887157981,True,True,False,False
36081100801,10,0.8379092353041679,0.002471361163248907,0.08754275592730112,0.8099610887157981,0.00800883557836118,0.8099610887157981,True,True,False,False
36081100802,10,0.8379092353041679,0.002471361163248907,0.08754275592730112,0.8099610887157981,0.00800883557836118,0.8099610887157981,True,True,False,False
36081101001,10,0.8379092353041679,0.002471361163248907,0.08754275592730112,0.8099610887157981,0.00800883557836118,0.8099610887157981,True,True,False,False
36081101002,10,0.8379092353041679,0.002471361163248907,0.08754275592730112,0.8099610887157981,0.00800883557836118,0.8099610887157981,True,True,False,False
36081101700,10,0.8379092353041679,0.002471361163248907,0.08754275592730112,0.8099610887157981,0.00800883557836118,0.8099610887157981,True,True,False,False
36081102900,10,0.8379092353041679,0.002471361163248907,0.08754275592730112,0.8099610887157981,0.00800883557836118,0.8099610887157981,True,True,False,False
36081103201,10,0.8379092353041679,0.002471361163248907,0.08754275592730112,0.8099610887157981,0.00800883557836118,0.8099610887157981,True,True,False,False
36081103202,10,0.8379092353041679,0.002471361163248907,0.08754275592730112,0.8099610887157981,0.00800883557836118,0.8099610887157981,True,True,False,False
36081103300,10,0.8379092353041679,0.002471361163248907,0.08754275592730112,0.8099610887157981,0.00800883557836118,0.8099610887157981,True,True,False,False
36081103900,10,0.8379092353041679,0.002471361163248907,0.08754275592730112,0.8099610887157981,0.00800883557836118,0.8099610887157981,True,True,False,False
36081104700,10,0.8379092353041679,0.002471361163248907,0.08754275592730112,0.8099610887157981,0.00800883557836118,0.8099610887157981,True,True,False,False
36081105900,10,0.8379092353041679,0.002471361163248907,0.08754275592730112,0.8099610887157981,0.00800883557836118,0.8099610887157981,True,True,False,False
36081107201,10,0.8379092353041679,0.002471361163248907,0.08754275592730112,0.8099610887157981,0.00800883557836118,0.8099610887157981,True,True,False,False
36081107202,10,0.8379092353041679,0.002471361163248907,0.08754275592730112,0.8099610887157981,0.00800883557836118,0.8099610887157981,True,True,False,False
36081108500,10,0.8379092353041679,0.002471361163248907,0.08754275592730112,0.8099610887157981,0.00800883557836118,0.8099610887157981,True,True,False,False
36081109300,10,0.8379092353041679,0.002471361163248907,0.08754275592730112,0.8099610887157981,0.00800883557836118,0.8099610887157981,True,True,False,False
36081109700,10,0.8379092353041679,0.002471361163248907,0.08754275592730112,0.8099610887157981,0.00800883557836118,0.8099610887157981,True,True,False,False
36081109900,10,0.8379092353041679,0.002471361163248907,0.08754275592730112,0.8099610887157981,0.00800883557836118,0.8099610887157981,True,True,False,False
36081111300,10,0.8379092353041679,0.002471361163248907,0.08754275592730112,0.8099610887157981,0.00800883557836118,0.8099610887157981,True,True,False,False
36081112300,10,0.8379092353041679,0.002471361163248907,0.08754275592730112,0.8099610887157981,0.00800883557836118,0.8099610887157981,True,True,False,False
36081112900,10,0.8379092353041679,0.002471361163248907,0.08754275592730112,0.8099610887157981,0.00800883557836118,0.8099610887157981,True,True,False,False
36081113300,10,0.8379092353041679,0.002471361163248907,0.08754275592730112,0.8099610887157981,0.00800883557836118,0.8099610887157981,True,True,False,False
36081113900,10,0.8379092353041679,0.002471361163248907,0.08754275592730112,0.8099610887157981,0.00800883557836118,0.8099610887157981,True,True,False,False
36081114100,10,0.8379092353041679,0.002471361163248907,0.08754275592730112,0.8099610887157981,0.00800883557836118,0.8099610887157981,True,True,False,False
36081114700,10,0.8379092353041679,0.002471361163248907,0.08754275592730112,0.8099610887157981,0.00800883557836118,0.8099610887157981,True,True,False,False
36081115100,10,0.8379092353041679,0.002471361163248907,0.08754275592730112,0.8099610887157981,0.00800883557836118,0.8099610887157981,True,True,False,False
36081115500,10,0.8379092353041679,0.002471361163248907,0.08754275592730112,0.8099610887157981,0.00800883557836118,0.8099610887157981,True,True,False,False
36081115700,10,0.8379092353041679,0.002471361163248907,0.08754275592730112,0.8099610887157981,0.00800883557836118,0.8099610887157981,True,True,False,False
36081115900,10,0.8379092353041679,0.002471361163248907,0.08754275592730112,0.8099610887157981,0.00800883557836118,0.8099610887157981,True,True,False,False
36081116100,10,0.8379092353041679,0.002471361163248907,0.08754275592730112,0.8099610887157981,0.00800883557836118,0.8099610887157981,True,True,False,False
36081116300,10,0.8379092353041679,0.002471361163248907,0.08754275592730112,0.8099610887157981,0.00800883557836118,0.8099610887157981,True,True,False,False
36081116700,10,0.8379092353041679,0.002471361163248907,0.08754275592730112,0.8099610887157981,0.00800883557836118,0.8099610887157981,True,True,False,False
36081117100,10,0.8379092353041679,0.002471361163248907,0.08754275592730112,0.8099610887157981,0.00800883557836118,0.8099610887157981,True,True,False,False
36081117500,10,0.8379092353041679,0.002471361163248907,0.08754275592730112,0.8099610887157981,0.00800883557836118,0.8099610887157981,True,True,False,False
36081118100,10,0.8379092353041679,0.002471361163248907,0.08754275592730112,0.8099610887157981,0.00800883557836118,0.8099610887157981,True,True,False,False
36081118500,10,0.8379092353041679,0.002471361163248907,0.08754275592730112,0.8099610887157981,0.00800883557836118,0.8099610887157981,True,True,False,False
36081118700,10,0.8379092353041679,0.002471361163248907,0.08754275592730112,0.8099610887157981,0.00800883557836118,0.8099610887157981,True,True,False,False
36081118900,10,0.8379092353041679,0.002471361163248907,0.08754275592730112,0.8099610887157981,0.00800883557836118,0.8099610887157981,True,True,False,False
36081119100,10,0.8379092353041679,0.002471361163248907,0.08754275592730112,0.8099610887157981,0.00800883557836118,0.8099610887157981,True,True,False,False
36081119300,10,0.8379092353041679,0.002471361163248907,0.08754275592730112,0.8099610887157981,0.00800883557836118,0.8099610887157981,True,True,False,False
36081119500,10,0.8379092353041679,0.002471361163248907,0.08754275592730112,0.8099610887157981,0.00800883557836118,0.8099610887157981,True,True,False,False
36081119900,10,0.8379092353041679,0.002471361163248907,0.08754275592730112,0.8099610887157981,0.00800883557836118,0.8099610887157981,True,True,False,False
36081120100,10,0.8379092353041679,0.002471361163248907,0.08754275592730112,0.8099610887157981,0.00800883557836118,0.8099610887157981,True,True,False,False
36081120300,10,0.8379092353041679,0.002471361163248907,0.08754275592730112,0.8099610887157981,0.00800883557836118,0.8099610887157981,True,True,False,False
36081120500,10,0.8379092353041679,0.002471361163248907,0.08754275592730112,0.8099610887157981,0.00800883557836118,0.8099610887157981,True,True,False,False
36081120700,10,0.8379092353041679,0.002471361163248907,0.08754275592730112,0.8099610887157981,0.00800883557836118,0.8099610887157981,True,True,False,False
36081121100,10,0.8379092353041679,0.002471361163248907,0.08754275592730112,0.8099610887157981,0.00800883557836118,0.8099610887157981,True,True,False,False
36081121500,10,0.8379092353041679,0.002471361163248907,0.08754275592730112,0.8099610887157981,0.00800883557836118,0.8099610887157981,True,True,False,False
36081122300,10,0.8379092353041679,0.002471361163248907,0.08754275592730112,0.8099610887157981,0.00800883557836118,0.8099610887157981,True,True,False,False
36081122701,10,0.8379092353041679,0.002471361163248907,0.08754275592730112,0.8099610887157981,0.00800883557836118,0.8099610887157981,True,True,False,False
36081122702,10,0.8379092353041679,0.002471361163248907,0.08754275592730112,0.8099610887157981,0.00800883557836118,0.8099610887157981,True,True,False,False
36081124100,10,0.8379092353041679,0.002471361163248907,0.08754275592730112,0.8099610887157981,0.00800883557836118,0.8099610887157981,True,True,False,False
36081124700,10,0.8379092353041679,0.002471361163248907,0.08754275592730112,0.8099610887157981,0.00800883557836118,0.8099610887157981,True,True,False,False
36081125700,10,0.8379092353041679,0.002471361163248907,0.08754275592730112,0.8099610887157981,0.00800883557836118,0.8099610887157981,True,True,False,False
36081126500,10,0.8379092353041679,0.002471361163248907,0.08754275592730112,0.8099610887157981,0.00800883557836118,0.8099610887157981,True,True,False,False
36081126700,10,0.8379092353041679,0.002471361163248907,0.08754275592730112,0.8099610887157981,0.00800883557836118,0.8099610887157981,True,True,False,False
36081127700,10,0.8379092353041679,0.002471361163248907,0.08754275592730112,0.8099610887157981,0.00800883557836118,0.8099610887157981,True,True,False,False
36081128300,10,0.8379092353041679,0.002471361163248907,0.08754275592730112,0.8099610887157981,0.00800883557836118,0.8099610887157981,True,True,False,False
36081129102,10,0.8379092353041679,0.002471361163248907,0.08754275592730112,0.8099610887157981,0.00800883557836118,0.8099610887157981,True,True,False,False
36081129103,10,0.8379092353041679,0.002471361163248907,0.08754275592730112,0.8099610887157981,0.00800883557836118,0.8099610887157981,True,True,False,False
36081129104,10,0.8379092353041679,0.002471361163248907,0.08754275592730112,0.8099610887157981,0.00800883557836118,0.8099610887157981,True,True,False,False
36081130100,10,0.8379092353041679,0.002471361163248907,0.08754275592730112,0.8099610887157981,0.00800883557836118,0.8099610887157981,True,True,False,False
36081133300,10,0.8379092353041679,0.002471361163248907,0.08754275592730112,0.8099610887157981,0.00800883557836118,0.8099610887157981,True,True,False,False
36081133900,10,0.8379092353041679,0.002471361163248907,0.08754275592730112,0.8099610887157981,0.00800883557836118,0.8099610887157981,True,True,False,False
36081134100,10,0.8379092353041679,0.002471361163248907,0.08754275592730112,0.8099610887157981,0.00800883557836118,0.8099610887157981,True,True,False,False
36081134700,10,0.8379092353041679,0.002471361163248907,0.08754275592730112,0.8099610887157981,0.00800883557836118,0.8099610887157981,True,True,False,False
36081136700,10,0.8379092353041679,0.002471361163248907,0.08754275592730112,0.8099610887157981,0.00800883557836118,0.8099610887157981,True,True,False,False
36081137700,10,0.8379092353041679,0.002471361163248907,0.08754275592730112,0.8099610887157981,0.00800883557836118,0.8099610887157981,True,True,False,False
36081138501,10,0.8379092353041679,0.002471361163248907,0.08754275592730112,0.8099610887157981,0.00800883557836118,0.8099610887157981,True,True,False,False
36081138502,10,0.8379092353041679,0.002471361163248907,0.08754275592730112,0.8099610887157981,0.00800883557836118,0.8099610887157981,True,True,False,False
36081139900,10,0.8379092353041679,0.002471361163248907,0.08754275592730112,0.8099610887157981,0.00800883557836118,0.8099610887157981,True,True,False,False
36081140300,10,0.8379092353041679,0.002471361163248907,0.08754275592730112,0.8099610887157981,0.00800883557836118,0.8099610887157981,True,True,False,False
36081140901,10,0.8379092353041679,0.002471361163248907,0.08754275592730112,0.8099610887157981,0.00800883557836118,0.8099610887157981,True,True,False,False
36081140902,10,0.8379092353041679,0.002471361163248907,0.08754275592730112,0.8099610887157981,0.00800883557836118,0.8099610887157981,True,True,False,False
36081141700,10,0.8379092353041679,0.002471361163248907,0.08754275592730112,0.8099610887157981,0.00800883557836118,0.8099610887157981,True,True,False,False
36081142900,10,0.8379092353041679,0.002471361163248907,0.08754275592730112,0.8099610887157981,0.00800883557836118,0.8099610887157981,True,True,False,False
36081143500,10,0.8379092353041679,0.002471361163248907,0.08754275592730112,0.8099610887157981,0.00800883557836118,0.8099610887157981,True,True,False,False
36081144100,10,0.8379092353041679,0.002471361163248907,0.08754275592730112,0.8099610887157981,0.00800883557836118,0.8099610887157981,True,True,False,False
36081144700,10,0.8379092353041679,0.002471361163248907,0.08754275592730112,0.8099610887157981,0.00800883557836118,0.8099610887157981,True,True,False,False
36081145101,10,0.8379092353041679,0.002471361163248907,0.08754275592730112,0.8099610887157981,0.00800883557836118,0.8099610887157981,True,True,False,False
36081145102,10,0.8379092353041679,0.002471361163248907,0.08754275592730112,0.8099610887157981,0.00800883557836118,0.8099610887157981,True,True,False,False
36081145900,10,0.8379092353041679,0.002471361163248907,0.08754275592730112,0.8099610887157981,0.00800883557836118,0.8099610887157981,True,True,False,False
36081146300,10,0.8379092353041679,0.002471361163248907,0.08754275592730112,0.8099610887157981,0.00800883557836118,0.8099610887157981,True,True,False,False
36081146700,10,0.8379092353041679,0.002471361163248907,0.08754275592730112,0.8099610887157981,0.00800883557836118,0.8099610887157981,True,True,False,False
36081147100,10,0.8379092353041679,0.002471361163248907,0.08754275592730112,0.8099610887157981,0.00800883557836118,0.8099610887157981,True,True,False,False
36081147900,10,0.8379092353041679,0.002471361163248907,0.08754275592730112,0.8099610887157981,0.00800883557836118,0.8099610887157981,True,True,False,False
36081148300,10,0.8379092353041679,0.002471361163248907,0.08754275592730112,0.8099610887157981,0.00800883557836118,0.8099610887157981,True,True,False,False
36081150701,10,0.8379092353041679,0.002471361163248907,0.08754275592730112,0.8099610887157981,0.00800883557836118,0.8099610887157981,True,True,False,False
36081150702,10,0.8379092353041679,0.002471361163248907,0.08754275592730112,0.8099610887157981,0.00800883557836118,0.8099610887157981,True,True,False,False
36081152901,10,0.8379092353041679,0.002471361163248907,0.08754275592730112,0.8099610887157981,0.00800883557836118,0.8099610887157981,True,True,False,False
36081152902,10,0.8379092353041679,0.002471361163248907,0.08754275592730112,0.8099610887157981,0.00800883557836118,0.8099610887157981,True,True,False,False
36081155101,10,0.8379092353041679,0.002471361163248907,0.08754275592730112,0.8099610887157981,0.00800883557836118,0.8099610887157981,True,True,False,False
36081155102,10,0.8379092353041679,0.002471361163248907,0.08754275592730112,0.8099610887157981,0.00800883557836118,0.8099610887157981,True,True,False,False
36081156700,10,0.8379092353041679,0.002471361163248907,0.08754275592730112,0.8099610887157981,0.00800883557836118,0.8099610887157981,True,True,False,False
36081157101,10,0.8379092353041679,0.002471361163248907,0.08754275592730112,0.8099610887157981,0.00800883557836118,0.8099610887157981,True,True,False,False
36081157102,10,0.8379092353041679,0.002471361163248907,0.08754275592730112,0.8099610887157981,0.00800883557836118,0.8099610887157981,True,True,False,False
36081157901,10,0.8379092353041679,0.002471361163248907,0.08754275592730112,0.8099610887157981,0.00800883557836118,0.8099610887157981,True,True,False,False
36081157902,10,0.8379092353041679,0.002471361163248907,0.08754275592730112,0.8099610887157981,0.00800883557836118,0.8099610887157981,True,True,False,False
36081157903,10,0.8379092353041679,0.002471361163248907,0.08754275592730112,0.8099610887157981,0.00800883557836118,0.8099610887157981,True,True,False,False
36081161700,10,0.8379092353041679,0.002471361163248907,0.08754275592730112,0.8099610887157981,0.00800883557836118,0.8099610887157981,True,True,False,False
36081162100,10,0.8379092353041679,0.002471361163248907,0.08754275592730112,0.8099610887157981,0.00800883557836118,0.8099610887157981,True,True,False,False
36081990100,10,0.8379092353041679,0.002471361163248907,0.08754275592730112,0.8099610887157981,0.00800883557836118,0.8099610887157981,True,True,False,False
36085000300,9,0.6881023532039754,0.040457424276489636,0.41459249461708664,0.2672161290291584,0.06362755094191284,0.784992639207609,False,False,False,False
36085000600,9,0.6881023532039754,0.040457424276489636,0.41459249461708664,0.2672161290291584,0.06362755094191284,0.784992639207609,False,False,False,False
36085000700,9,0.6881023532039754,0.040457424276489636,0.41459249461708664,0.2672161290291584,0.06362755094191284,0.784992639207609,False,False,False,False
36085000800,9,0.6881023532039754,0.040457424276489636,0.41459249461708664,0.2672161290291584,0.06362755094191284,0.784992639207609,False,False,False,False
36085000900,9,0.6881023532039754,0.040457424276489636,0.41459249461708664,0.2672161290291584,0.06362755094191284,0.784992639207609,False,False,False,False
36085001100,9,0.6881023532039754,0.040457424276489636,0.41459249461708664,0.2672161290291584,0.06362755094191284,0.784992639207609,False,False,False,False
36085001700,9,0.6881023532039754,0.040457424276489636,0.41459249461708664,0.2672161290291584,0.06362755094191284,0.784992639207609,False,False,False,False
36085001800,9,0.6881023532039754,0.040457424276489636,0.41459249461708664,0.2672161290291584,0.06362755094191284,0.784992639207609,False,False,False,False
36085002001,9,0.6881023532039754,0.040457424276489636,0.41459249461708664,0.2672161290291584,0.06362755094191284,0.784992639207609,False,False,False,False
36085002002,9,0.6881023532039754,0.040457424276489636,0.41459249461708664,0.2672161290291584,0.06362755094191284,0.784992639207609,False,False,False,False
36085002100,9,0.6881023532039754,0.040457424276489636,0.41459249461708664,0.2672161290291584,0.06362755094191284,0.784992639207609,False,False,False,False
36085002700,9,0.6881023532039754,0.040457424276489636,0.41459249461708664,0.2672161290291584,0.06362755094191284,0.784992639207609,False,False,False,False
36085002900,9,0.6881023532039754,0.040457424276489636,0.41459249461708664,0.2672161290291584,0.06362755094191284,0.784992639207609,False,False,False,False
36085003300,9,0.6881023532039754,0.040457424276489636,0.41459249461708664,0.2672161290291584,0.06362755094191284,0.784992639207609,False,False,False,False
36085003600,9,0.6881023532039754,0.040457424276489636,0.41459249461708664,0.2672161290291584,0.06362755094191284,0.784992639207609,False,False,False,False
36085003900,9,0.6881023532039754,0.040457424276489636,0.41459249461708664,0.2672161290291584,0.06362755094191284,0.784992639207609,False,False,False,False
36085004000,9,0.6881023532039754,0.040457424276489636,0.41459249461708664,0.2672161290291584,0.06362755094191284,0.784992639207609,False,False,False,False
36085004700,9,0.6881023532039754,0.040457424276489636,0.41459249461708664,0.2672161290291584,0.06362755094191284,0.784992639207609,False,False,False,False
36085005000,9,0.6881023532039754,0.040457424276489636,0.41459249461708664,0.2672161290291584,0.06362755094191284,0.784992639207609,False,False,False,False
36085005900,9,0.6881023532039754,0.040457424276489636,0.41459249461708664,0.2672161290291584,0.06362755094191284,0.784992639207609,False,False,False,False
36085006400,9,0.6881023532039754,0.040457424276489636,0.41459249461708664,0.2672161290291584,0.06362755094191284,0.784992639207609,False,False,False,False
36085006700,9,0.6881023532039754,0.040457424276489636,0.41459249461708664,0.2672161290291584,0.06362755094191284,0.784992639207609,False,False,False,False
36085007000,9,0.6881023532039754,0.040457424276489636,0.41459249461708664,0.2672161290291584,0.06362755094191284,0.784992639207609,False,False,False,False
36085007400,9,0.6881023532039754,0.040457424276489636,0.41459249461708664,0.2672161290291584,0.06362755094191284,0.784992639207609,False,False,False,False
36085007500,9,0.6881023532039754,0.040457424276489636,0.41459249461708664,0.2672161290291584,0.06362755094191284,0.784992639207609,False,False,False,False
36085007700,9,0.6881023532039754,0.040457424276489636,0.41459249461708664,0.2672161290291584,0.06362755094191284,0.784992639207609,False,False,False,False
36085008100,9,0.6881023532039754,0.040457424276489636,0.41459249461708664,0.2672161290291584,0.06362755094191284,0.784992639207609,False,False,False,False
36085008900,9,0.6881023532039754,0.040457424276489636,0.41459249461708664,0.2672161290291584,0.06362755094191284,0.784992639207609,False,False,False,False
36085009601,9,0.6881023532039754,0.040457424276489636,0.41459249461708664,0.2672161290291584,0.06362755094191284,0.784992639207609,False,False,False,False
36085009602,9,0.6881023532039754,0.040457424276489636,0.41459249461708664,0.2672161290291584,0.06362755094191284,0.784992639207609,False,False,False,False
36085009700,9,0.6881023532039754,0.040457424276489636,0.41459249461708664,0.2672161290291584,0.06362755094191284,0.784992639207609,False,False,False,False
36085010500,9,0.6881023532039754,0.040457424276489636,0.41459249461708664,0.2672161290291584,0.06362755094191284,0.784992639207609,False,False,False,False
36085011201,9,0.6881023532039754,0.040457424276489636,0.41459249461708664,0.2672161290291584,0.06362755094191284,0.784992639207609,False,False,False,False
36085011202,9,0.6881023532039754,0.040457424276489636,0.41459249461708664,0.2672161290291584,0.06362755094191284,0.784992639207609,False,False,False,False
36085011401,9,0.6881023532039754,0.040457424276489636,0.41459249461708664,0.2672161290291584,0.06362755094191284,0.784992639207609,False,False,False,False
36085011402,9,0.6881023532039754,0.040457424276489636,0.41459249461708664,0.2672161290291584,0.06362755094191284,0.784992639207609,False,False,False,False
36085012100,9,0.6881023532039754,0.040457424276489636,0.41459249461708664,0.2672161290291584,0.06362755094191284,0.784992639207609,False,False,False,False
36085012200,9,0.6881023532039754,0.040457424276489636,0.41459249461708664,0.2672161290291584,0.06362755094191284,0.784992639207609,False,False,False,False
36085012500,9,0.6881023532039754,0.040457424276489636,0.41459249461708664,0.2672161290291584,0.06362755094191284,0.784992639207609,False,False,False,False
36085012804,9,0.6881023532039754,0.040457424276489636,0.41459249461708664,0.2672161290291584,0.06362755094191284,0.784992639207609,False,False,False,False
36085012805,9,0.6881023532039754,0.040457424276489636,0.41459249461708664,0.2672161290291584,0.06362755094191284,0.784992639207609,False,False,False,False
36085012806,9,0.6881023532039754,0.040457424276489636,0.41459249461708664,0.2672161290291584,0.06362755094191284,0.784992639207609,False,False,False,False
36085013201,9,0.6881023532039754,0.040457424276489636,0.41459249461708664,0.2672161290291584,0.06362755094191284,0.784992639207609,False,False,False,False
36085013203,9,0.6881023532039754,0.040457424276489636,0.41459249461708664,0.2672161290291584,0.06362755094191284,0.784992639207609,False,False,False,False
36085013204,9,0.6881023532039754,0.040457424276489636,0.41459249461708664,0.2672161290291584,0.06362755094191284,0.784992639207609,False,False,False,False
36085013301,9,0.6881023532039754,0.040457424276489636,0.41459249461708664,0.2672161290291584,0.06362755094191284,0.784992639207609,False,False,False,False
36085013302,9,0.6881023532039754,0.040457424276489636,0.41459249461708664,0.2672161290291584,0.06362755094191284,0.784992639207609,False,False,False,False
36085013400,9,0.6881023532039754,0.040457424276489636,0.41459249461708664,0.2672161290291584,0.06362755094191284,0.784992639207609,False,False,False,False
36085013800,9,0.6881023532039754,0.040457424276489636,0.41459249461708664,0.2672161290291584,0.06362755094191284,0.784992639207609,False,False,False,False
36085014100,9,0.6881023532039754,0.040457424276489636,0.41459249461708664,0.2672161290291584,0.06362755094191284,0.784992639207609,False,False,False,False
36085014604,9,0.6881023532039754,0.040457424276489636,0.41459249461708664,0.2672161290291584,0.06362755094191284,0.784992639207609,False,False,False,False
36085014605,9,0.6881023532039754,0.040457424276489636,0.41459249461708664,0.2672161290291584,0.06362755094191284,0.784992639207609,False,False,False,False
36085014606,9,0.6881023532039754,0.040457424276489636,0.41459249461708664,0.2672161290291584,0.06362755094191284,0.784992639207609,False,False,False,False
36085014607,9,0.6881023532039754,0.040457424276489636,0.41459249461708664,0.2672161290291584,0.06362755094191284,0.784992639207609,False,False,False,False
36085014608,9,0.6881023532039754,0.040457424276489636,0.41459249461708664,0.2672161290291584,0.06362755094191284,0.784992639207609,False,False,False,False
36085014700,9,0.6881023532039754,0.040457424276489636,0.41459249461708664,0.2672161290291584,0.06362755094191284,0.784992639207609,False,False,False,False
36085015100,9,0.6881023532039754,0.040457424276489636,0.41459249461708664,0.2672161290291584,0.06362755094191284,0.784992639207609,False,False,False,False
36085015400,9,0.6881023532039754,0.040457424276489636,0.41459249461708664,0.2672161290291584,0.06362755094191284,0.784992639207609,False,False,False,False
36085015601,9,0.6881023532039754,0.040457424276489636,0.41459249461708664,0.2672161290291584,0.06362755094191284,0.784992639207609,False,False,False,False
36085015602,9,0.6881023532039754,0.040457424276489636,0.41459249461708664,0.2672161290291584,0.06362755094191284,0.784992639207609,False,False,False,False
36085015603,9,0.6881023532039754,0.040457424276489636,0.41459249461708664,0.2672161290291584,0.06362755094191284,0.784992639207609,False,False,False,False
36085016901,9,0.6881023532039754,0.040457424276489636,0.41459249461708664,0.2672161290291584,0.06362755094191284,0.784992639207609,False,False,False,False
36085017005,9,0.6881023532039754,0.040457424276489636,0.41459249461708664,0.2672161290291584,0.06362755094191284,0.784992639207609,False,False,False,False
36085017007,9,0.6881023532039754,0.040457424276489636,0.41459249461708664,0.2672161290291584,0.06362755094191284,0.784992639207609,False,False,False,False
36085017008,9,0.6881023532039754,0.040457424276489636,0.41459249461708664,0.2672161290291584,0.06362755094191284,0.784992639207609,False,False,False,False
36085017009,9,0.6881023532039754,0.040457424276489636,0.41459249461708664,0.2672161290291584,0.06362755094191284,0.784992639207609,False,False,False,False
36085017010,9,0.6881023532039754,0.040457424276489636,0.41459249461708664,0.2672161290291584,0.06362755094191284,0.784992639207609,False,False,False,False
36085017011,9,0.6881023532039754,0.040457424276489636,0.41459249461708664,0.2672161290291584,0.06362755094191284,0.784992639207609,False,False,False,False
36085017012,9,0.6881023532039754,0.040457424276489636,0.41459249461708664,0.2672161290291584,0.06362755094191284,0.784992639207609,False,False,False,False
36085017300,9,0.6881023532039754,0.040457424276489636,0.41459249461708664,0.2672161290291584,0.06362755094191284,0.784992639207609,False,False,False,False
36085017600,9,0.6881023532039754,0.040457424276489636,0.41459249461708664,0.2672161290291584,0.06362755094191284,0.784992639207609,False,False,False,False
36085017700,9,0.6881023532039754,0.040457424276489636,0.41459249461708664,0.2672161290291584,0.06362755094191284,0.784992639207609,False,False,False,False
36085018100,9,0.6881023532039754,0.040457424276489636,0.41459249461708664,0.2672161290291584,0.06362755094191284,0.784992639207609,False,False,False,False
36085018701,9,0.6881023532039754,0.040457424276489636,0.41459249461708664,0.2672161290291584,0.06362755094191284,0.784992639207609,False,False,False,False
36085018702,9,0.6881023532039754,0.040457424276489636,0.41459249461708664,0.2672161290291584,0.06362755094191284,0.784992639207609,False,False,False,False
36085018901,9,0.6881023532039754,0.040457424276489636,0.41459249461708664,0.2672161290291584,0.06362755094191284,0.784992639207609,False,False,False,False
36085018902,9,0.6881023532039754,0.040457424276489636,0.41459249461708664,0.2672161290291584,0.06362755094191284,0.784992639207609,False,False,False,False
36085019700,9,0.6881023532039754,0.040457424276489636,0.41459249461708664,0.2672161290291584,0.06362755094191284,0.784992639207609,False,False,False,False
36085019800,9,0.6881023532039754,0.040457424276489636,0.41459249461708664,0.2672161290291584,0.06362755094191284,0.784992639207609,False,False,False,False
36085020100,9,0.6881023532039754,0.040457424276489636,0.41459249461708664,0.2672161290291584,0.06362755094191284,0.784992639207609,False,False,False,False
36085020700,9,0.6881023532039754,0.040457424276489636,0.41459249461708664,0.2672161290291584,0.06362755094191284,0.784992639207609,False,False,False,False
36085020801,9,0.6881023532039754,0.040457424276489636,0.41459249461708664,0.2672161290291584,0.06362755094191284,0.784992639207609,False,False,False,False
36085020803,9,0.6881023532039754,0.040457424276489636,0.41459249461708664,0.2672161290291584,0.06362755094191284,0.784992639207609,False,False,False,False
36085020804,9,0.6881023532039754,0.040457424276489636,0.41459249461708664,0.2672161290291584,0.06362755094191284,0.784992639207609,False,False,False,False
36085021300,9,0.6881023532039754,0.040457424276489636,0.41459249461708664,0.2672161290291584,0.06362755094191284,0.784992639207609,False,False,False,False
36085022300,9,0.6881023532039754,0.040457424276489636,0.41459249461708664,0.2672161290291584,0.06362755094191284,0.784992639207609,False,False,False,False
36085022600,9,0.6881023532039754,0.040457424276489636,0.41459249461708664,0.2672161290291584,0.06362755094191284,0.784992639207609,False,False,False,False
36085022800,9,0.6881023532039754,0.040457424276489636,0.41459249461708664,0.2672161290291584,0.06362755094191284,0.784992639207609,False,False,False,False
36085023100,9,0.6881023532039754,0.040457424276489636,0.41459249461708664,0.2672161290291584,0.06362755094191284,0.784992639207609,False,False,False,False
36085023900,9,0.6881023532039754,0.040457424276489636,0.41459249461708664,0.2672161290291584,0.06362755094191284,0.784992639207609,False,False,False,False
36085024401,9,0.6881023532039754,0.040457424276489636,0.41459249461708664,0.2672161290291584,0.06362755094191284,0.784992639207609,False,False,False,False
36085024402,9,0.6881023532039754,0.040457424276489636,0.41459249461708664,0.2672161290291584,0.06362755094191284,0.784992639207609,False,False,False,False
36085024700,9,0.6881023532039754,0.040457424276489636,0.41459249461708664,0.2672161290291584,0.06362755094191284,0.784992639207609,False,False,False,False
36085024800,9,0.6881023532039754,0.040457424276489636,0.41459249461708664,0.2672161290291584,0.06362755094191284,0.784992639207609,False,False,False,False
36085025100,9,0.6881023532039754,0.040457424276489636,0.41459249461708664,0.2672161290291584,0.06362755094191284,0.784992639207609,False,False,False,False
36085027301,9,0.6881023532039754,0.040457424276489636,0.41459249461708664,0.2672161290291584,0.06362755094191284,0.784992639207609,False,False,False,False
36085027302,9,0.6881023532039754,0.040457424276489636,0.41459249461708664,0.2672161290291584,0.06362755094191284,0.784992639207609,False,False,False,False
36085027702,9,0.6881023532039754,0.040457424276489636,0.41459249461708664,0.2672161290291584,0.06362755094191284,0.784992639207609,False,False,False,False
36085027704,9,0.6881023532039754,0.040457424276489636,0.41459249461708664,0.2672161290291584,0.06362755094191284,0.784992639207609,False,False,False,False
36085027705,9,0.6881023532039754,0.040457424276489636,0.41459249461708664,0.2672161290291584,0.06362755094191284,0.784992639207609,False,False,False,False
36085027706,9,0.6881023532039754,0.040457424276489636,0.41459249461708664,0.2672161290291584,0.06362755094191284,0.784992639207609,False,False,False,False
36085027900,9,0.6881023532039754,0.040457424276489636,0.41459249461708664,0.2672161290291584,0.06362755094191284,0.784992639207609,False,False,False,False
36085029102,9,0.6881023532039754,0.040457424276489636,0.41459249461708664,0.2672161290291584,0.06362755094191284,0.784992639207609,False,False,False,False
36085029103,9,0.6881023532039754,0.040457424276489636,0.41459249461708664,0.2672161290291584,0.06362755094191284,0.784992639207609,False,False,False,False
36085029104,9,0.6881023532039754,0.040457424276489636,0.41459249461708664,0.2672161290291584,0.06362755094191284,0.784992639207609,False,False,False,False
36085030301,9,0.6881023532039754,0.040457424276489636,0.41459249461708664,0.2672161290291584,0.06362755094191284,0.784992639207609,False,False,False,False
36085030302,9,0.6881023532039754,0.040457424276489636,0.41459249461708664,0.2672161290291584,0.06362755094191284,0.784992639207609,False,False,False,False
36085031901,9,0.6881023532039754,0.040457424276489636,0.41459249461708664,0.2672161290291584,0.06362755094191284,0.784992639207609,False,False,False,False
36085031902,9,0.6881023532039754,0.040457424276489636,0.41459249461708664,0.2672161290291584,0.06362755094191284,0.784992639207609,False,False,False,False
36085032300,9,0.6881023532039754,0.040457424276489636,0.41459249461708664,0.2672161290291584,0.06362755094191284,0.784992639207609,False,False,False,False
36085990100,9,0.6881023532039754,0.040457424276489636,0.41459249461708664,0.2672161290291584,0.06362755094191284,0.784992639207609,False,False,False,False
