tract_fips,1,2,3,4,5,6,7,8,9,10,11,12
36005000100,125,99,205,110,57,99,176,107,97,53,43,70
36005000200,125,99,205,110,57,99,176,107,97,53,43,70
36005000400,125,99,205,110,57,99,176,107,97,53,43,70
36005001600,125,99,205,110,57,99,176,107,97,53,43,70
36005001900,125,99,205,110,57,99,176,107,97,53,43,70
36005002000,125,99,205,110,57,99,176,107,97,53,43,70
36005002300,125,99,205,110,57,99,176,107,97,53,43,70
36005002400,125,99,205,110,57,99,176,107,97,53,43,70
36005002500,125,99,205,110,57,99,176,107,97,53,43,70
36005002701,125,99,205,110,57,99,176,107,97,53,43,70
36005002702,125,99,205,110,57,99,176,107,97,53,43,70
36005002800,125,99,205,110,57,99,176,107,97,53,43,70
36005003100,125,99,205,110,57,99,176,107,97,53,43,70
36005003300,125,99,205,110,57,99,176,107,97,53,43,70
36005003500,125,99,205,110,57,99,176,107,97,53,43,70
36005003700,125,99,205,110,57,99,176,107,97,53,43,70
36005003800,125,99,205,110,57,99,176,107,97,53,43,70
36005003900,125,99,205,110,57,99,176,107,97,53,43,70
36005004001,125,99,205,110,57,99,176,107,97,53,43,70
36005004100,125,99,205,110,57,99,176,107,97,53,43,70
36005004200,125,99,205,110,57,99,176,107,97,53,43,70
36005004300,125,99,205,110,57,99,176,107,97,53,43,70
36005004400,125,99,205,110,57,99,176,107,97,53,43,70
36005004600,125,99,205,110,57,99,176,107,97,53,43,70
36005004800,125,99,205,110,57,99,176,107,97,53,43,70
36005005001,125,99,205,110,57,99,176,107,97,53,43,70
36005005002,125,99,205,110,57,99,176,107,97,53,43,70
36005005100,125,99,205,110,57,99,176,107,97,53,43,70
36005005200,125,99,205,110,57,99,176,107,97,53,43,70
36005005300,125,99,205,110,57,99,176,107,97,53,43,70
36005005400,125,99,205,110,57,99,176,107,97,53,43,70
36005005600,125,99,205,110,57,99,176,107,97,53,43,70
36005005902,125,99,205,110,57,99,176,107,97,53,43,70
36005006000,125,99,205,110,57,99,176,107,97,53,43,70
36005006100,125,99,205,110,57,99,176,107,97,53,43,70
36005006200,125,99,205,110,57,99,176,107,97,53,43,70
36005006300,125,99,205,110,57,99,176,107,97,53,43,70
36005006400,125,99,205,110,57,99,176,107,97,53,43,70
36005006500,125,99,205,110,57,99,176,107,97,53,43,70
36005006700,125,99,205,110,57,99,176,107,97,53,43,70
36005006800,125,99,205,110,57,99,176,107,97,53,43,70
36005006900,125,99,205,110,57,99,176,107,97,53,43,70
36005007000,125,99,205,110,57,99,176,107,97,53,43,70
36005007100,125,99,205,110,57,99,176,107,97,53,43,70
36005007200,125,99,205,110,57,99,176,107,97,53,43,70
36005007300,125,99,205,110,57,99,176,107,97,53,43,70
36005007400,125,99,205,110,57,99,176,107,97,53,43,70
36005007500,125,99,205,110,57,99,176,107,97,53,43,70
36005007600,125,99,205,110,57,99,176,107,97,53,43,70
36005007700,125,99,205,110,57,99,176,107,97,53,43,70
36005007800,125,99,205,110,57,99,176,107,97,53,43,70
36005007900,125,99,205,110,57,99,176,107,97,53,43,70
36005008300,125,99,205,110,57,99,176,107,97,53,43,70
36005008400,125,99,205,110,57,99,176,107,97,53,43,70
36005008500,125,99,205,110,57,99,176,107,97,53,43,70
36005008600,125,99,205,110,57,99,176,107,97,53,43,70
36005008700,125,99,205,110,57,99,176,107,97,53,43,70
36005008900,125,99,205,110,57,99,176,107,97,53,43,70
36005009000,125,99,205,110,57,99,176,107,97,53,43,70
36005009200,125,99,205,110,57,99,176,107,97,53,43,70
36005009300,125,99,205,110,57,99,176,107,97,53,43,70
36005009600,125,99,205,110,57,99,176,107,97,53,43,70
36005009800,125,99,205,110,57,99,176,107,97,53,43,70
36005011000,125,99,205,110,57,99,176,107,97,53,43,70
36005011502,125,99,205,110,57,99,176,107,97,53,43,70
36005011700,125,99,205,110,57,99,176,107,97,53,43,70
36005011800,125,99,205,110,57,99,176,107,97,53,43,70
36005011900,125,99,205,110,57,99,176,107,97,53,43,70
36005012101,125,99,205,110,57,99,176,107,97,53,43,70
36005012102,125,99,205,110,57,99,176,107,97,53,43,70
36005012300,125,99,205,110,57,99,176,107,97,53,43,70
36005012500,125,99,205,110,57,99,176,107,97,53,43,70
36005012701,125,99,205,110,57,99,176,107,97,53,43,70
36005012901,125,99,205,110,57,99,176,107,97,53,43,70
36005013000,125,99,205,110,57,99,176,107,97,53,43,70
36005013100,125,99,205,110,57,99,176,107,97,53,43,70
36005013200,125,99,205,110,57,99,176,107,97,53,43,70
36005013300,125,99,205,110,57,99,176,107,97,53,43,70
36005013500,125,99,205,110,57,99,176,107,97,53,43,70
36005013800,125,99,205,110,57,99,176,107,97,53,43,70
36005014100,125,99,205,110,57,99,176,107,97,53,43,70
36005014300,125,99,205,110,57,99,176,107,97,53,43,70
36005014400,125,99,205,110,57,99,176,107,97,53,43,70
36005014500,125,99,205,110,57,99,176,107,97,53,43,70
36005014701,125,99,205,110,57,99,176,107,97,53,43,70
36005014702,125,99,205,110,57,99,176,107,97,53,43,70
36005014900,125,99,205,110,57,99,176,107,97,53,43,70
36005015100,125,99,205,110,57,99,176,107,97,53,43,70
36005015200,125,99,205,110,57,99,176,107,97,53,43,70
36005015300,125,99,205,110,57,99,176,107,97,53,43,70
36005015500,125,99,205,110,57,99,176,107,97,53,43,70
36005015700,125,99,205,110,57,99,176,107,97,53,43,70
36005015800,125,99,205,110,57,99,176,107,97,53,43,70
36005015900,125,99,205,110,57,99,176,107,97,53,43,70
36005016000,125,99,205,110,57,99,176,107,97,53,43,70
36005016100,125,99,205,110,57,99,176,107,97,53,43,70
36005016200,125,99,205,110,57,99,176,107,97,53,43,70
36005016300,125,99,205,110,57,99,176,107,97,53,43,70
36005016400,125,99,205,110,57,99,176,107,97,53,43,70
36005016500,125,99,205,110,57,99,176,107,97,53,43,70
36005016600,125,99,205,110,57,99,176,107,97,53,43,70
36005016700,125,99,205,110,57,99,176,107,97,53,43,70
36005016900,125,99,205,110,57,99,176,107,97,53,43,70
36005017100,125,99,205,110,57,99,176,107,97,53,43,70
36005017300,125,99,205,110,57,99,176,107,97,53,43,70
36005017500,125,99,205,110,57,99,176,107,97,53,43,70
36005017701,125,99,205,110,57,99,176,107,97,53,43,70
36005017702,125,99,205,110,57,99,176,107,97,53,43,70
36005017901,125,99,205,110,57,99,176,107,97,53,43,70
36005017902,125,99,205,110,57,99,176,107,97,53,43,70
36005018101,125,99,205,110,57,99,176,107,97,53,43,70
36005018102,125,99,205,110,57,99,176,107,97,53,43,70
36005018301,125,99,205,110,57,99,176,107,97,53,43,70
36005018302,125,99,205,110,57,99,176,107,97,53,43,70
36005018400,125,99,205,110,57,99,176,107,97,53,43,70
36005018500,125,99,205,110,57,99,176,107,97,53,43,70
36005018900,125,99,205,110,57,99,176,107,97,53,43,70
36005019300,125,99,205,110,57,99,176,107,97,53,43,70
36005019400,125,99,205,110,57,99,176,107,97,53,43,70
36005019500,125,99,205,110,57,99,176,107,97,53,43,70
36005019700,125,99,205,110,57,99,176,107,97,53,43,70
36005019900,125,99,205,110,57,99,176,107,97,53,43,70
36005020000,125,99,205,110,57,99,176,107,97,53,43,70
36005020100,125,99,205,110,57,99,176,107,97,53,43,70
36005020200,125,99,205,110,57,99,176,107,97,53,43,70
36005020400,125,99,205,110,57,99,176,107,97,53,43,70
36005020501,125,99,205,110,57,99,176,107,97,53,43,70
36005020502,125,99,205,110,57,99,176,107,97,53,43,70
36005020601,125,99,205,110,57,99,176,107,97,53,43,70
36005020900,125,99,205,110,57,99,176,107,97,53,43,70
36005021001,125,99,205,110,57,99,176,107,97,53,43,70
36005021002,125,99,205,110,57,99,176,107,97,53,43,70
36005021100,125,99,205,110,57,99,176,107,97,53,43,70
36005021200,125,99,205,110,57,99,176,107,97,53,43,70
36005021301,125,99,205,110,57,99,176,107,97,53,43,70
36005021302,125,99,205,110,57,99,176,107,97,53,43,70
36005021501,125,99,205,110,57,99,176,107,97,53,43,70
36005021502,125,99,205,110,57,99,176,107,97,53,43,70
36005021601,125,99,205,110,57,99,176,107,97,53,43,70
36005021602,125,99,205,110,57,99,176,107,97,53,43,70
36005021700,125,99,205,110,57,99,176,107,97,53,43,70
36005021800,125,99,205,110,57,99,176,107,97,53,43,70
36005021900,125,99,205,110,57,99,176,107,97,53,43,70
36005022000,125,99,205,110,57,99,176,107,97,53,43,70
36005022101,125,99,205,110,57,99,176,107,97,53,43,70
36005022102,125,99,205,110,57,99,176,107,97,53,43,70
36005022200,125,99,205,110,57,99,176,107,97,53,43,70
36005022300,125,99,205,110,57,99,176,107,97,53,43,70
36005022401,125,99,205,110,57,99,176,107,97,53,43,70
36005022403,125,99,205,110,57,99,176,107,97,53,43,70
36005022404,125,99,205,110,57,99,176,107,97,53,43,70
36005022500,125,99,205,110,57,99,176,107,97,53,43,70
36005022701,125,99,205,110,57,99,176,107,97,53,43,70
36005022702,125,99,205,110,57,99,176,107,97,53,43,70
36005022703,125,99,205,110,57,99,176,107,97,53,43,70
36005022800,125,99,205,110,57,99,176,107,97,53,43,70
36005022901,125,99,205,110,57,99,176,107,97,53,43,70
36005022902,125,99,205,110,57,99,176,107,97,53,43,70
36005023000,125,99,205,110,57,99,176,107,97,53,43,70
36005023100,125,99,205,110,57,99,176,107,97,53,43,70
36005023200,125,99,205,110,57,99,176,107,97,53,43,70
36005023301,125,99,205,110,57,99,176,107,97,53,43,70
36005023302,125,99,205,110,57,99,176,107,97,53,43,70
36005023501,125,99,205,110,57,99,176,107,97,53,43,70
36005023502,125,99,205,110,57,99,176,107,97,53,43,70
36005023600,125,99,205,110,57,99,176,107,97,53,43,70
36005023702,125,99,205,110,57,99,176,107,97,53,43,70
36005023703,125,99,205,110,57,99,176,107,97,53,43,70
36005023704,125,99,205,110,57,99,176,107,97,53,43,70
36005023800,125,99,205,110,57,99,176,107,97,53,43,70
36005023900,125,99,205,110,57,99,176,107,97,53,43,70
36005024000,125,99,205,110,57,99,176,107,97,53,43,70
36005024100,125,99,205,110,57,99,176,107,97,53,43,70
36005024300,125,99,205,110,57,99,176,107,97,53,43,70
36005024400,125,99,205,110,57,99,176,107,97,53,43,70
36005024501,125,99,205,110,57,99,176,107,97,53,43,70
36005024502,125,99,205,110,57,99,176,107,97,53,43,70
36005024600,125,99,205,110,57,99,176,107,97,53,43,70
36005024700,125,99,205,110,57,99,176,107,97,53,43,70
36005024800,125,99,205,110,57,99,176,107,97,53,43,70
36005024900,125,99,205,110,57,99,176,107,97,53,43,70
36005025000,125,99,205,110,57,99,176,107,97,53,43,70
36005025100,125,99,205,110,57,99,176,107,97,53,43,70
36005025200,125,99,205,110,57,99,176,107,97,53,43,70
36005025300,125,99,205,110,57,99,176,107,97,53,43,70
36005025400,125,99,205,110,57,99,176,107,97,53,43,70
36005025500,125,99,205,110,57,99,176,107,97,53,43,70
36005025600,125,99,205,110,57,99,176,107,97,53,43,70
36005025700,125,99,205,110,57,99,176,107,97,53,43,70
36005026100,125,99,205,110,57,99,176,107,97,53,43,70
36005026300,125,99,205,110,57,99,176,107,97,53,43,70
36005026400,125,99,205,110,57,99,176,107,97,53,43,70
36005026500,125,99,205,110,57,99,176,107,97,53,43,70
36005026601,125,99,205,110,57,99,176,107,97,53,43,70
36005026602,125,99,205,110,57,99,176,107,97,53,43,70
36005026701,125,99,205,110,57,99,176,107,97,53,43,70
36005026702,125,99,205,110,57,99,176,107,97,53,43,70
36005026900,125,99,205,110,57,99,176,107,97,53,43,70
36005027300,125,99,205,110,57,99,176,107,97,53,43,70
36005027401,125,99,205,110,57,99,176,107,97,53,43,70
36005027402,125,99,205,110,57,99,176,107,97,53,43,70
36005027600,125,99,205,110,57,99,176,107,97,53,43,70
36005027700,125,99,205,110,57,99,176,107,97,53,43,70
36005027900,125,99,205,110,57,99,176,107,97,53,43,70
36005028100,125,99,205,110,57,99,176,107,97,53,43,70
36005028300,125,99,205,110,57,99,176,107,97,53,43,70
36005028400,125,99,205,110,57,99,176,107,97,53,43,70
36005028500,125,99,205,110,57,99,176,107,97,53,43,70
36005028600,125,99,205,110,57,99,176,107,97,53,43,70
36005028700,125,99,205,110,57,99,176,107,97,53,43,70
36005028800,125,99,205,110,57,99,176,107,97,53,43,70
36005028900,125,99,205,110,57,99,176,107,97,53,43,70
36005029301,125,99,205,110,57,99,176,107,97,53,43,70
36005029302,125,99,205,110,57,99,176,107,97,53,43,70
36005029500,125,99,205,110,57,99,176,107,97,53,43,70
36005029600,125,99,205,110,57,99,176,107,97,53,43,70
36005029700,125,99,205,110,57,99,176,107,97,53,43,70
36005030000,125,99,205,110,57,99,176,107,97,53,43,70
36005030100,125,99,205,110,57,99,176,107,97,53,43,70
36005030200,125,99,205,110,57,99,176,107,97,53,43,70
36005030701,125,99,205,110,57,99,176,107,97,53,43,70
36005030900,125,99,205,110,57,99,176,107,97,53,43,70
36005031000,125,99,205,110,57,99,176,107,97,53,43,70
36005031200,125,99,205,110,57,99,176,107,97,53,43,70
36005031400,125,99,205,110,57,99,176,107,97,53,43,70
36005031600,125,99,205,110,57,99,176,107,97,53,43,70
36005031800,125,99,205,110,57,99,176,107,97,53,43,70
36005031900,125,99,205,110,57,99,176,107,97,53,43,70
36005032300,125,99,205,110,57,99,176,107,97,53,43,70
36005032400,125,99,205,110,57,99,176,107,97,53,43,70
36005032600,125,99,205,110,57,99,176,107,97,53,43,70
36005032800,125,99,205,110,57,99,176,107,97,53,43,70
36005033000,125,99,205,110,57,99,176,107,97,53,43,70
36005033201,125,99,205,110,57,99,176,107,97,53,43,70
36005033202,125,99,205,110,57,99,176,107,97,53,43,70
36005033400,125,99,205,110,57,99,176,107,97,53,43,70
36005033500,125,99,205,110,57,99,176,107,97,53,43,70
36005033600,125,99,205,110,57,99,176,107,97,53,43,70
36005033700,125,99,205,110,57,99,176,107,97,53,43,70
36005033800,125,99,205,110,57,99,176,107,97,53,43,70
36005034000,125,99,205,110,57,99,176,107,97,53,43,70
36005034200,125,99,205,110,57,99,176,107,97,53,43,70
36005034300,125,99,205,110,57,99,176,107,97,53,43,70
36005034400,125,99,205,110,57,99,176,107,97,53,43,70
36005034500,125,99,205,110,57,99,176,107,97,53,43,70
36005034800,125,99,205,110,57,99,176,107,97,53,43,70
36005035000,125,99,205,110,57,99,176,107,97,53,43,70
36005035100,125,99,205,110,57,99,176,107,97,53,43,70
36005035600,125,99,205,110,57,99,176,107,97,53,43,70
36005035800,125,99,205,110,57,99,176,107,97,53,43,70
36005035900,125,99,205,110,57,99,176,107,97,53,43,70
36005036000,125,99,205,110,57,99,176,107,97,53,43,70
36005036100,125,99,205,110,57,99,176,107,97,53,43,70
36005036300,125,99,205,110,57,99,176,107,97,53,43,70
36005036400,125,99,205,110,57,99,176,107,97,53,43,70
36005036501,125,99,205,110,57,99,176,107,97,53,43,70
36005036502,125,99,205,110,57,99,176,107,97,53,43,70
36005036700,125,99,205,110,57,99,176,107,97,53,43,70
36005036800,125,99,205,110,57,99,176,107,97,53,43,70
36005036901,125,99,205,110,57,99,176,107,97,53,43,70
36005036902,125,99,205,110,57,99,176,107,97,53,43,70
36005037000,125,99,205,110,57,99,176,107,97,53,43,70
36005037100,125,99,205,110,57,99,176,107,97,53,43,70
36005037200,125,99,205,110,57,99,176,107,97,53,43,70
36005037300,125,99,205,110,57,99,176,107,97,53,43,70
36005037400,125,99,205,110,57,99,176,107,97,53,43,70
36005037504,125,99,205,110,57,99,176,107,97,53,43,70
36005037600,125,99,205,110,57,99,176,107,97,53,43,70
36005037800,125,99,205,110,57,99,176,107,97,53,43,70
36005037900,125,99,205,110,57,99,176,107,97,53,43,70
36005038000,125,99,205,110,57,99,176,107,97,53,43,70
36005038100,125,99,205,110,57,99,176,107,97,53,43,70
36005038200,125,99,205,110,57,99,176,107,97,53,43,70
36005038301,125,99,205,110,57,99,176,107,97,53,43,70
36005038302,125,99,205,110,57,99,176,107,97,53,43,70
36005038500,125,99,205,110,57,99,176,107,97,53,43,70
36005038600,125,99,205,110,57,99,176,107,97,53,43,70
36005038700,125,99,205,110,57,99,176,107,97,53,43,70
36005038800,125,99,205,110,57,99,176,107,97,53,43,70
36005038900,125,99,205,110,57,99,176,107,97,53,43,70
36005039000,125,99,205,110,57,99,176,107,97,53,43,70
36005039100,125,99,205,110,57,99,176,107,97,53,43,70
36005039200,125,99,205,110,57,99,176,107,97,53,43,70
36005039300,125,99,205,110,57,99,176,107,97,53,43,70
36005039400,125,99,205,110,57,99,176,107,97,53,43,70
36005039500,125,99,205,110,57,99,176,107,97,53,43,70
36005039600,125,99,205,110,57,99,176,107,97,53,43,70
36005039700,125,99,205,110,57,99,176,107,97,53,43,70
36005039800,125,99,205,110,57,99,176,107,97,53,43,70
36005039901,125,99,205,110,57,99,176,107,97,53,43,70
36005039902,125,99,205,110,57,99,176,107,97,53,43,70
36005040100,125,99,205,110,57,99,176,107,97,53,43,70
36005040302,125,99,205,110,57,99,176,107,97,53,43,70
36005040303,125,99,205,110,57,99,176,107,97,53,43,70
36005040304,125,99,205,110,57,99,176,107,97,53,43,70
36005040400,125,99,205,110,57,99,176,107,97,53,43,70
36005040501,125,99,205,110,57,99,176,107,97,53,43,70
36005040502,125,99,205,110,57,99,176,107,97,53,43,70
36005040600,125,99,205,110,57,99,176,107,97,53,43,70
36005040701,125,99,205,110,57,99,176,107,97,53,43,70
36005040702,125,99,205,110,57,99,176,107,97,53,43,70
36005040800,125,99,205,110,57,99,176,107,97,53,43,70
36005040900,125,99,205,110,57,99,176,107,97,53,43,70
36005041100,125,99,205,110,57,99,176,107,97,53,43,70
36005041300,125,99,205,110,57,99,176,107,97,53,43,70
36005041400,125,99,205,110,57,99,176,107,97,53,43,70
36005041500,125,99,205,110,57,99,176,107,97,53,43,70
36005041800,125,99,205,110,57,99,176,107,97,53,43,70
36005041900,125,99,205,110,57,99,176,107,97,53,43,70
36005042000,125,99,205,110,57,99,176,107,97,53,43,70
36005042100,125,99,205,110,57,99,176,107,97,53,43,70
36005042200,125,99,205,110,57,99,176,107,97,53,43,70
36005042300,125,99,205,110,57,99,176,107,97,53,43,70
36005042400,125,99,205,110,57,99,176,107,97,53,43,70
36005042500,125,99,205,110,57,99,176,107,97,53,43,70
36005042600,125,99,205,110,57,99,176,107,97,53,43,70
36005042800,125,99,205,110,57,99,176,107,97,53,43,70
36005042901,125,99,205,110,57,99,176,107,97,53,43,70
36005042902,125,99,205,110,57,99,176,107,97,53,43,70
36005043000,125,99,205,110,57,99,176,107,97,53,43,70
36005043100,125,99,205,110,57,99,176,107,97,53,43,70
36005043400,125,99,205,110,57,99,176,107,97,53,43,70
36005043500,125,99,205,110,57,99,176,107,97,53,43,70
36005043600,125,99,205,110,57,99,176,107,97,53,43,70
36005044200,125,99,205,110,57,99,176,107,97,53,43,70
36005044400,125,99,205,110,57,99,176,107,97,53,43,70
36005044800,125,99,205,110,57,99,176,107,97,53,43,70
36005044901,125,99,205,110,57,99,176,107,97,53,43,70
36005044902,125,99,205,110,57,99,176,107,97,53,43,70
36005045101,125,99,205,110,57,99,176,107,97,53,43,70
36005045102,125,99,205,110,57,99,176,107,97,53,43,70
36005045600,125,99,205,110,57,99,176,107,97,53,43,70
36005045800,125,99,205,110,57,99,176,107,97,53,43,70
36005046000,125,99,205,110,57,99,176,107,97,53,43,70
36005046201,125,99,205,110,57,99,176,107,97,53,43,70
36005046202,125,99,205,110,57,99,176,107,97,53,43,70
36005048400,125,99,205,110,57,99,176,107,97,53,43,70
36005050400,125,99,205,110,57,99,176,107,97,53,43,70
36005051600,125,99,205,110,57,99,176,107,97,53,43,70
36047000100,212,145,166,105,66,152,171,89,117,44,57,73
36047000200,212,145,166,105,66,152,171,89,117,44,57,73
36047000301,212,145,166,105,66,152,171,89,117,44,57,73
36047000501,212,145,166,105,66,152,171,89,117,44,57,73
36047000502,212,145,166,105,66,152,171,89,117,44,57,73
36047000700,212,145,166,105,66,152,171,89,117,44,57,73
36047000900,212,145,166,105,66,152,171,89,117,44,57,73
36047001100,212,145,166,105,66,152,171,89,117,44,57,73
36047001300,212,145,166,105,66,152,171,89,117,44,57,73
36047001500,212,145,166,105,66,152,171,89,117,44,57,73
36047001800,212,145,166,105,66,152,171,89,117,44,57,73
36047002000,212,145,166,105,66,152,171,89,117,44,57,73
36047002100,212,145,166,105,66,152,171,89,117,44,57,73
36047002200,212,145,166,105,66,152,171,89,117,44,57,73
36047002300,212,145,166,105,66,152,171,89,117,44,57,73
36047002901,212,145,166,105,66,152,171,89,117,44,57,73
36047003000,212,145,166,105,66,152,171,89,117,44,57,73
36047003100,212,145,166,105,66,152,171,89,117,44,57,73
36047003300,212,145,166,105,66,152,171,89,117,44,57,73
36047003400,212,145,166,105,66,152,171,89,117,44,57,73
36047003500,212,145,166,105,66,152,171,89,117,44,57,73
36047003600,212,145,166,105,66,152,171,89,117,44,57,73
36047003700,212,145,166,105,66,152,171,89,117,44,57,73
36047003800,212,145,166,105,66,152,171,89,117,44,57,73
36047003900,212,145,166,105,66,152,171,89,117,44,57,73
36047004100,212,145,166,105,66,152,171,89,117,44,57,73
36047004300,212,145,166,105,66,152,171,89,117,44,57,73
36047004400,212,145,166,105,66,152,171,89,117,44,57,73
36047004500,212,145,166,105,66,152,171,89,117,44,57,73
36047004600,212,145,166,105,66,152,171,89,117,44,57,73
36047004700,212,145,166,105,66,152,171,89,117,44,57,73
36047004900,212,145,166,105,66,152,171,89,117,44,57,73
36047005000,212,145,166,105,66,152,171,89,117,44,57,73
36047005100,212,145,166,105,66,152,171,89,117,44,57,73
36047005201,212,145,166,105,66,152,171,89,117,44,57,73
36047005202,212,145,166,105,66,152,171,89,117,44,57,73
36047005300,212,145,166,105,66,152,171,89,117,44,57,73
36047005400,212,145,166,105,66,152,171,89,117,44,57,73
36047005601,212,145,166,105,66,152,171,89,117,44,57,73
36047005602,212,145,166,105,66,152,171,89,117,44,57,73
36047005800,212,145,166,105,66,152,171,89,117,44,57,73
36047005900,212,145,166,105,66,152,171,89,117,44,57,73
36047006000,212,145,166,105,66,152,171,89,117,44,57,73
36047006200,212,145,166,105,66,152,171,89,117,44,57,73
36047006300,212,145,166,105,66,152,171,89,117,44,57,73
36047006400,212,145,166,105,66,152,171,89,117,44,57,73
36047006500,212,145,166,105,66,152,171,89,117,44,57,73
36047006600,212,145,166,105,66,152,171,89,117,44,57,73
36047006700,212,145,166,105,66,152,171,89,117,44,57,73
36047006800,212,145,166,105,66,152,171,89,117,44,57,73
36047006900,212,145,166,105,66,152,171,89,117,44,57,73
36047007000,212,145,166,105,66,152,171,89,117,44,57,73
36047007100,212,145,166,105,66,152,171,89,117,44,57,73
36047007200,212,145,166,105,66,152,171,89,117,44,57,73
36047007400,212,145,166,105,66,152,171,89,117,44,57,73
36047007500,212,145,166,105,66,152,171,89,117,44,57,73
36047007600,212,145,166,105,66,152,171,89,117,44,57,73
36047007700,212,145,166,105,66,152,171,89,117,44,57,73
36047007800,212,145,166,105,66,152,171,89,117,44,57,73
36047008000,212,145,166,105,66,152,171,89,117,44,57,73
36047008200,212,145,166,105,66,152,171,89,117,44,57,73
36047008400,212,145,166,105,66,152,171,89,117,44,57,73
36047008500,212,145,166,105,66,152,171,89,117,44,57,73
36047008600,212,145,166,105,66,152,171,89,117,44,57,73
36047008800,212,145,166,105,66,152,171,89,117,44,57,73
36047009000,212,145,166,105,66,152,171,89,117,44,57,73
36047009200,212,145,166,105,66,152,171,89,117,44,57,73
36047009400,212,145,166,105,66,152,171,89,117,44,57,73
36047009600,212,145,166,105,66,152,171,89,117,44,57,73
36047009800,212,145,166,105,66,152,171,89,117,44,57,73
36047010000,212,145,166,105,66,152,171,89,117,44,57,73
36047010100,212,145,166,105,66,152,171,89,117,44,57,73
36047010200,212,145,166,105,66,152,171,89,117,44,57,73
36047010400,212,145,166,105,66,152,171,89,117,44,57,73
36047010600,212,145,166,105,66,152,171,89,117,44,57,73
36047010800,212,145,166,105,66,152,171,89,117,44,57,73
36047011000,212,145,166,105,66,152,171,89,117,44,57,73
36047011200,212,145,166,105,66,152,171,89,117,44,57,73
36047011400,212,145,166,105,66,152,171,89,117,44,57,73
36047011600,212,145,166,105,66,152,171,89,117,44,57,73
36047011700,212,145,166,105,66,152,171,89,117,44,57,73
36047011800,212,145,166,105,66,152,171,89,117,44,57,73
36047011900,212,145,166,105,66,152,171,89,117,44,57,73
36047012000,212,145,166,105,66,152,171,89,117,44,57,73
36047012100,212,145,166,105,66,152,171,89,117,44,57,73
36047012200,212,145,166,105,66,152,171,89,117,44,57,73
36047012600,212,145,166,105,66,152,171,89,117,44,57,73
36047012700,212,145,166,105,66,152,171,89,117,44,57,73
36047012801,212,145,166,105,66,152,171,89,117,44,57,73
36047012901,212,145,166,105,66,152,171,89,117,44,57,73
36047012902,212,145,166,105,66,152,171,89,117,44,57,73
36047013000,212,145,166,105,66,152,171,89,117,44,57,73
36047013100,212,145,166,105,66,152,171,89,117,44,57,73
36047013200,212,145,166,105,66,152,171,89,117,44,57,73
36047013300,212,145,166,105,66,152,171,89,117,44,57,73
36047013400,212,145,166,105,66,152,171,89,117,44,57,73
36047013500,212,145,166,105,66,152,171,89,117,44,57,73
36047013600,212,145,166,105,66,152,171,89,117,44,57,73
36047013700,212,145,166,105,66,152,171,89,117,44,57,73
36047013800,212,145,166,105,66,152,171,89,117,44,57,73
36047013900,212,145,166,105,66,152,171,89,117,44,57,73
36047014000,212,145,166,105,66,152,171,89,117,44,57,73
36047014100,212,145,166,105,66,152,171,89,117,44,57,73
36047014200,212,145,166,105,66,152,171,89,117,44,57,73
36047014300,212,145,166,105,66,152,171,89,117,44,57,73
36047014500,212,145,166,105,66,152,171,89,117,44,57,73
36047014700,212,145,166,105,66,152,171,89,117,44,57,73
36047014800,212,145,166,105,66,152,171,89,117,44,57,73
36047014900,212,145,166,105,66,152,171,89,117,44,57,73
36047015000,212,145,166,105,66,152,171,89,117,44,57,73
36047015100,212,145,166,105,66,152,171,89,117,44,57,73
36047015200,212,145,166,105,66,152,171,89,117,44,57,73
36047015300,212,145,166,105,66,152,171,89,117,44,57,73
36047015400,212,145,166,105,66,152,171,89,117,44,57,73
36047015500,212,145,166,105,66,152,171,89,117,44,57,73
36047015700,212,145,166,105,66,152,171,89,117,44,57,73
36047015900,212,145,166,105,66,152,171,89,117,44,57,73
36047016000,212,145,166,105,66,152,171,89,117,44,57,73
36047016100,212,145,166,105,66,152,171,89,117,44,57,73
36047016200,212,145,166,105,66,152,171,89,117,44,57,73
36047016300,212,145,166,105,66,152,171,89,117,44,57,73
36047016400,212,145,166,105,66,152,171,89,117,44,57,73
36047016500,212,145,166,105,66,152,171,89,117,44,57,73
36047016600,212,145,166,105,66,152,171,89,117,44,57,73
36047016700,212,145,166,105,66,152,171,89,117,44,57,73
36047016800,212,145,166,105,66,152,171,89,117,44,57,73
36047016900,212,145,166,105,66,152,171,89,117,44,57,73
36047017000,212,145,166,105,66,152,171,89,117,44,57,73
36047017100,212,145,166,105,66,152,171,89,117,44,57,73
36047017200,212,145,166,105,66,152,171,89,117,44,57,73
36047017400,212,145,166,105,66,152,171,89,117,44,57,73
36047017500,212,145,166,105,66,152,171,89,117,44,57,73
36047017600,212,145,166,105,66,152,171,89,117,44,57,73
36047017700,212,145,166,105,66,152,171,89,117,44,57,73
36047017800,212,145,166,105,66,152,171,89,117,44,57,73
36047017900,212,145,166,105,66,152,171,89,117,44,57,73
36047018000,212,145,166,105,66,152,171,89,117,44,57,73
36047018100,212,145,166,105,66,152,171,89,117,44,57,73
36047018200,212,145,166,105,66,152,171,89,117,44,57,73
36047018300,212,145,166,105,66,152,171,89,117,44,57,73
36047018400,212,145,166,105,66,152,171,89,117,44,57,73
36047018501,212,145,166,105,66,152,171,89,117,44,57,73
36047018600,212,145,166,105,66,152,171,89,117,44,57,73
36047018700,212,145,166,105,66,152,171,89,117,44,57,73
36047018800,212,145,166,105,66,152,171,89,117,44,57,73
36047019000,212,145,166,105,66,152,171,89,117,44,57,73
36047019100,212,145,166,105,66,152,171,89,117,44,57,73
36047019200,212,145,166,105,66,152,171,89,117,44,57,73
36047019300,212,145,166,105,66,152,171,89,117,44,57,73
36047019400,212,145,166,105,66,152,171,89,117,44,57,73
36047019500,212,145,166,105,66,152,171,89,117,44,57,73
36047019600,212,145,166,105,66,152,171,89,117,44,57,73
36047019700,212,145,166,105,66,152,171,89,117,44,57,73
36047019800,212,145,166,105,66,152,171,89,117,44,57,73
36047019900,212,145,166,105,66,152,171,89,117,44,57,73
36047020000,212,145,166,105,66,152,171,89,117,44,57,73
36047020100,212,145,166,105,66,152,171,89,117,44,57,73
36047020200,212,145,166,105,66,152,171,89,117,44,57,73
36047020300,212,145,166,105,66,152,171,89,117,44,57,73
36047020400,212,145,166,105,66,152,171,89,117,44,57,73
36047020500,212,145,166,105,66,152,171,89,117,44,57,73
36047020600,212,145,166,105,66,152,171,89,117,44,57,73
36047020700,212,145,166,105,66,152,171,89,117,44,57,73
36047020800,212,145,166,105,66,152,171,89,117,44,57,73
36047021000,212,145,166,105,66,152,171,89,117,44,57,73
36047021100,212,145,166,105,66,152,171,89,117,44,57,73
36047021200,212,145,166,105,66,152,171,89,117,44,57,73
36047021300,212,145,166,105,66,152,171,89,117,44,57,73
36047021400,212,145,166,105,66,152,171,89,117,44,57,73
36047021500,212,145,166,105,66,152,171,89,117,44,57,73
36047021600,212,145,166,105,66,152,171,89,117,44,57,73
36047021700,212,145,166,105,66,152,171,89,117,44,57,73
36047021800,212,145,166,105,66,152,171,89,117,44,57,73
36047021900,212,145,166,105,66,152,171,89,117,44,57,73
36047022000,212,145,166,105,66,152,171,89,117,44,57,73
36047022100,212,145,166,105,66,152,171,89,117,44,57,73
36047022200,212,145,166,105,66,152,171,89,117,44,57,73
36047022400,212,145,166,105,66,152,171,89,117,44,57,73
36047022600,212,145,166,105,66,152,171,89,117,44,57,73
36047022700,212,145,166,105,66,152,171,89,117,44,57,73
36047022800,212,145,166,105,66,152,171,89,117,44,57,73
36047022900,212,145,166,105,66,152,171,89,117,44,57,73
36047023000,212,145,166,105,66,152,171,89,117,44,57,73
36047023100,212,145,166,105,66,152,171,89,117,44,57,73
36047023200,212,145,166,105,66,152,171,89,117,44,57,73
36047023300,212,145,166,105,66,152,171,89,117,44,57,73
36047023400,212,145,166,105,66,152,171,89,117,44,57,73
36047023500,212,145,166,105,66,152,171,89,117,44,57,73
36047023600,212,145,166,105,66,152,171,89,117,44,57,73
36047023800,212,145,166,105,66,152,171,89,117,44,57,73
36047024000,212,145,166,105,66,152,171,89,117,44,57,73
36047024100,212,145,166,105,66,152,171,89,117,44,57,73
36047024200,212,145,166,105,66,152,171,89,117,44,57,73
36047024300,212,145,166,105,66,152,171,89,117,44,57,73
36047024400,212,145,166,105,66,152,171,89,117,44,57,73
36047024500,212,145,166,105,66,152,171,89,117,44,57,73
36047024600,212,145,166,105,66,152,171,89,117,44,57,73
36047024700,212,145,166,105,66,152,171,89,117,44,57,73
36047024800,212,145,166,105,66,152,171,89,117,44,57,73
36047024900,212,145,166,105,66,152,171,89,117,44,57,73
36047025000,212,145,166,105,66,152,171,89,117,44,57,73
36047025100,212,145,166,105,66,152,171,89,117,44,57,73
36047025200,212,145,166,105,66,152,171,89,117,44,57,73
36047025300,212,145,166,105,66,152,171,89,117,44,57,73
36047025400,212,145,166,105,66,152,171,89,117,44,57,73
36047025500,212,145,166,105,66,152,171,89,117,44,57,73
36047025600,212,145,166,105,66,152,171,89,117,44,57,73
36047025700,212,145,166,105,66,152,171,89,117,44,57,73
36047025800,212,145,166,105,66,152,171,89,117,44,57,73
36047025901,212,145,166,105,66,152,171,89,117,44,57,73
36047025902,212,145,166,105,66,152,171,89,117,44,57,73
36047026000,212,145,166,105,66,152,171,89,117,44,57,73
36047026100,212,145,166,105,66,152,171,89,117,44,57,73
36047026200,212,145,166,105,66,152,171,89,117,44,57,73
36047026300,212,145,166,105,66,152,171,89,117,44,57,73
36047026400,212,145,166,105,66,152,171,89,117,44,57,73
36047026500,212,145,166,105,66,152,171,89,117,44,57,73
36047026600,212,145,166,105,66,152,171,89,117,44,57,73
36047026700,212,145,166,105,66,152,171,89,117,44,57,73
36047026800,212,145,166,105,66,152,171,89,117,44,57,73
36047026900,212,145,166,105,66,152,171,89,117,44,57,73
36047027000,212,145,166,105,66,152,171,89,117,44,57,73
36047027100,212,145,166,105,66,152,171,89,117,44,57,73
36047027200,212,145,166,105,66,152,171,89,117,44,57,73
36047027300,212,145,166,105,66,152,171,89,117,44,57,73
36047027400,212,145,166,105,66,152,171,89,117,44,57,73
36047027500,212,145,166,105,66,152,171,89,117,44,57,73
36047027600,212,145,166,105,66,152,171,89,117,44,57,73
36047027700,212,145,166,105,66,152,171,89,117,44,57,73
36047027800,212,145,166,105,66,152,171,89,117,44,57,73
36047027900,212,145,166,105,66,152,171,89,117,44,57,73
36047028000,212,145,166,105,66,152,171,89,117,44,57,73
36047028100,212,145,166,105,66,152,171,89,117,44,57,73
36047028200,212,145,166,105,66,152,171,89,117,44,57,73
36047028300,212,145,166,105,66,152,171,89,117,44,57,73
36047028400,212,145,166,105,66,152,171,89,117,44,57,73
36047028501,212,145,166,105,66,152,171,89,117,44,57,73
36047028502,212,145,166,105,66,152,171,89,117,44,57,73
36047028600,212,145,166,105,66,152,171,89,117,44,57,73
36047028700,212,145,166,105,66,152,171,89,117,44,57,73
36047028800,212,145,166,105,66,152,171,89,117,44,57,73
36047028900,212,145,166,105,66,152,171,89,117,44,57,73
36047029000,212,145,166,105,66,152,171,89,117,44,57,73
36047029100,212,145,166,105,66,152,171,89,117,44,57,73
36047029200,212,145,166,105,66,152,171,89,117,44,57,73
36047029300,212,145,166,105,66,152,171,89,117,44,57,73
36047029400,212,145,166,105,66,152,171,89,117,44,57,73
36047029500,212,145,166,105,66,152,171,89,117,44,57,73
36047029600,212,145,166,105,66,152,171,89,117,44,57,73
36047029700,212,145,166,105,66,152,171,89,117,44,57,73
36047029800,212,145,166,105,66,152,171,89,117,44,57,73
36047029900,212,145,166,105,66,152,171,89,117,44,57,73
36047030000,212,145,166,105,66,152,171,89,117,44,57,73
36047030100,212,145,166,105,66,152,171,89,117,44,57,73
36047030200,212,145,166,105,66,152,171,89,117,44,57,73
36047030300,212,145,166,105,66,152,171,89,117,44,57,73
36047030400,212,145,166,105,66,152,171,89,117,44,57,73
36047030500,212,145,166,105,66,152,171,89,117,44,57,73
36047030600,212,145,166,105,66,152,171,89,117,44,57,73
36047030700,212,145,166,105,66,152,171,89,117,44,57,73
36047030800,212,145,166,105,66,152,171,89,117,44,57,73
36047030900,212,145,166,105,66,152,171,89,117,44,57,73
36047031100,212,145,166,105,66,152,171,89,117,44,57,73
36047031300,212,145,166,105,66,152,171,89,117,44,57,73
36047031400,212,145,166,105,66,152,171,89,117,44,57,73
36047031500,212,145,166,105,66,152,171,89,117,44,57,73
36047031701,212,145,166,105,66,152,171,89,117,44,57,73
36047031702,212,145,166,105,66,152,171,89,117,44,57,73
36047031900,212,145,166,105,66,152,171,89,117,44,57,73
36047032100,212,145,166,105,66,152,171,89,117,44,57,73
36047032300,212,145,166,105,66,152,171,89,117,44,57,73
36047032500,212,145,166,105,66,152,171,89,117,44,57,73
36047032600,212,145,166,105,66,152,171,89,117,44,57,73
36047032700,212,145,166,105,66,152,171,89,117,44,57,73
36047032800,212,145,166,105,66,152,171,89,117,44,57,73
36047032900,212,145,166,105,66,152,171,89,117,44,57,73
36047033000,212,145,166,105,66,152,171,89,117,44,57,73
36047033100,212,145,166,105,66,152,171,89,117,44,57,73
36047033300,212,145,166,105,66,152,171,89,117,44,57,73
36047033500,212,145,166,105,66,152,171,89,117,44,57,73
36047033600,212,145,166,105,66,152,171,89,117,44,57,73
36047033700,212,145,166,105,66,152,171,89,117,44,57,73
36047033900,212,145,166,105,66,152,171,89,117,44,57,73
36047034000,212,145,166,105,66,152,171,89,117,44,57,73
36047034100,212,145,166,105,66,152,171,89,117,44,57,73
36047034200,212,145,166,105,66,152,171,89,117,44,57,73
36047034300,212,145,166,105,66,152,171,89,117,44,57,73
36047034500,212,145,166,105,66,152,171,89,117,44,57,73
36047034700,212,145,166,105,66,152,171,89,117,44,57,73
36047034800,212,145,166,105,66,152,171,89,117,44,57,73
36047034900,212,145,166,105,66,152,171,89,117,44,57,73
36047035000,212,145,166,105,66,152,171,89,117,44,57,73
36047035100,212,145,166,105,66,152,171,89,117,44,57,73
36047035200,212,145,166,105,66,152,171,89,117,44,57,73
36047035300,212,145,166,105,66,152,171,89,117,44,57,73
36047035400,212,145,166,105,66,152,171,89,117,44,57,73
36047035500,212,145,166,105,66,152,171,89,117,44,57,73
36047035601,212,145,166,105,66,152,171,89,117,44,57,73
36047035602,212,145,166,105,66,152,171,89,117,44,57,73
36047035700,212,145,166,105,66,152,171,89,117,44,57,73
36047035900,212,145,166,105,66,152,171,89,117,44,57,73
36047036001,212,145,166,105,66,152,171,89,117,44,57,73
36047036002,212,145,166,105,66,152,171,89,117,44,57,73
36047036100,212,145,166,105,66,152,171,89,117,44,57,73
36047036200,212,145,166,105,66,152,171,89,117,44,57,73
36047036300,212,145,166,105,66,152,171,89,117,44,57,73
36047036400,212,145,166,105,66,152,171,89,117,44,57,73
36047036501,212,145,166,105,66,152,171,89,117,44,57,73
36047036502,212,145,166,105,66,152,171,89,117,44,57,73
36047036600,212,145,166,105,66,152,171,89,117,44,57,73
36047036700,212,145,166,105,66,152,171,89,117,44,57,73
36047036900,212,145,166,105,66,152,171,89,117,44,57,73
36047037000,212,145,166,105,66,152,171,89,117,44,57,73
36047037100,212,145,166,105,66,152,171,89,117,44,57,73
36047037300,212,145,166,105,66,152,171,89,117,44,57,73
36047037401,212,145,166,105,66,152,171,89,117,44,57,73
36047037402,212,145,166,105,66,152,171,89,117,44,57,73
36047037500,212,145,166,105,66,152,171,89,117,44,57,73
36047037700,212,145,166,105,66,152,171,89,117,44,57,73
36047037900,212,145,166,105,66,152,171,89,117,44,57,73
36047038100,212,145,166,105,66,152,171,89,117,44,57,73
36047038200,212,145,166,105,66,152,171,89,117,44,57,73
36047038300,212,145,166,105,66,152,171,89,117,44,57,73
36047038500,212,145,166,105,66,152,171,89,117,44,57,73
36047038600,212,145,166,105,66,152,171,89,117,44,57,73
36047038700,212,145,166,105,66,152,171,89,117,44,57,73
36047038800,212,145,166,105,66,152,171,89,117,44,57,73
36047038900,212,145,166,105,66,152,171,89,117,44,57,73
36047039000,212,145,166,105,66,152,171,89,117,44,57,73
36047039100,212,145,166,105,66,152,171,89,117,44,57,73
36047039200,212,145,166,105,66,152,171,89,117,44,57,73
36047039300,212,145,166,105,66,152,171,89,117,44,57,73
36047039400,212,145,166,105,66,152,171,89,117,44,57,73
36047039500,212,145,166,105,66,152,171,89,117,44,57,73
36047039600,212,145,166,105,66,152,171,89,117,44,57,73
36047039700,212,145,166,105,66,152,171,89,117,44,57,73
36047039800,212,145,166,105,66,152,171,89,117,44,57,73
36047039900,212,145,166,105,66,152,171,89,117,44,57,73
36047040000,212,145,166,105,66,152,171,89,117,44,57,73
36047040100,212,145,166,105,66,152,171,89,117,44,57,73
36047040200,212,145,166,105,66,152,171,89,117,44,57,73
36047040300,212,145,166,105,66,152,171,89,117,44,57,73
36047040400,212,145,166,105,66,152,171,89,117,44,57,73
36047040500,212,145,166,105,66,152,171,89,117,44,57,73
36047040600,212,145,166,105,66,152,171,89,117,44,57,73
36047040700,212,145,166,105,66,152,171,89,117,44,57,73
36047040800,212,145,166,105,66,152,171,89,117,44,57,73
36047040900,212,145,166,105,66,152,171,89,117,44,57,73
36047041000,212,145,166,105,66,152,171,89,117,44,57,73
36047041100,212,145,166,105,66,152,171,89,117,44,57,73
36047041200,212,145,166,105,66,152,171,89,117,44,57,73
36047041300,212,145,166,105,66,152,171,89,117,44,57,73
36047041401,212,145,166,105,66,152,171,89,117,44,57,73
36047041402,212,145,166,105,66,152,171,89,117,44,57,73
36047041500,212,145,166,105,66,152,171,89,117,44,57,73
36047041600,212,145,166,105,66,152,171,89,117,44,57,73
36047041700,212,145,166,105,66,152,171,89,117,44,57,73
36047041800,212,145,166,105,66,152,171,89,117,44,57,73
36047041900,212,145,166,105,66,152,171,89,117,44,57,73
36047042000,212,145,166,105,66,152,171,89,117,44,57,73
36047042100,212,145,166,105,66,152,171,89,117,44,57,73
36047042200,212,145,166,105,66,152,171,89,117,44,57,73
36047042300,212,145,166,105,66,152,171,89,117,44,57,73
36047042400,212,145,166,105,66,152,171,89,117,44,57,73
36047042500,212,145,166,105,66,152,171,89,117,44,57,73
36047042600,212,145,166,105,66,152,171,89,117,44,57,73
36047042700,212,145,166,105,66,152,171,89,117,44,57,73
36047042800,212,145,166,105,66,152,171,89,117,44,57,73
36047042900,212,145,166,105,66,152,171,89,117,44,57,73
36047043000,212,145,166,105,66,152,171,89,117,44,57,73
36047043100,212,145,166,105,66,152,171,89,117,44,57,73
36047043200,212,145,166,105,66,152,171,89,117,44,57,73
36047043300,212,145,166,105,66,152,171,89,117,44,57,73
36047043400,212,145,166,105,66,152,171,89,117,44,57,73
36047043500,212,145,166,105,66,152,171,89,117,44,57,73
36047043600,212,145,166,105,66,152,171,89,117,44,57,73
36047043700,212,145,166,105,66,152,171,89,117,44,57,73
36047043800,212,145,166,105,66,152,171,89,117,44,57,73
36047043900,212,145,166,105,66,152,171,89,117,44,57,73
36047044000,212,145,166,105,66,152,171,89,117,44,57,73
36047044100,212,145,166,105,66,152,171,89,117,44,57,73
36047044200,212,145,166,105,66,152,171,89,117,44,57,73
36047044300,212,145,166,105,66,152,171,89,117,44,57,73
36047044400,212,145,166,105,66,152,171,89,117,44,57,73
36047044500,212,145,166,105,66,152,171,89,117,44,57,73
36047044600,212,145,166,105,66,152,171,89,117,44,57,73
36047044700,212,145,166,105,66,152,171,89,117,44,57,73
36047044800,212,145,166,105,66,152,171,89,117,44,57,73
36047044900,212,145,166,105,66,152,171,89,117,44,57,73
36047045000,212,145,166,105,66,152,171,89,117,44,57,73
36047045200,212,145,166,105,66,152,171,89,117,44,57,73
36047045300,212,145,166,105,66,152,171,89,117,44,57,73
36047045400,212,145,166,105,66,152,171,89,117,44,57,73
36047045600,212,145,166,105,66,152,171,89,117,44,57,73
36047045800,212,145,166,105,66,152,171,89,117,44,57,73
36047046000,212,145,166,105,66,152,171,89,117,44,57,73
36047046201,212,145,166,105,66,152,171,89,117,44,57,73
36047046202,212,145,166,105,66,152,171,89,117,44,57,73
36047046400,212,145,166,105,66,152,171,89,117,44,57,73
36047046800,212,145,166,105,66,152,171,89,117,44,57,73
36047047000,212,145,166,105,66,152,171,89,117,44,57,73
36047047200,212,145,166,105,66,152,171,89,117,44,57,73
36047047400,212,145,166,105,66,152,171,89,117,44,57,73
36047047600,212,145,166,105,66,152,171,89,117,44,57,73
36047047700,212,145,166,105,66,152,171,89,117,44,57,73
36047047800,212,145,166,105,66,152,171,89,117,44,57,73
36047048000,212,145,166,105,66,152,171,89,117,44,57,73
36047048100,212,145,166,105,66,152,171,89,117,44,57,73
36047048200,212,145,166,105,66,152,171,89,117,44,57,73
36047048400,212,145,166,105,66,152,171,89,117,44,57,73
36047048500,212,145,166,105,66,152,171,89,117,44,57,73
36047048600,212,145,166,105,66,152,171,89,117,44,57,73
36047048800,212,145,166,105,66,152,171,89,117,44,57,73
36047048900,212,145,166,105,66,152,171,89,117,44,57,73
36047049000,212,145,166,105,66,152,171,89,117,44,57,73
36047049100,212,145,166,105,66,152,171,89,117,44,57,73
36047049200,212,145,166,105,66,152,171,89,117,44,57,73
36047049300,212,145,166,105,66,152,171,89,117,44,57,73
36047049400,212,145,166,105,66,152,171,89,117,44,57,73
36047049500,212,145,166,105,66,152,171,89,117,44,57,73
36047049600,212,145,166,105,66,152,171,89,117,44,57,73
36047049700,212,145,166,105,66,152,171,89,117,44,57,73
36047049800,212,145,166,105,66,152,171,89,117,44,57,73
36047049900,212,145,166,105,66,152,171,89,117,44,57,73
36047050000,212,145,166,105,66,152,171,89,117,44,57,73
36047050100,212,145,166,105,66,152,171,89,117,44,57,73
36047050202,212,145,166,105,66,152,171,89,117,44,57,73
36047050300,212,145,166,105,66,152,171,89,117,44,57,73
36047050400,212,145,166,105,66,152,171,89,117,44,57,73
36047050500,212,145,166,105,66,152,171,89,117,44,57,73
36047050600,212,145,166,105,66,152,171,89,117,44,57,73
36047050700,212,145,166,105,66,152,171,89,117,44,57,73
36047050801,212,145,166,105,66,152,171,89,117,44,57,73
36047050803,212,145,166,105,66,152,171,89,117,44,57,73
36047050804,212,145,166,105,66,152,171,89,117,44,57,73
36047050900,212,145,166,105,66,152,171,89,117,44,57,73
36047051001,212,145,166,105,66,152,171,89,117,44,57,73
36047051002,212,145,166,105,66,152,171,89,117,44,57,73
36047051100,212,145,166,105,66,152,171,89,117,44,57,73
36047051200,212,145,166,105,66,152,171,89,117,44,57,73
36047051300,212,145,166,105,66,152,171,89,117,44,57,73
36047051400,212,145,166,105,66,152,171,89,117,44,57,73
36047051500,212,145,166,105,66,152,171,89,117,44,57,73
36047051601,212,145,166,105,66,152,171,89,117,44,57,73
36047051602,212,145,166,105,66,152,171,89,117,44,57,73
36047051700,212,145,166,105,66,152,171,89,117,44,57,73
36047051800,212,145,166,105,66,152,171,89,117,44,57,73
36047051900,212,145,166,105,66,152,171,89,117,44,57,73
36047052000,212,145,166,105,66,152,171,89,117,44,57,73
36047052300,212,145,166,105,66,152,171,89,117,44,57,73
36047052500,212,145,166,105,66,152,171,89,117,44,57,73
36047052600,212,145,166,105,66,152,171,89,117,44,57,73
36047052700,212,145,166,105,66,152,171,89,117,44,57,73
36047052800,212,145,166,105,66,152,171,89,117,44,57,73
36047052900,212,145,166,105,66,152,171,89,117,44,57,73
36047053000,212,145,166,105,66,152,171,89,117,44,57,73
36047053100,212,145,166,105,66,152,171,89,117,44,57,73
36047053200,212,145,166,105,66,152,171,89,117,44,57,73
36047053300,212,145,166,105,66,152,171,89,117,44,57,73
36047053400,212,145,166,105,66,152,171,89,117,44,57,73
36047053500,212,145,166,105,66,152,171,89,117,44,57,73
36047053700,212,145,166,105,66,152,171,89,117,44,57,73
36047053800,212,145,166,105,66,152,171,89,117,44,57,73
36047053900,212,145,166,105,66,152,171,89,117,44,57,73
36047054200,212,145,166,105,66,152,171,89,117,44,57,73
36047054300,212,145,166,105,66,152,171,89,117,44,57,73
36047054400,212,145,166,105,66,152,171,89,117,44,57,73
36047054500,212,145,166,105,66,152,171,89,117,44,57,73
36047054600,212,145,166,105,66,152,171,89,117,44,57,73
36047054700,212,145,166,105,66,152,171,89,117,44,57,73
36047054800,212,145,166,105,66,152,171,89,117,44,57,73
36047054900,212,145,166,105,66,152,171,89,117,44,57,73
36047055000,212,145,166,105,66,152,171,89,117,44,57,73
36047055100,212,145,166,105,66,152,171,89,117,44,57,73
36047055200,212,145,166,105,66,152,171,89,117,44,57,73
36047055300,212,145,166,105,66,152,171,89,117,44,57,73
36047055400,212,145,166,105,66,152,171,89,117,44,57,73
36047055500,212,145,166,105,66,152,171,89,117,44,57,73
36047055600,212,145,166,105,66,152,171,89,117,44,57,73
36047055700,212,145,166,105,66,152,171,89,117,44,57,73
36047055800,212,145,166,105,66,152,171,89,117,44,57,73
36047056000,212,145,166,105,66,152,171,89,117,44,57,73
36047056100,212,145,166,105,66,152,171,89,117,44,57,73
36047056200,212,145,166,105,66,152,171,89,117,44,57,73
36047056300,212,145,166,105,66,152,171,89,117,44,57,73
36047056400,212,145,166,105,66,152,171,89,117,44,57,73
36047056500,212,145,166,105,66,152,171,89,117,44,57,73
36047056600,212,145,166,105,66,152,171,89,117,44,57,73
36047056800,212,145,166,105,66,152,171,89,117,44,57,73
36047056900,212,145,166,105,66,152,171,89,117,44,57,73
36047057000,212,145,166,105,66,152,171,89,117,44,57,73
36047057100,212,145,166,105,66,152,171,89,117,44,57,73
36047057200,212,145,166,105,66,152,171,89,117,44,57,73
36047057300,212,145,166,105,66,152,171,89,117,44,57,73
36047057400,212,145,166,105,66,152,171,89,117,44,57,73
36047057500,212,145,166,105,66,152,171,89,117,44,57,73
36047057600,212,145,166,105,66,152,171,89,117,44,57,73
36047057800,212,145,166,105,66,152,171,89,117,44,57,73
36047057900,212,145,166,105,66,152,171,89,117,44,57,73
36047058000,212,145,166,105,66,152,171,89,117,44,57,73
36047058200,212,145,166,105,66,152,171,89,117,44,57,73
36047058400,212,145,166,105,66,152,171,89,117,44,57,73
36047058600,212,145,166,105,66,152,171,89,117,44,57,73
36047058800,212,145,166,105,66,152,171,89,117,44,57,73
36047058900,212,145,166,105,66,152,171,89,117,44,57,73
36047059000,212,145,166,105,66,152,171,89,117,44,57,73
36047059100,212,145,166,105,66,152,171,89,117,44,57,73
36047059200,212,145,166,105,66,152,171,89,117,44,57,73
36047059300,212,145,166,105,66,152,171,89,117,44,57,73
36047059401,212,145,166,105,66,152,171,89,117,44,57,73
36047059402,212,145,166,105,66,152,171,89,117,44,57,73
36047059600,212,145,166,105,66,152,171,89,117,44,57,73
36047059800,212,145,166,105,66,152,171,89,117,44,57,73
36047060000,212,145,166,105,66,152,171,89,117,44,57,73
36047060600,212,145,166,105,66,152,171,89,117,44,57,73
36047060800,212,145,166,105,66,152,171,89,117,44,57,73
36047061002,212,145,166,105,66,152,171,89,117,44,57,73
36047061003,212,145,166,105,66,152,171,89,117,44,57,73
36047061004,212,145,166,105,66,152,171,89,117,44,57,73
36047061200,212,145,166,105,66,152,171,89,117,44,57,73
36047061600,212,145,166,105,66,152,171,89,117,44,57,73
36047062000,212,145,166,105,66,152,171,89,117,44,57,73
36047062200,212,145,166,105,66,152,171,89,117,44,57,73
36047062600,212,145,166,105,66,152,171,89,117,44,57,73
36047062800,212,145,166,105,66,152,171,89,117,44,57,73
36047063200,212,145,166,105,66,152,171,89,117,44,57,73
36047063600,212,145,166,105,66,152,171,89,117,44,57,73
36047063800,212,145,166,105,66,152,171,89,117,44,57,73
36047064000,212,145,166,105,66,152,171,89,117,44,57,73
36047064200,212,145,166,105,66,152,171,89,117,44,57,73
36047064400,212,145,166,105,66,152,171,89,117,44,57,73
36047064600,212,145,166,105,66,152,171,89,117,44,57,73
36047064800,212,145,166,105,66,152,171,89,117,44,57,73
36047065000,212,145,166,105,66,152,171,89,117,44,57,73
36047065200,212,145,166,105,66,152,171,89,117,44,57,73
36047065400,212,145,166,105,66,152,171,89,117,44,57,73
36047065600,212,145,166,105,66,152,171,89,117,44,57,73
36047065800,212,145,166,105,66,152,171,89,117,44,57,73
36047066000,212,145,166,105,66,152,171,89,117,44,57,73
36047066200,212,145,166,105,66,152,171,89,117,44,57,73
36047066600,212,145,166,105,66,152,171,89,117,44,57,73
36047067000,212,145,166,105,66,152,171,89,117,44,57,73
36047067200,212,145,166,105,66,152,171,89,117,44,57,73
36047067400,212,145,166,105,66,152,171,89,117,44,57,73
36047067600,212,145,166,105,66,152,171,89,117,44,57,73
36047067800,212,145,166,105,66,152,171,89,117,44,57,73
36047068000,212,145,166,105,66,152,171,89,117,44,57,73
36047068200,212,145,166,105,66,152,171,89,117,44,57,73
36047068600,212,145,166,105,66,152,171,89,117,44,57,73
36047068800,212,145,166,105,66,152,171,89,117,44,57,73
36047069000,212,145,166,105,66,152,171,89,117,44,57,73
36047069200,212,145,166,105,66,152,171,89,117,44,57,73
36047069601,212,145,166,105,66,152,171,89,117,44,57,73
36047069602,212,145,166,105,66,152,171,89,117,44,57,73
36047069800,212,145,166,105,66,152,171,89,117,44,57,73
36047070000,212,145,166,105,66,152,171,89,117,44,57,73
36047070201,212,145,166,105,66,152,171,89,117,44,57,73
36047070202,212,145,166,105,66,152,171,89,117,44,57,73
36047070203,212,145,166,105,66,152,171,89,117,44,57,73
36047070600,212,145,166,105,66,152,171,89,117,44,57,73
36047072000,212,145,166,105,66,152,171,89,117,44,57,73
36047072200,212,145,166,105,66,152,171,89,117,44,57,73
36047072400,212,145,166,105,66,152,171,89,117,44,57,73
36047072600,212,145,166,105,66,152,171,89,117,44,57,73
36047072800,212,145,166,105,66,152,171,89,117,44,57,73
36047073000,212,145,166,105,66,152,171,89,117,44,57,73
36047073200,212,145,166,105,66,152,171,89,117,44,57,73
36047073400,212,145,166,105,66,152,171,89,117,44,57,73
36047073600,212,145,166,105,66,152,171,89,117,44,57,73
36047073800,212,145,166,105,66,152,171,89,117,44,57,73
36047074000,212,145,166,105,66,152,171,89,117,44,57,73
36047074200,212,145,166,105,66,152,171,89,117,44,57,73
36047074400,212,145,166,105,66,152,171,89,117,44,57,73
36047074600,212,145,166,105,66,152,171,89,117,44,57,73
36047074800,212,145,166,105,66,152,171,89,117,44,57,73
36047075000,212,145,166,105,66,152,171,89,117,44,57,73
36047075200,212,145,166,105,66,152,171,89,117,44,57,73
36047075400,212,145,166,105,66,152,171,89,117,44,57,73
36047075600,212,145,166,105,66,152,171,89,117,44,57,73
36047075800,212,145,166,105,66,152,171,89,117,44,57,73
36047076000,212,145,166,105,66,152,171,89,117,44,57,73
36047076200,212,145,166,105,66,152,171,89,117,44,57,73
36047076400,212,145,166,105,66,152,171,89,117,44,57,73
36047076600,212,145,166,105,66,152,171,89,117,44,57,73
36047076800,212,145,166,105,66,152,171,89,117,44,57,73
36047077000,212,145,166,105,66,152,171,89,117,44,57,73
36047077200,212,145,166,105,66,152,171,89,117,44,57,73
36047077400,212,145,166,105,66,152,171,89,117,44,57,73
36047077600,212,145,166,105,66,152,171,89,117,44,57,73
36047078000,212,145,166,105,66,152,171,89,117,44,57,73
36047078200,212,145,166,105,66,152,171,89,117,44,57,73
36047078400,212,145,166,105,66,152,171,89,117,44,57,73
36047078600,212,145,166,105,66,152,171,89,117,44,57,73
36047078800,212,145,166,105,66,152,171,89,117,44,57,73
36047079000,212,145,166,105,66,152,171,89,117,44,57,73
36047079200,212,145,166,105,66,152,171,89,117,44,57,73
36047079400,212,145,166,105,66,152,171,89,117,44,57,73
36047079601,212,145,166,105,66,152,171,89,117,44,57,73
36047079602,212,145,166,105,66,152,171,89,117,44,57,73
36047079801,212,145,166,105,66,152,171,89,117,44,57,73
36047079802,212,145,166,105,66,152,171,89,117,44,57,73
36047080000,212,145,166,105,66,152,171,89,117,44,57,73
36047080200,212,145,166,105,66,152,171,89,117,44,57,73
36047080400,212,145,166,105,66,152,171,89,117,44,57,73
36047080600,212,145,166,105,66,152,171,89,117,44,57,73
36047080800,212,145,166,105,66,152,171,89,117,44,57,73
36047081000,212,145,166,105,66,152,171,89,117,44,57,73
36047081400,212,145,166,105,66,152,171,89,117,44,57,73
36047081600,212,145,166,105,66,152,171,89,117,44,57,73
36047081800,212,145,166,105,66,152,171,89,117,44,57,73
36047082000,212,145,166,105,66,152,171,89,117,44,57,73
36047082200,212,145,166,105,66,152,171,89,117,44,57,73
36047082400,212,145,166,105,66,152,171,89,117,44,57,73
36047082600,212,145,166,105,66,152,171,89,117,44,57,73
36047082800,212,145,166,105,66,152,171,89,117,44,57,73
36047083000,212,145,166,105,66,152,171,89,117,44,57,73
36047083200,212,145,166,105,66,152,171,89,117,44,57,73
36047083400,212,145,166,105,66,152,171,89,117,44,57,73
36047083600,212,145,166,105,66,152,171,89,117,44,57,73
36047083800,212,145,166,105,66,152,171,89,117,44,57,73
36047084000,212,145,166,105,66,152,171,89,117,44,57,73
36047084600,212,145,166,105,66,152,171,89,117,44,57,73
36047084800,212,145,166,105,66,152,171,89,117,44,57,73
36047085000,212,145,166,105,66,152,171,89,117,44,57,73
36047085200,212,145,166,105,66,152,171,89,117,44,57,73
36047085400,212,145,166,105,66,152,171,89,117,44,57,73
36047085600,212,145,166,105,66,152,171,89,117,44,57,73
36047085800,212,145,166,105,66,152,171,89,117,44,57,73
36047086000,212,145,166,105,66,152,171,89,117,44,57,73
36047086200,212,145,166,105,66,152,171,89,117,44,57,73
36047086400,212,145,166,105,66,152,171,89,117,44,57,73
36047086600,212,145,166,105,66,152,171,89,117,44,57,73
36047086800,212,145,166,105,66,152,171,89,117,44,57,73
36047087000,212,145,166,105,66,152,171,89,117,44,57,73
36047087200,212,145,166,105,66,152,171,89,117,44,57,73
36047087401,212,145,166,105,66,152,171,89,117,44,57,73
36047087600,212,145,166,105,66,152,171,89,117,44,57,73
36047087800,212,145,166,105,66,152,171,89,117,44,57,73
36047088000,212,145,166,105,66,152,171,89,117,44,57,73
36047088200,212,145,166,105,66,152,171,89,117,44,57,73
36047088400,212,145,166,105,66,152,171,89,117,44,57,73
36047088600,212,145,166,105,66,152,171,89,117,44,57,73
36047088800,212,145,166,105,66,152,171,89,117,44,57,73
36047089000,212,145,166,105,66,152,171,89,117,44,57,73
36047089200,212,145,166,105,66,152,171,89,117,44,57,73
36047089400,212,145,166,105,66,152,171,89,117,44,57,73
36047089600,212,145,166,105,66,152,171,89,117,44,57,73
36047089800,212,145,166,105,66,152,171,89,117,44,57,73
36047090000,212,145,166,105,66,152,171,89,117,44,57,73
36047090200,212,145,166,105,66,152,171,89,117,44,57,73
36047090600,212,145,166,105,66,152,171,89,117,44,57,73
36047090800,212,145,166,105,66,152,171,89,117,44,57,73
36047091000,212,145,166,105,66,152,171,89,117,44,57,73
36047091200,212,145,166,105,66,152,171,89,117,44,57,73
36047091600,212,145,166,105,66,152,171,89,117,44,57,73
36047091800,212,145,166,105,66,152,171,89,117,44,57,73
36047092000,212,145,166,105,66,152,171,89,117,44,57,73
36047092200,212,145,166,105,66,152,171,89,117,44,57,73
36047092400,212,145,166,105,66,152,171,89,117,44,57,73
36047092800,212,145,166,105,66,152,171,89,117,44,57,73
36047093000,212,145,166,105,66,152,171,89,117,44,57,73
36047093200,212,145,166,105,66,152,171,89,117,44,57,73
36047093400,212,145,166,105,66,152,171,89,117,44,57,73
36047093600,212,145,166,105,66,152,171,89,117,44,57,73
36047093800,212,145,166,105,66,152,171,89,117,44,57,73
36047094401,212,145,166,105,66,152,171,89,117,44,57,73
36047094402,212,145,166,105,66,152,171,89,117,44,57,73
36047094600,212,145,166,105,66,152,171,89,117,44,57,73
36047095000,212,145,166,105,66,152,171,89,117,44,57,73
36047095400,212,145,166,105,66,152,171,89,117,44,57,73
36047095600,212,145,166,105,66,152,171,89,117,44,57,73
36047095800,212,145,166,105,66,152,171,89,117,44,57,73
36047096000,212,145,166,105,66,152,171,89,117,44,57,73
36047096200,212,145,166,105,66,152,171,89,117,44,57,73
36047096400,212,145,166,105,66,152,171,89,117,44,57,73
36047096600,212,145,166,105,66,152,171,89,117,44,57,73
36047096800,212,145,166,105,66,152,171,89,117,44,57,73
36047097000,212,145,166,105,66,152,171,89,117,44,57,73
36047097400,212,145,166,105,66,152,171,89,117,44,57,73
36047098200,212,145,166,105,66,152,171,89,117,44,57,73
36047098400,212,145,166,105,66,152,171,89,117,44,57,73
36047098600,212,145,166,105,66,152,171,89,117,44,57,73
36047098800,212,145,166,105,66,152,171,89,117,44,57,73
36047099000,212,145,166,105,66,152,171,89,117,44,57,73
36047099200,212,145,166,105,66,152,171,89,117,44,57,73
36047099400,212,145,166,105,66,152,171,89,117,44,57,73
36047099600,212,145,166,105,66,152,171,89,117,44,57,73
36047099800,212,145,166,105,66,152,171,89,117,44,57,73
36047100400,212,145,166,105,66,152,171,89,117,44,57,73
36047100600,212,145,166,105,66,152,171,89,117,44,57,73
36047100800,212,145,166,105,66,152,171,89,117,44,57,73
36047101000,212,145,166,105,66,152,171,89,117,44,57,73
36047101200,212,145,166,105,66,152,171,89,117,44,57,73
36047101400,212,145,166,105,66,152,171,89,117,44,57,73
36047101600,212,145,166,105,66,152,171,89,117,44,57,73
36047101800,212,145,166,105,66,152,171,89,117,44,57,73
36047102000,212,145,166,105,66,152,171,89,117,44,57,73
36047102200,212,145,166,105,66,152,171,89,117,44,57,73
36047102400,212,145,166,105,66,152,171,89,117,44,57,73
36047102600,212,145,166,105,66,152,171,89,117,44,57,73
36047102800,212,145,166,105,66,152,171,89,117,44,57,73
36047103400,212,145,166,105,66,152,171,89,117,44,57,73
36047105801,212,145,166,105,66,152,171,89,117,44,57,73
36047105804,212,145,166,105,66,152,171,89,117,44,57,73
36047107000,212,145,166,105,66,152,171,89,117,44,57,73
36047107800,212,145,166,105,66,152,171,89,117,44,57,73
36047109800,212,145,166,105,66,152,171,89,117,44,57,73
36047110400,212,145,166,105,66,152,171,89,117,44,57,73
36047110600,212,145,166,105,66,152,171,89,117,44,57,73
36047111000,212,145,166,105,66,152,171,89,117,44,57,73
36047111600,212,145,166,105,66,152,171,89,117,44,57,73
36047111800,212,145,166,105,66,152,171,89,117,44,57,73
36047112000,212,145,166,105,66,152,171,89,117,44,57,73
36047112200,212,145,166,105,66,152,171,89,117,44,57,73
36047112400,212,145,166,105,66,152,171,89,117,44,57,73
36047112600,212,145,166,105,66,152,171,89,117,44,57,73
36047112800,212,145,166,105,66,152,171,89,117,44,57,73
36047113000,212,145,166,105,66,152,171,89,117,44,57,73
36047113200,212,145,166,105,66,152,171,89,117,44,57,73
36047113400,212,145,166,105,66,152,171,89,117,44,57,73
36047114201,212,145,166,105,66,152,171,89,117,44,57,73
36047114202,212,145,166,105,66,152,171,89,117,44,57,73
36047114400,212,145,166,105,66,152,171,89,117,44,57,73
36047114600,212,145,166,105,66,152,171,89,117,44,57,73
36047115000,212,145,166,105,66,152,171,89,117,44,57,73
36047115200,212,145,166,105,66,152,171,89,117,44,57,73
36047115600,212,145,166,105,66,152,171,89,117,44,57,73
36047115800,212,145,166,105,66,152,171,89,117,44,57,73
36047116000,212,145,166,105,66,152,171,89,117,44,57,73
36047116200,212,145,166,105,66,152,171,89,117,44,57,73
36047116400,212,145,166,105,66,152,171,89,117,44,57,73
36047116600,212,145,166,105,66,152,171,89,117,44,57,73
36047116800,212,145,166,105,66,152,171,89,117,44,57,73
36047117000,212,145,166,105,66,152,171,89,117,44,57,73
36047117201,212,145,166,105,66,152,171,89,117,44,57,73
36047117202,212,145,166,105,66,152,171,89,117,44,57,73
36047117400,212,145,166,105,66,152,171,89,117,44,57,73
36047117601,212,145,166,105,66,152,171,89,117,44,57,73
36047117602,212,145,166,105,66,152,171,89,117,44,57,73
36047117800,212,145,166,105,66,152,171,89,117,44,57,73
36047118000,212,145,166,105,66,152,171,89,117,44,57,73
36047118201,212,145,166,105,66,152,171,89,117,44,57,73
36047118202,212,145,166,105,66,152,171,89,117,44,57,73
36047118400,212,145,166,105,66,152,171,89,117,44,57,73
36047118600,212,145,166,105,66,152,171,89,117,44,57,73
36047118800,212,145,166,105,66,152,171,89,117,44,57,73
36047119000,212,145,166,105,66,152,171,89,117,44,57,73
36047119200,212,145,166,105,66,152,171,89,117,44,57,73
36047119400,212,145,166,105,66,152,171,89,117,44,57,73
36047119600,212,145,166,105,66,152,171,89,117,44,57,73
36047119800,212,145,166,105,66,152,171,89,117,44,57,73
36047120000,212,145,166,105,66,152,171,89,117,44,57,73
36047120200,212,145,166,105,66,152,171,89,117,44,57,73
36047120800,212,145,166,105,66,152,171,89,117,44,57,73
36047121000,212,145,166,105,66,152,171,89,117,44,57,73
36047121400,212,145,166,105,66,152,171,89,117,44,57,73
36047122000,212,145,166,105,66,152,171,89,117,44,57,73
36047123700,212,145,166,105,66,152,171,89,117,44,57,73
36047150200,212,145,166,105,66,152,171,89,117,44,57,73
36047152200,212,145,166,105,66,152,171,89,117,44,57,73
36047990100,212,145,166,105,66,152,171,89,117,44,57,73
36061000100,29,51,38,38,12,27,31,65,23,8,2,18
36061000201,29,51,38,38,12,27,31,65,23,8,2,18
36061000202,29,51,38,38,12,27,31,65,23,8,2,18
36061000500,29,51,38,38,12,27,31,65,23,8,2,18
36061000600,29,51,38,38,12,27,31,65,23,8,2,18
36061000700,29,51,38,38,12,27,31,65,23,8,2,18
36061000800,29,51,38,38,12,27,31,65,23,8,2,18
36061000900,29,51,38,38,12,27,31,65,23,8,2,18
36061001001,29,51,38,38,12,27,31,65,23,8,2,18
36061001002,29,51,38,38,12,27,31,65,23,8,2,18
36061001200,29,51,38,38,12,27,31,65,23,8,2,18
36061001300,29,51,38,38,12,27,31,65,23,8,2,18
36061001401,29,51,38,38,12,27,31,65,23,8,2,18
36061001402,29,51,38,38,12,27,31,65,23,8,2,18
36061001501,29,51,38,38,12,27,31,65,23,8,2,18
36061001502,29,51,38,38,12,27,31,65,23,8,2,18
36061001600,29,51,38,38,12,27,31,65,23,8,2,18
36061001800,29,51,38,38,12,27,31,65,23,8,2,18
36061002000,29,51,38,38,12,27,31,65,23,8,2,18
36061002100,29,51,38,38,12,27,31,65,23,8,2,18
36061002201,29,51,38,38,12,27,31,65,23,8,2,18
36061002202,29,51,38,38,12,27,31,65,23,8,2,18
36061002400,29,51,38,38,12,27,31,65,23,8,2,18
36061002500,29,51,38,38,12,27,31,65,23,8,2,18
36061002601,29,51,38,38,12,27,31,65,23,8,2,18
36061002602,29,51,38,38,12,27,31,65,23,8,2,18
36061002700,29,51,38,38,12,27,31,65,23,8,2,18
36061002800,29,51,38,38,12,27,31,65,23,8,2,18
36061002900,29,51,38,38,12,27,31,65,23,8,2,18
36061003001,29,51,38,38,12,27,31,65,23,8,2,18
36061003002,29,51,38,38,12,27,31,65,23,8,2,18
36061003100,29,51,38,38,12,27,31,65,23,8,2,18
36061003200,29,51,38,38,12,27,31,65,23,8,2,18
36061003300,29,51,38,38,12,27,31,65,23,8,2,18
36061003400,29,51,38,38,12,27,31,65,23,8,2,18
36061003601,29,51,38,38,12,27,31,65,23,8,2,18
36061003602,29,51,38,38,12,27,31,65,23,8,2,18
36061003700,29,51,38,38,12,27,31,65,23,8,2,18
36061003800,29,51,38,38,12,27,31,65,23,8,2,18
36061003900,29,51,38,38,12,27,31,65,23,8,2,18
36061004000,29,51,38,38,12,27,31,65,23,8,2,18
36061004100,29,51,38,38,12,27,31,65,23,8,2,18
36061004200,29,51,38,38,12,27,31,65,23,8,2,18
36061004300,29,51,38,38,12,27,31,65,23,8,2,18
36061004400,29,51,38,38,12,27,31,65,23,8,2,18
36061004500,29,51,38,38,12,27,31,65,23,8,2,18
36061004700,29,51,38,38,12,27,31,65,23,8,2,18
36061004800,29,51,38,38,12,27,31,65,23,8,2,18
36061004900,29,51,38,38,12,27,31,65,23,8,2,18
36061005000,29,51,38,38,12,27,31,65,23,8,2,18
36061005200,29,51,38,38,12,27,31,65,23,8,2,18
36061005400,29,51,38,38,12,27,31,65,23,8,2,18
36061005501,29,51,38,38,12,27,31,65,23,8,2,18
36061005502,29,51,38,38,12,27,31,65,23,8,2,18
36061005600,29,51,38,38,12,27,31,65,23,8,2,18
36061005700,29,51,38,38,12,27,31,65,23,8,2,18
36061005800,29,51,38,38,12,27,31,65,23,8,2,18
36061005900,29,51,38,38,12,27,31,65,23,8,2,18
36061006000,29,51,38,38,12,27,31,65,23,8,2,18
36061006100,29,51,38,38,12,27,31,65,23,8,2,18
36061006200,29,51,38,38,12,27,31,65,23,8,2,18
36061006300,29,51,38,38,12,27,31,65,23,8,2,18
36061006400,29,51,38,38,12,27,31,65,23,8,2,18
36061006500,29,51,38,38,12,27,31,65,23,8,2,18
36061006600,29,51,38,38,12,27,31,65,23,8,2,18
36061006700,29,51,38,38,12,27,31,65,23,8,2,18
36061006800,29,51,38,38,12,27,31,65,23,8,2,18
36061006900,29,51,38,38,12,27,31,65,23,8,2,18
36061007000,29,51,38,38,12,27,31,65,23,8,2,18
36061007100,29,51,38,38,12,27,31,65,23,8,2,18
36061007200,29,51,38,38,12,27,31,65,23,8,2,18
36061007300,29,51,38,38,12,27,31,65,23,8,2,18
36061007400,29,51,38,38,12,27,31,65,23,8,2,18
36061007500,29,51,38,38,12,27,31,65,23,8,2,18
36061007600,29,51,38,38,12,27,31,65,23,8,2,18
36061007700,29,51,38,38,12,27,31,65,23,8,2,18
36061007800,29,51,38,38,12,27,31,65,23,8,2,18
36061007900,29,51,38,38,12,27,31,65,23,8,2,18
36061008000,29,51,38,38,12,27,31,65,23,8,2,18
36061008100,29,51,38,38,12,27,31,65,23,8,2,18
36061008200,29,51,38,38,12,27,31,65,23,8,2,18
36061008300,29,51,38,38,12,27,31,65,23,8,2,18
36061008400,29,51,38,38,12,27,31,65,23,8,2,18
36061008601,29,51,38,38,12,27,31,65,23,8,2,18
36061008602,29,51,38,38,12,27,31,65,23,8,2,18
36061008603,29,51,38,38,12,27,31,65,23,8,2,18
36061008700,29,51,38,38,12,27,31,65,23,8,2,18
36061008800,29,51,38,38,12,27,31,65,23,8,2,18
36061008900,29,51,38,38,12,27,31,65,23,8,2,18
36061009000,29,51,38,38,12,27,31,65,23,8,2,18
36061009100,29,51,38,38,12,27,31,65,23,8,2,18
36061009200,29,51,38,38,12,27,31,65,23,8,2,18
36061009300,29,51,38,38,12,27,31,65,23,8,2,18
36061009400,29,51,38,38,12,27,31,65,23,8,2,18
36061009500,29,51,38,38,12,27,31,65,23,8,2,18
36061009600,29,51,38,38,12,27,31,65,23,8,2,18
36061009700,29,51,38,38,12,27,31,65,23,8,2,18
36061009800,29,51,38,38,12,27,31,65,23,8,2,18
36061009900,29,51,38,38,12,27,31,65,23,8,2,18
36061010000,29,51,38,38,12,27,31,65,23,8,2,18
36061010100,29,51,38,38,12,27,31,65,23,8,2,18
36061010200,29,51,38,38,12,27,31,65,23,8,2,18
36061010300,29,51,38,38,12,27,31,65,23,8,2,18
36061010400,29,51,38,38,12,27,31,65,23,8,2,18
36061010601,29,51,38,38,12,27,31,65,23,8,2,18
36061010602,29,51,38,38,12,27,31,65,23,8,2,18
36061010800,29,51,38,38,12,27,31,65,23,8,2,18
36061010900,29,51,38,38,12,27,31,65,23,8,2,18
36061011000,29,51,38,38,12,27,31,65,23,8,2,18
36061011100,29,51,38,38,12,27,31,65,23,8,2,18
36061011201,29,51,38,38,12,27,31,65,23,8,2,18
36061011202,29,51,38,38,12,27,31,65,23,8,2,18
36061011203,29,51,38,38,12,27,31,65,23,8,2,18
36061011300,29,51,38,38,12,27,31,65,23,8,2,18
36061011401,29,51,38,38,12,27,31,65,23,8,2,18
36061011402,29,51,38,38,12,27,31,65,23,8,2,18
36061011500,29,51,38,38,12,27,31,65,23,8,2,18
36061011600,29,51,38,38,12,27,31,65,23,8,2,18
36061011700,29,51,38,38,12,27,31,65,23,8,2,18
36061011800,29,51,38,38,12,27,31,65,23,8,2,18
36061011900,29,51,38,38,12,27,31,65,23,8,2,18
36061012000,29,51,38,38,12,27,31,65,23,8,2,18
36061012100,29,51,38,38,12,27,31,65,23,8,2,18
36061012200,29,51,38,38,12,27,31,65,23,8,2,18
36061012400,29,51,38,38,12,27,31,65,23,8,2,18
36061012500,29,51,38,38,12,27,31,65,23,8,2,18
36061012600,29,51,38,38,12,27,31,65,23,8,2,18
36061012700,29,51,38,38,12,27,31,65,23,8,2,18
36061012800,29,51,38,38,12,27,31,65,23,8,2,18
36061012900,29,51,38,38,12,27,31,65,23,8,2,18
36061013000,29,51,38,38,12,27,31,65,23,8,2,18
36061013100,29,51,38,38,12,27,31,65,23,8,2,18
36061013200,29,51,38,38,12,27,31,65,23,8,2,18
36061013300,29,51,38,38,12,27,31,65,23,8,2,18
36061013400,29,51,38,38,12,27,31,65,23,8,2,18
36061013500,29,51,38,38,12,27,31,65,23,8,2,18
36061013600,29,51,38,38,12,27,31,65,23,8,2,18
36061013700,29,51,38,38,12,27,31,65,23,8,2,18
36061013800,29,51,38,38,12,27,31,65,23,8,2,18
36061013900,29,51,38,38,12,27,31,65,23,8,2,18
36061014000,29,51,38,38,12,27,31,65,23,8,2,18
36061014200,29,51,38,38,12,27,31,65,23,8,2,18
36061014300,29,51,38,38,12,27,31,65,23,8,2,18
36061014401,29,51,38,38,12,27,31,65,23,8,2,18
36061014402,29,51,38,38,12,27,31,65,23,8,2,18
36061014500,29,51,38,38,12,27,31,65,23,8,2,18
36061014601,29,51,38,38,12,27,31,65,23,8,2,18
36061014602,29,51,38,38,12,27,31,65,23,8,2,18
36061014700,29,51,38,38,12,27,31,65,23,8,2,18
36061014801,29,51,38,38,12,27,31,65,23,8,2,18
36061014802,29,51,38,38,12,27,31,65,23,8,2,18
36061014900,29,51,38,38,12,27,31,65,23,8,2,18
36061015001,29,51,38,38,12,27,31,65,23,8,2,18
36061015002,29,51,38,38,12,27,31,65,23,8,2,18
36061015100,29,51,38,38,12,27,31,65,23,8,2,18
36061015200,29,51,38,38,12,27,31,65,23,8,2,18
36061015300,29,51,38,38,12,27,31,65,23,8,2,18
36061015400,29,51,38,38,12,27,31,65,23,8,2,18
36061015500,29,51,38,38,12,27,31,65,23,8,2,18
36061015601,29,51,38,38,12,27,31,65,23,8,2,18
36061015602,29,51,38,38,12,27,31,65,23,8,2,18
36061015700,29,51,38,38,12,27,31,65,23,8,2,18
36061015801,29,51,38,38,12,27,31,65,23,8,2,18
36061015802,29,51,38,38,12,27,31,65,23,8,2,18
36061015900,29,51,38,38,12,27,31,65,23,8,2,18
36061016001,29,51,38,38,12,27,31,65,23,8,2,18
36061016002,29,51,38,38,12,27,31,65,23,8,2,18
36061016100,29,51,38,38,12,27,31,65,23,8,2,18
36061016200,29,51,38,38,12,27,31,65,23,8,2,18
36061016300,29,51,38,38,12,27,31,65,23,8,2,18
36061016400,29,51,38,38,12,27,31,65,23,8,2,18
36061016500,29,51,38,38,12,27,31,65,23,8,2,18
36061016600,29,51,38,38,12,27,31,65,23,8,2,18
36061016700,29,51,38,38,12,27,31,65,23,8,2,18
36061016800,29,51,38,38,12,27,31,65,23,8,2,18
36061016900,29,51,38,38,12,27,31,65,23,8,2,18
36061017000,29,51,38,38,12,27,31,65,23,8,2,18
36061017100,29,51,38,38,12,27,31,65,23,8,2,18
36061017200,29,51,38,38,12,27,31,65,23,8,2,18
36061017300,29,51,38,38,12,27,31,65,23,8,2,18
36061017401,29,51,38,38,12,27,31,65,23,8,2,18
36061017402,29,51,38,38,12,27,31,65,23,8,2,18
36061017500,29,51,38,38,12,27,31,65,23,8,2,18
36061017700,29,51,38,38,12,27,31,65,23,8,2,18
36061017800,29,51,38,38,12,27,31,65,23,8,2,18
36061017900,29,51,38,38,12,27,31,65,23,8,2,18
36061018000,29,51,38,38,12,27,31,65,23,8,2,18
36061018100,29,51,38,38,12,27,31,65,23,8,2,18
36061018200,29,51,38,38,12,27,31,65,23,8,2,18
36061018300,29,51,38,38,12,27,31,65,23,8,2,18
36061018400,29,51,38,38,12,27,31,65,23,8,2,18
36061018500,29,51,38,38,12,27,31,65,23,8,2,18
36061018600,29,51,38,38,12,27,31,65,23,8,2,18
36061018700,29,51,38,38,12,27,31,65,23,8,2,18
36061018800,29,51,38,38,12,27,31,65,23,8,2,18
36061018900,29,51,38,38,12,27,31,65,23,8,2,18
36061019000,29,51,38,38,12,27,31,65,23,8,2,18
36061019100,29,51,38,38,12,27,31,65,23,8,2,18
36061019200,29,51,38,38,12,27,31,65,23,8,2,18
36061019300,29,51,38,38,12,27,31,65,23,8,2,18
36061019400,29,51,38,38,12,27,31,65,23,8,2,18
36061019500,29,51,38,38,12,27,31,65,23,8,2,18
36061019600,29,51,38,38,12,27,31,65,23,8,2,18
36061019701,29,51,38,38,12,27,31,65,23,8,2,18
36061019702,29,51,38,38,12,27,31,65,23,8,2,18
36061019800,29,51,38,38,12,27,31,65,23,8,2,18
36061019900,29,51,38,38,12,27,31,65,23,8,2,18
36061020000,29,51,38,38,12,27,31,65,23,8,2,18
36061020101,29,51,38,38,12,27,31,65,23,8,2,18
36061020102,29,51,38,38,12,27,31,65,23,8,2,18
36061020300,29,51,38,38,12,27,31,65,23,8,2,18
36061020500,29,51,38,38,12,27,31,65,23,8,2,18
36061020600,29,51,38,38,12,27,31,65,23,8,2,18
36061020701,29,51,38,38,12,27,31,65,23,8,2,18
36061020800,29,51,38,38,12,27,31,65,23,8,2,18
36061020901,29,51,38,38,12,27,31,65,23,8,2,18
36061021000,29,51,38,38,12,27,31,65,23,8,2,18
36061021100,29,51,38,38,12,27,31,65,23,8,2,18
36061021200,29,51,38,38,12,27,31,65,23,8,2,18
36061021303,29,51,38,38,12,27,31,65,23,8,2,18
36061021400,29,51,38,38,12,27,31,65,23,8,2,18
36061021500,29,51,38,38,12,27,31,65,23,8,2,18
36061021600,29,51,38,38,12,27,31,65,23,8,2,18
36061021703,29,51,38,38,12,27,31,65,23,8,2,18
36061021800,29,51,38,38,12,27,31,65,23,8,2,18
36061021900,29,51,38,38,12,27,31,65,23,8,2,18
36061022000,29,51,38,38,12,27,31,65,23,8,2,18
36061022102,29,51,38,38,12,27,31,65,23,8,2,18
36061022200,29,51,38,38,12,27,31,65,23,8,2,18
36061022301,29,51,38,38,12,27,31,65,23,8,2,18
36061022302,29,51,38,38,12,27,31,65,23,8,2,18
36061022400,29,51,38,38,12,27,31,65,23,8,2,18
36061022500,29,51,38,38,12,27,31,65,23,8,2,18
36061022600,29,51,38,38,12,27,31,65,23,8,2,18
36061022700,29,51,38,38,12,27,31,65,23,8,2,18
36061022800,29,51,38,38,12,27,31,65,23,8,2,18
36061022900,29,51,38,38,12,27,31,65,23,8,2,18
36061023000,29,51,38,38,12,27,31,65,23,8,2,18
36061023100,29,51,38,38,12,27,31,65,23,8,2,18
36061023200,29,51,38,38,12,27,31,65,23,8,2,18
36061023300,29,51,38,38,12,27,31,65,23,8,2,18
36061023400,29,51,38,38,12,27,31,65,23,8,2,18
36061023501,29,51,38,38,12,27,31,65,23,8,2,18
36061023502,29,51,38,38,12,27,31,65,23,8,2,18
36061023600,29,51,38,38,12,27,31,65,23,8,2,18
36061023700,29,51,38,38,12,27,31,65,23,8,2,18
36061023801,29,51,38,38,12,27,31,65,23,8,2,18
36061023802,29,51,38,38,12,27,31,65,23,8,2,18
36061023900,29,51,38,38,12,27,31,65,23,8,2,18
36061024000,29,51,38,38,12,27,31,65,23,8,2,18
36061024100,29,51,38,38,12,27,31,65,23,8,2,18
36061024200,29,51,38,38,12,27,31,65,23,8,2,18
36061024301,29,51,38,38,12,27,31,65,23,8,2,18
36061024302,29,51,38,38,12,27,31,65,23,8,2,18
36061024500,29,51,38,38,12,27,31,65,23,8,2,18
36061024700,29,51,38,38,12,27,31,65,23,8,2,18
36061024900,29,51,38,38,12,27,31,65,23,8,2,18
36061025100,29,51,38,38,12,27,31,65,23,8,2,18
36061025300,29,51,38,38,12,27,31,65,23,8,2,18
36061025500,29,51,38,38,12,27,31,65,23,8,2,18
36061025700,29,51,38,38,12,27,31,65,23,8,2,18
36061025900,29,51,38,38,12,27,31,65,23,8,2,18
36061026100,29,51,38,38,12,27,31,65,23,8,2,18
36061026300,29,51,38,38,12,27,31,65,23,8,2,18
36061026500,29,51,38,38,12,27,31,65,23,8,2,18
36061026700,29,51,38,38,12,27,31,65,23,8,2,18
36061026900,29,51,38,38,12,27,31,65,23,8,2,18
36061027100,29,51,38,38,12,27,31,65,23,8,2,18
36061027300,29,51,38,38,12,27,31,65,23,8,2,18
36061027500,29,51,38,38,12,27,31,65,23,8,2,18
36061027700,29,51,38,38,12,27,31,65,23,8,2,18
36061027900,29,51,38,38,12,27,31,65,23,8,2,18
36061028100,29,51,38,38,12,27,31,65,23,8,2,18
36061028300,29,51,38,38,12,27,31,65,23,8,2,18
36061028500,29,51,38,38,12,27,31,65,23,8,2,18
36061028700,29,51,38,38,12,27,31,65,23,8,2,18
36061029100,29,51,38,38,12,27,31,65,23,8,2,18
36061029300,29,51,38,38,12,27,31,65,23,8,2,18
36061029500,29,51,38,38,12,27,31,65,23,8,2,18
36061029700,29,51,38,38,12,27,31,65,23,8,2,18
36061029900,29,51,38,38,12,27,31,65,23,8,2,18
36061030300,29,51,38,38,12,27,31,65,23,8,2,18
36061030700,29,51,38,38,12,27,31,65,23,8,2,18
36061030900,29,51,38,38,12,27,31,65,23,8,2,18
36061031100,29,51,38,38,12,27,31,65,23,8,2,18
36061031703,29,51,38,38,12,27,31,65,23,8,2,18
36061031704,29,51,38,38,12,27,31,65,23,8,2,18
36061031900,29,51,38,38,12,27,31,65,23,8,2,18
36081000100,282,208,322,183,182,163,250,187,109,127,127,178
36081000200,282,208,322,183,182,163,250,187,109,127,127,178
36081000400,282,208,322,183,182,163,250,187,109,127,127,178
36081000600,282,208,322,183,182,163,250,187,109,127,127,178
36081000700,282,208,322,183,182,163,250,187,109,127,127,178
36081000800,282,208,322,183,182,163,250,187,109,127,127,178
36081001000,282,208,322,183,182,163,250,187,109,127,127,178
36081001200,282,208,322,183,182,163,250,187,109,127,127,178
36081001400,282,208,322,183,182,163,250,187,109,127,127,178
36081001600,282,208,322,183,182,163,250,187,109,127,127,178
36081001800,282,208,322,183,182,163,250,187,109,127,127,178
36081001900,282,208,322,183,182,163,250,187,109,127,127,178
36081002000,282,208,322,183,182,163,250,187,109,127,127,178
36081002200,282,208,322,183,182,163,250,187,109,127,127,178
36081002400,282,208,322,183,182,163,250,187,109,127,127,178
36081002500,282,208,322,183,182,163,250,187,109,127,127,178
36081002600,282,208,322,183,182,163,250,187,109,127,127,178
36081002800,282,208,322,183,182,163,250,187,109,127,127,178
36081003000,282,208,322,183,182,163,250,187,109,127,127,178
36081003100,282,208,322,183,182,163,250,187,109,127,127,178
36081003200,282,208,322,183,182,163,250,187,109,127,127,178
36081003300,282,208,322,183,182,163,250,187,109,127,127,178
36081003400,282,208,322,183,182,163,250,187,109,127,127,178
36081003600,282,208,322,183,182,163,250,187,109,127,127,178
36081003700,282,208,322,183,182,163,250,187,109,127,127,178
36081003800,282,208,322,183,182,163,250,187,109,127,127,178
36081003900,282,208,322,183,182,163,250,187,109,127,127,178
36081004001,282,208,322,183,182,163,250,187,109,127,127,178
36081004002,282,208,322,183,182,163,250,187,109,127,127,178
36081004200,282,208,322,183,182,163,250,187,109,127,127,178
36081004300,282,208,322,183,182,163,250,187,109,127,127,178
36081004401,282,208,322,183,182,163,250,187,109,127,127,178
36081004500,282,208,322,183,182,163,250,187,109,127,127,178
36081004700,282,208,322,183,182,163,250,187,109,127,127,178
36081005000,282,208,322,183,182,163,250,187,109,127,127,178
36081005100,282,208,322,183,182,163,250,187,109,127,127,178
36081005200,282,208,322,183,182,163,250,187,109,127,127,178
36081005300,282,208,322,183,182,163,250,187,109,127,127,178
36081005400,282,208,322,183,182,163,250,187,109,127,127,178
36081005500,282,208,322,183,182,163,250,187,109,127,127,178
36081005700,282,208,322,183,182,163,250,187,109,127,127,178
36081005800,282,208,322,183,182,163,250,187,109,127,127,178
36081005900,282,208,322,183,182,163,250,187,109,127,127,178
36081006100,282,208,322,183,182,163,250,187,109,127,127,178
36081006201,282,208,322,183,182,163,250,187,109,127,127,178
36081006202,282,208,322,183,182,163,250,187,109,127,127,178
36081006300,282,208,322,183,182,163,250,187,109,127,127,178
36081006501,282,208,322,183,182,163,250,187,109,127,127,178
36081006502,282,208,322,183,182,163,250,187,109,127,127,178
36081006900,282,208,322,183,182,163,250,187,109,127,127,178
36081007100,282,208,322,183,182,163,250,187,109,127,127,178
36081007300,282,208,322,183,182,163,250,187,109,127,127,178
36081007500,282,208,322,183,182,163,250,187,109,127,127,178
36081007700,282,208,322,183,182,163,250,187,109,127,127,178
36081007900,282,208,322,183,182,163,250,187,109,127,127,178
36081008100,282,208,322,183,182,163,250,187,109,127,127,178
36081008300,282,208,322,183,182,163,250,187,109,127,127,178
36081008500,282,208,322,183,182,163,250,187,109,127,127,178
36081008600,282,208,322,183,182,163,250,187,109,127,127,178
36081008700,282,208,322,183,182,163,250,187,109,127,127,178
36081008800,282,208,322,183,182,163,250,187,109,127,127,178
36081009100,282,208,322,183,182,163,250,187,109,127,127,178
36081009400,282,208,322,183,182,163,250,187,109,127,127,178
36081009500,282,208,322,183,182,163,250,187,109,127,127,178
36081009600,282,208,322,183,182,163,250,187,109,127,127,178
36081009700,282,208,322,183,182,163,250,187,109,127,127,178
36081009800,282,208,322,183,182,163,250,187,109,127,127,178
36081009900,282,208,322,183,182,163,250,187,109,127,127,178
36081010000,282,208,322,183,182,163,250,187,109,127,127,178
36081010100,282,208,322,183,182,163,250,187,109,127,127,178
36081010200,282,208,322,183,182,163,250,187,109,127,127,178
36081010300,282,208,322,183,182,163,250,187,109,127,127,178
36081010400,282,208,322,183,182,163,250,187,109,127,127,178
36081010500,282,208,322,183,182,163,250,187,109,127,127,178
36081010600,282,208,322,183,182,163,250,187,109,127,127,178
36081010701,282,208,322,183,182,163,250,187,109,127,127,178
36081010800,282,208,322,183,182,163,250,187,109,127,127,178
36081011000,282,208,322,183,182,163,250,187,109,127,127,178
36081011100,282,208,322,183,182,163,250,187,109,127,127,178
36081011200,282,208,322,183,182,163,250,187,109,127,127,178
36081011300,282,208,322,183,182,163,250,187,109,127,127,178
36081011400,282,208,322,183,182,163,250,187,109,127,127,178
36081011500,282,208,322,183,182,163,250,187,109,127,127,178
36081011600,282,208,322,183,182,163,250,187,109,127,127,178
36081011700,282,208,322,183,182,163,250,187,109,127,127,178
36081011800,282,208,322,183,182,163,250,187,109,127,127,178
36081011900,282,208,322,183,182,163,250,187,109,127,127,178
36081012000,282,208,322,183,182,163,250,187,109,127,127,178
36081012100,282,208,322,183,182,163,250,187,109,127,127,178
36081012200,282,208,322,183,182,163,250,187,109,127,127,178
36081012301,282,208,322,183,182,163,250,187,109,127,127,178
36081012400,282,208,322,183,182,163,250,187,109,127,127,178
36081012500,282,208,322,183,182,163,250,187,109,127,127,178
36081012601,282,208,322,183,182,163,250,187,109,127,127,178
36081012602,282,208,322,183,182,163,250,187,109,127,127,178
36081012800,282,208,322,183,182,163,250,187,109,127,127,178
36081013000,282,208,322,183,182,163,250,187,109,127,127,178
36081013200,282,208,322,183,182,163,250,187,109,127,127,178
36081013400,282,208,322,183,182,163,250,187,109,127,127,178
36081013500,282,208,322,183,182,163,250,187,109,127,127,178
36081013600,282,208,322,183,182,163,250,187,109,127,127,178
36081013700,282,208,322,183,182,163,250,187,109,127,127,178
36081013800,282,208,322,183,182,163,250,187,109,127,127,178
36081014000,282,208,322,183,182,163,250,187,109,127,127,178
36081014100,282,208,322,183,182,163,250,187,109,127,127,178
36081014201,282,208,322,183,182,163,250,187,109,127,127,178
36081014202,282,208,322,183,182,163,250,187,109,127,127,178
36081014300,282,208,322,183,182,163,250,187,109,127,127,178
36081014400,282,208,322,183,182,163,250,187,109,127,127,178
36081014500,282,208,322,183,182,163,250,187,109,127,127,178
36081014700,282,208,322,183,182,163,250,187,109,127,127,178
36081014800,282,208,322,183,182,163,250,187,109,127,127,178
36081014900,282,208,322,183,182,163,250,187,109,127,127,178
36081015000,282,208,322,183,182,163,250,187,109,127,127,178
36081015100,282,208,322,183,182,163,250,187,109,127,127,178
36081015200,282,208,322,183,182,163,250,187,109,127,127,178
36081015300,282,208,322,183,182,163,250,187,109,127,127,178
36081015400,282,208,322,183,182,163,250,187,109,127,127,178
36081015500,282,208,322,183,182,163,250,187,109,127,127,178
36081015600,282,208,322,183,182,163,250,187,109,127,127,178
36081015700,282,208,322,183,182,163,250,187,109,127,127,178
36081015801,282,208,322,183,182,163,250,187,109,127,127,178
36081015802,282,208,322,183,182,163,250,187,109,127,127,178
36081015900,282,208,322,183,182,163,250,187,109,127,127,178
36081016100,282,208,322,183,182,163,250,187,109,127,127,178
36081016300,282,208,322,183,182,163,250,187,109,127,127,178
36081016400,282,208,322,183,182,163,250,187,109,127,127,178
36081016600,282,208,322,183,182,163,250,187,109,127,127,178
36081016800,282,208,322,183,182,163,250,187,109,127,127,178
36081016900,282,208,322,183,182,163,250,187,109,127,127,178
36081017000,282,208,322,183,182,163,250,187,109,127,127,178
36081017100,282,208,322,183,182,163,250,187,109,127,127,178
36081017200,282,208,322,183,182,163,250,187,109,127,127,178
36081017400,282,208,322,183,182,163,250,187,109,127,127,178
36081017600,282,208,322,183,182,163,250,187,109,127,127,178
36081017800,282,208,322,183,182,163,250,187,109,127,127,178
36081017900,282,208,322,183,182,163,250,187,109,127,127,178
36081018000,282,208,322,183,182,163,250,187,109,127,127,178
36081018101,282,208,322,183,182,163,250,187,109,127,127,178
36081018102,282,208,322,183,182,163,250,187,109,127,127,178
36081018200,282,208,322,183,182,163,250,187,109,127,127,178
36081018300,282,208,322,183,182,163,250,187,109,127,127,178
36081018401,282,208,322,183,182,163,250,187,109,127,127,178
36081018402,282,208,322,183,182,163,250,187,109,127,127,178
36081018501,282,208,322,183,182,163,250,187,109,127,127,178
36081018502,282,208,322,183,182,163,250,187,109,127,127,178
36081018600,282,208,322,183,182,163,250,187,109,127,127,178
36081018700,282,208,322,183,182,163,250,187,109,127,127,178
36081018800,282,208,322,183,182,163,250,187,109,127,127,178
36081018900,282,208,322,183,182,163,250,187,109,127,127,178
36081019000,282,208,322,183,182,163,250,187,109,127,127,178
36081019200,282,208,322,183,182,163,250,187,109,127,127,178
36081019400,282,208,322,183,182,163,250,187,109,127,127,178
36081019600,282,208,322,183,182,163,250,187,109,127,127,178
36081019800,282,208,322,183,182,163,250,187,109,127,127,178
36081019900,282,208,322,183,182,163,250,187,109,127,127,178
36081020200,282,208,322,183,182,163,250,187,109,127,127,178
36081020400,282,208,322,183,182,163,250,187,109,127,127,178
36081020500,282,208,322,183,182,163,250,187,109,127,127,178
36081020600,282,208,322,183,182,163,250,187,109,127,127,178
36081020800,282,208,322,183,182,163,250,187,109,127,127,178
36081021200,282,208,322,183,182,163,250,187,109,127,127,178
36081021400,282,208,322,183,182,163,250,187,109,127,127,178
36081021600,282,208,322,183,182,163,250,187,109,127,127,178
36081021900,282,208,322,183,182,163,250,187,109,127,127,178
36081022001,282,208,322,183,182,163,250,187,109,127,127,178
36081022002,282,208,322,183,182,163,250,187,109,127,127,178
36081022900,282,208,322,183,182,163,250,187,109,127,127,178
36081023000,282,208,322,183,182,163,250,187,109,127,127,178
36081023200,282,208,322,183,182,163,250,187,109,127,127,178
36081023500,282,208,322,183,182,163,250,187,109,127,127,178
36081023600,282,208,322,183,182,163,250,187,109,127,127,178
36081023800,282,208,322,183,182,163,250,187,109,127,127,178
36081024000,282,208,322,183,182,163,250,187,109,127,127,178
36081024300,282,208,322,183,182,163,250,187,109,127,127,178
36081024500,282,208,322,183,182,163,250,187,109,127,127,178
36081024600,282,208,322,183,182,163,250,187,109,127,127,178
36081024700,282,208,322,183,182,163,250,187,109,127,127,178
36081024900,282,208,322,183,182,163,250,187,109,127,127,178
36081025100,282,208,322,183,182,163,250,187,109,127,127,178
36081025301,282,208,322,183,182,163,250,187,109,127,127,178
36081025302,282,208,322,183,182,163,250,187,109,127,127,178
36081025400,282,208,322,183,182,163,250,187,109,127,127,178
36081025500,282,208,322,183,182,163,250,187,109,127,127,178
36081025700,282,208,322,183,182,163,250,187,109,127,127,178
36081025800,282,208,322,183,182,163,250,187,109,127,127,178
36081025900,282,208,322,183,182,163,250,187,109,127,127,178
36081026000,282,208,322,183,182,163,250,187,109,127,127,178
36081026100,282,208,322,183,182,163,250,187,109,127,127,178
36081026200,282,208,322,183,182,163,250,187,109,127,127,178
36081026300,282,208,322,183,182,163,250,187,109,127,127,178
36081026400,282,208,322,183,182,163,250,187,109,127,127,178
36081026500,282,208,322,183,182,163,250,187,109,127,127,178
36081026600,282,208,322,183,182,163,250,187,109,127,127,178
36081026700,282,208,322,183,182,163,250,187,109,127,127,178
36081026901,282,208,322,183,182,163,250,187,109,127,127,178
36081026902,282,208,322,183,182,163,250,187,109,127,127,178
36081027000,282,208,322,183,182,163,250,187,109,127,127,178
36081027100,282,208,322,183,182,163,250,187,109,127,127,178
36081027200,282,208,322,183,182,163,250,187,109,127,127,178
36081027300,282,208,322,183,182,163,250,187,109,127,127,178
36081027400,282,208,322,183,182,163,250,187,109,127,127,178
36081027500,282,208,322,183,182,163,250,187,109,127,127,178
36081027600,282,208,322,183,182,163,250,187,109,127,127,178
36081027700,282,208,322,183,182,163,250,187,109,127,127,178
36081027800,282,208,322,183,182,163,250,187,109,127,127,178
36081027900,282,208,322,183,182,163,250,187,109,127,127,178
36081028000,282,208,322,183,182,163,250,187,109,127,127,178
36081028100,282,208,322,183,182,163,250,187,109,127,127,178
36081028200,282,208,322,183,182,163,250,187,109,127,127,178
36081028300,282,208,322,183,182,163,250,187,109,127,127,178
36081028400,282,208,322,183,182,163,250,187,109,127,127,178
36081028500,282,208,322,183,182,163,250,187,109,127,127,178
36081028700,282,208,322,183,182,163,250,187,109,127,127,178
36081028800,282,208,322,183,182,163,250,187,109,127,127,178
36081028900,282,208,322,183,182,163,250,187,109,127,127,178
36081029100,282,208,322,183,182,163,250,187,109,127,127,178
36081029300,282,208,322,183,182,163,250,187,109,127,127,178
36081029400,282,208,322,183,182,163,250,187,109,127,127,178
36081029500,282,208,322,183,182,163,250,187,109,127,127,178
36081029700,282,208,322,183,182,163,250,187,109,127,127,178
36081029900,282,208,322,183,182,163,250,187,109,127,127,178
36081030600,282,208,322,183,182,163,250,187,109,127,127,178
36081030902,282,208,322,183,182,163,250,187,109,127,127,178
36081030903,282,208,322,183,182,163,250,187,109,127,127,178
36081030904,282,208,322,183,182,163,250,187,109,127,127,178
36081031700,282,208,322,183,182,163,250,187,109,127,127,178
36081032000,282,208,322,183,182,163,250,187,109,127,127,178
36081032700,282,208,322,183,182,163,250,187,109,127,127,178
36081032800,282,208,322,183,182,163,250,187,109,127,127,178
36081032900,282,208,322,183,182,163,250,187,109,127,127,178
36081033000,282,208,322,183,182,163,250,187,109,127,127,178
36081033100,282,208,322,183,182,163,250,187,109,127,127,178
36081033401,282,208,322,183,182,163,250,187,109,127,127,178
36081033402,282,208,322,183,182,163,250,187,109,127,127,178
36081033700,282,208,322,183,182,163,250,187,109,127,127,178
36081033900,282,208,322,183,182,163,250,187,109,127,127,178
36081034700,282,208,322,183,182,163,250,187,109,127,127,178
36081035100,282,208,322,183,182,163,250,187,109,127,127,178
36081035200,282,208,322,183,182,163,250,187,109,127,127,178
36081035300,282,208,322,183,182,163,250,187,109,127,127,178
36081035700,282,208,322,183,182,163,250,187,109,127,127,178
36081035800,282,208,322,183,182,163,250,187,109,127,127,178
36081036100,282,208,322,183,182,163,250,187,109,127,127,178
36081036300,282,208,322,183,182,163,250,187,109,127,127,178
36081036500,282,208,322,183,182,163,250,187,109,127,127,178
36081036600,282,208,322,183,182,163,250,187,109,127,127,178
36081036700,282,208,322,183,182,163,250,187,109,127,127,178
36081036800,282,208,322,183,182,163,250,187,109,127,127,178
36081037100,282,208,322,183,182,163,250,187,109,127,127,178
36081037300,282,208,322,183,182,163,250,187,109,127,127,178
36081037500,282,208,322,183,182,163,250,187,109,127,127,178
36081037600,282,208,322,183,182,163,250,187,109,127,127,178
36081037700,282,208,322,183,182,163,250,187,109,127,127,178
36081037900,282,208,322,183,182,163,250,187,109,127,127,178
36081038100,282,208,322,183,182,163,250,187,109,127,127,178
36081038301,282,208,322,183,182,163,250,187,109,127,127,178
36081038302,282,208,322,183,182,163,250,187,109,127,127,178
36081038400,282,208,322,183,182,163,250,187,109,127,127,178
36081039400,282,208,322,183,182,163,250,187,109,127,127,178
36081039800,282,208,322,183,182,163,250,187,109,127,127,178
36081039900,282,208,322,183,182,163,250,187,109,127,127,178
36081040000,282,208,322,183,182,163,250,187,109,127,127,178
36081040100,282,208,322,183,182,163,250,187,109,127,127,178
36081040200,282,208,322,183,182,163,250,187,109,127,127,178
36081040300,282,208,322,183,182,163,250,187,109,127,127,178
36081040400,282,208,322,183,182,163,250,187,109,127,127,178
36081040500,282,208,322,183,182,163,250,187,109,127,127,178
36081040700,282,208,322,183,182,163,250,187,109,127,127,178
36081040900,282,208,322,183,182,163,250,187,109,127,127,178
36081041100,282,208,322,183,182,163,250,187,109,127,127,178
36081041300,282,208,322,183,182,163,250,187,109,127,127,178
36081041400,282,208,322,183,182,163,250,187,109,127,127,178
36081041500,282,208,322,183,182,163,250,187,109,127,127,178
36081042400,282,208,322,183,182,163,250,187,109,127,127,178
36081042600,282,208,322,183,182,163,250,187,109,127,127,178
36081042700,282,208,322,183,182,163,250,187,109,127,127,178
36081043200,282,208,322,183,182,163,250,187,109,127,127,178
36081043400,282,208,322,183,182,163,250,187,109,127,127,178
36081043701,282,208,322,183,182,163,250,187,109,127,127,178
36081043702,282,208,322,183,182,163,250,187,109,127,127,178
36081043900,282,208,322,183,182,163,250,187,109,127,127,178
36081044000,282,208,322,183,182,163,250,187,109,127,127,178
36081044301,282,208,322,183,182,163,250,187,109,127,127,178
36081044302,282,208,322,183,182,163,250,187,109,127,127,178
36081044400,282,208,322,183,182,163,250,187,109,127,127,178
36081044601,282,208,322,183,182,163,250,187,109,127,127,178
36081044602,282,208,322,183,182,163,250,187,109,127,127,178
36081044800,282,208,322,183,182,163,250,187,109,127,127,178
36081045000,282,208,322,183,182,163,250,187,109,127,127,178
36081045200,282,208,322,183,182,163,250,187,109,127,127,178
36081045400,282,208,322,183,182,163,250,187,109,127,127,178
36081045500,282,208,322,183,182,163,250,187,109,127,127,178
36081045600,282,208,322,183,182,163,250,187,109,127,127,178
36081045700,282,208,322,183,182,163,250,187,109,127,127,178
36081045800,282,208,322,183,182,163,250,187,109,127,127,178
36081045900,282,208,322,183,182,163,250,187,109,127,127,178
36081046000,282,208,322,183,182,163,250,187,109,127,127,178
36081046100,282,208,322,183,182,163,250,187,109,127,127,178
36081046200,282,208,322,183,182,163,250,187,109,127,127,178
36081046300,282,208,322,183,182,163,250,187,109,127,127,178
36081046400,282,208,322,183,182,163,250,187,109,127,127,178
36081046500,282,208,322,183,182,163,250,187,109,127,127,178
36081046600,282,208,322,183,182,163,250,187,109,127,127,178
36081046700,282,208,322,183,182,163,250,187,109,127,127,178
36081046800,282,208,322,183,182,163,250,187,109,127,127,178
36081046900,282,208,322,183,182,163,250,187,109,127,127,178
36081047000,282,208,322,183,182,163,250,187,109,127,127,178
36081047100,282,208,322,183,182,163,250,187,109,127,127,178
36081047200,282,208,322,183,182,163,250,187,109,127,127,178
36081047300,282,208,322,183,182,163,250,187,109,127,127,178
36081047500,282,208,322,183,182,163,250,187,109,127,127,178
36081047600,282,208,322,183,182,163,250,187,109,127,127,178
36081047800,282,208,322,183,182,163,250,187,109,127,127,178
36081047900,282,208,322,183,182,163,250,187,109,127,127,178
36081048000,282,208,322,183,182,163,250,187,109,127,127,178
36081048100,282,208,322,183,182,163,250,187,109,127,127,178
36081048200,282,208,322,183,182,163,250,187,109,127,127,178
36081048300,282,208,322,183,182,163,250,187,109,127,127,178
36081048400,282,208,322,183,182,163,250,187,109,127,127,178
36081048500,282,208,322,183,182,163,250,187,109,127,127,178
36081048900,282,208,322,183,182,163,250,187,109,127,127,178
36081049200,282,208,322,183,182,163,250,187,109,127,127,178
36081049301,282,208,322,183,182,163,250,187,109,127,127,178
36081049302,282,208,322,183,182,163,250,187,109,127,127,178
36081049500,282,208,322,183,182,163,250,187,109,127,127,178
36081049600,282,208,322,183,182,163,250,187,109,127,127,178
36081049700,282,208,322,183,182,163,250,187,109,127,127,178
36081049900,282,208,322,183,182,163,250,187,109,127,127,178
36081050000,282,208,322,183,182,163,250,187,109,127,127,178
36081050201,282,208,322,183,182,163,250,187,109,127,127,178
36081050202,282,208,322,183,182,163,250,187,109,127,127,178
36081050400,282,208,322,183,182,163,250,187,109,127,127,178
36081050500,282,208,322,183,182,163,250,187,109,127,127,178
36081050600,282,208,322,183,182,163,250,187,109,127,127,178
36081050700,282,208,322,183,182,163,250,187,109,127,127,178
36081050800,282,208,322,183,182,163,250,187,109,127,127,178
36081051000,282,208,322,183,182,163,250,187,109,127,127,178
36081051100,282,208,322,183,182,163,250,187,109,127,127,178
36081051200,282,208,322,183,182,163,250,187,109,127,127,178
36081051300,282,208,322,183,182,163,250,187,109,127,127,178
36081051500,282,208,322,183,182,163,250,187,109,127,127,178
36081051600,282,208,322,183,182,163,250,187,109,127,127,178
36081051700,282,208,322,183,182,163,250,187,109,127,127,178
36081051800,282,208,322,183,182,163,250,187,109,127,127,178
36081052000,282,208,322,183,182,163,250,187,109,127,127,178
36081052100,282,208,322,183,182,163,250,187,109,127,127,178
36081052200,282,208,322,183,182,163,250,187,109,127,127,178
36081052400,282,208,322,183,182,163,250,187,109,127,127,178
36081052500,282,208,322,183,182,163,250,187,109,127,127,178
36081052600,282,208,322,183,182,163,250,187,109,127,127,178
36081052800,282,208,322,183,182,163,250,187,109,127,127,178
36081053000,282,208,322,183,182,163,250,187,109,127,127,178
36081053100,282,208,322,183,182,163,250,187,109,127,127,178
36081053200,282,208,322,183,182,163,250,187,109,127,127,178
36081053401,282,208,322,183,182,163,250,187,109,127,127,178
36081053500,282,208,322,183,182,163,250,187,109,127,127,178
36081053601,282,208,322,183,182,163,250,187,109,127,127,178
36081053800,282,208,322,183,182,163,250,187,109,127,127,178
36081053900,282,208,322,183,182,163,250,187,109,127,127,178
36081054000,282,208,322,183,182,163,250,187,109,127,127,178
36081054200,282,208,322,183,182,163,250,187,109,127,127,178
36081054500,282,208,322,183,182,163,250,187,109,127,127,178
36081054700,282,208,322,183,182,163,250,187,109,127,127,178
36081054800,282,208,322,183,182,163,250,187,109,127,127,178
36081054900,282,208,322,183,182,163,250,187,109,127,127,178
36081055100,282,208,322,183,182,163,250,187,109,127,127,178
36081055200,282,208,322,183,182,163,250,187,109,127,127,178
36081055300,282,208,322,183,182,163,250,187,109,127,127,178
36081055400,282,208,322,183,182,163,250,187,109,127,127,178
36081055500,282,208,322,183,182,163,250,187,109,127,127,178
36081055600,282,208,322,183,182,163,250,187,109,127,127,178
36081055700,282,208,322,183,182,163,250,187,109,127,127,178
36081055800,282,208,322,183,182,163,250,187,109,127,127,178
36081055900,282,208,322,183,182,163,250,187,109,127,127,178
36081056000,282,208,322,183,182,163,250,187,109,127,127,178
36081056100,282,208,322,183,182,163,250,187,109,127,127,178
36081056200,282,208,322,183,182,163,250,187,109,127,127,178
36081056400,282,208,322,183,182,163,250,187,109,127,127,178
36081056500,282,208,322,183,182,163,250,187,109,127,127,178
36081056600,282,208,322,183,182,163,250,187,109,127,127,178
36081056700,282,208,322,183,182,163,250,187,109,127,127,178
36081056800,282,208,322,183,182,163,250,187,109,127,127,178
36081057700,282,208,322,183,182,163,250,187,109,127,127,178
36081057900,282,208,322,183,182,163,250,187,109,127,127,178
36081058000,282,208,322,183,182,163,250,187,109,127,127,178
36081058100,282,208,322,183,182,163,250,187,109,127,127,178
36081058200,282,208,322,183,182,163,250,187,109,127,127,178
36081058300,282,208,322,183,182,163,250,187,109,127,127,178
36081058500,282,208,322,183,182,163,250,187,109,127,127,178
36081058700,282,208,322,183,182,163,250,187,109,127,127,178
36081058900,282,208,322,183,182,163,250,187,109,127,127,178
36081059000,282,208,322,183,182,163,250,187,109,127,127,178
36081059100,282,208,322,183,182,163,250,187,109,127,127,178
36081059200,282,208,322,183,182,163,250,187,109,127,127,178
36081059300,282,208,322,183,182,163,250,187,109,127,127,178
36081059400,282,208,322,183,182,163,250,187,109,127,127,178
36081059500,282,208,322,183,182,163,250,187,109,127,127,178
36081059600,282,208,322,183,182,163,250,187,109,127,127,178
36081059800,282,208,322,183,182,163,250,187,109,127,127,178
36081059900,282,208,322,183,182,163,250,187,109,127,127,178
36081060000,282,208,322,183,182,163,250,187,109,127,127,178
36081060100,282,208,322,183,182,163,250,187,109,127,127,178
36081060300,282,208,322,183,182,163,250,187,109,127,127,178
36081060600,282,208,322,183,182,163,250,187,109,127,127,178
36081060701,282,208,322,183,182,163,250,187,109,127,127,178
36081060800,282,208,322,183,182,163,250,187,109,127,127,178
36081061000,282,208,322,183,182,163,250,187,109,127,127,178
36081061200,282,208,322,183,182,163,250,187,109,127,127,178
36081061301,282,208,322,183,182,163,250,187,109,127,127,178
36081061302,282,208,322,183,182,163,250,187,109,127,127,178
36081061400,282,208,322,183,182,163,250,187,109,127,127,178
36081061601,282,208,322,183,182,163,250,187,109,127,127,178
36081061602,282,208,322,183,182,163,250,187,109,127,127,178
36081061800,282,208,322,183,182,163,250,187,109,127,127,178
36081061900,282,208,322,183,182,163,250,187,109,127,127,178
36081062000,282,208,322,183,182,163,250,187,109,127,127,178
36081062100,282,208,322,183,182,163,250,187,109,127,127,178
36081062200,282,208,322,183,182,163,250,187,109,127,127,178
36081062300,282,208,322,183,182,163,250,187,109,127,127,178
36081062400,282,208,322,183,182,163,250,187,109,127,127,178
36081062500,282,208,322,183,182,163,250,187,109,127,127,178
36081062600,282,208,322,183,182,163,250,187,109,127,127,178
36081062700,282,208,322,183,182,163,250,187,109,127,127,178
36081062900,282,208,322,183,182,163,250,187,109,127,127,178
36081063000,282,208,322,183,182,163,250,187,109,127,127,178
36081063200,282,208,322,183,182,163,250,187,109,127,127,178
36081063301,282,208,322,183,182,163,250,187,109,127,127,178
36081063302,282,208,322,183,182,163,250,187,109,127,127,178
36081063500,282,208,322,183,182,163,250,187,109,127,127,178
36081063700,282,208,322,183,182,163,250,187,109,127,127,178
36081063800,282,208,322,183,182,163,250,187,109,127,127,178
36081063900,282,208,322,183,182,163,250,187,109,127,127,178
36081064101,282,208,322,183,182,163,250,187,109,127,127,178
36081064102,282,208,322,183,182,163,250,187,109,127,127,178
36081064500,282,208,322,183,182,163,250,187,109,127,127,178
36081064600,282,208,322,183,182,163,250,187,109,127,127,178
36081065000,282,208,322,183,182,163,250,187,109,127,127,178
36081065400,282,208,322,183,182,163,250,187,109,127,127,178
36081065501,282,208,322,183,182,163,250,187,109,127,127,178
36081065600,282,208,322,183,182,163,250,187,109,127,127,178
36081065702,282,208,322,183,182,163,250,187,109,127,127,178
36081065703,282,208,322,183,182,163,250,187,109,127,127,178
36081065900,282,208,322,183,182,163,250,187,109,127,127,178
36081066000,282,208,322,183,182,163,250,187,109,127,127,178
36081066100,282,208,322,183,182,163,250,187,109,127,127,178
36081066300,282,208,322,183,182,163,250,187,109,127,127,178
36081066400,282,208,322,183,182,163,250,187,109,127,127,178
36081066501,282,208,322,183,182,163,250,187,109,127,127,178
36081066701,282,208,322,183,182,163,250,187,109,127,127,178
36081066900,282,208,322,183,182,163,250,187,109,127,127,178
36081067100,282,208,322,183,182,163,250,187,109,127,127,178
36081067700,282,208,322,183,182,163,250,187,109,127,127,178
36081067900,282,208,322,183,182,163,250,187,109,127,127,178
36081068000,282,208,322,183,182,163,250,187,109,127,127,178
36081068200,282,208,322,183,182,163,250,187,109,127,127,178
36081068300,282,208,322,183,182,163,250,187,109,127,127,178
36081068700,282,208,322,183,182,163,250,187,109,127,127,178
36081069000,282,208,322,183,182,163,250,187,109,127,127,178
36081069300,282,208,322,183,182,163,250,187,109,127,127,178
36081069400,282,208,322,183,182,163,250,187,109,127,127,178
36081069500,282,208,322,183,182,163,250,187,109,127,127,178
36081069701,282,208,322,183,182,163,250,187,109,127,127,178
36081069702,282,208,322,183,182,163,250,187,109,127,127,178
36081070300,282,208,322,183,182,163,250,187,109,127,127,178
36081070700,282,208,322,183,182,163,250,187,109,127,127,178
36081070900,282,208,322,183,182,163,250,187,109,127,127,178
36081071100,282,208,322,183,182,163,250,187,109,127,127,178
36081071303,282,208,322,183,182,163,250,187,109,127,127,178
36081071304,282,208,322,183,182,163,250,187,109,127,127,178
36081071305,282,208,322,183,182,163,250,187,109,127,127,178
36081071306,282,208,322,183,182,163,250,187,109,127,127,178
36081071600,282,208,322,183,182,163,250,187,109,127,127,178
36081071701,282,208,322,183,182,163,250,187,109,127,127,178
36081071702,282,208,322,183,182,163,250,187,109,127,127,178
36081071900,282,208,322,183,182,163,250,187,109,127,127,178
36081072100,282,208,322,183,182,163,250,187,109,127,127,178
36081072300,282,208,322,183,182,163,250,187,109,127,127,178
36081072900,282,208,322,183,182,163,250,187,109,127,127,178
36081073100,282,208,322,183,182,163,250,187,109,127,127,178
36081073700,282,208,322,183,182,163,250,187,109,127,127,178
36081073900,282,208,322,183,182,163,250,187,109,127,127,178
36081074100,282,208,322,183,182,163,250,187,109,127,127,178
36081074300,282,208,322,183,182,163,250,187,109,127,127,178
36081074500,282,208,322,183,182,163,250,187,109,127,127,178
36081074700,282,208,322,183,182,163,250,187,109,127,127,178
36081074900,282,208,322,183,182,163,250,187,109,127,127,178
36081075701,282,208,322,183,182,163,250,187,109,127,127,178
36081075702,282,208,322,183,182,163,250,187,109,127,127,178
36081076901,282,208,322,183,182,163,250,187,109,127,127,178
36081076902,282,208,322,183,182,163,250,187,109,127,127,178
36081077300,282,208,322,183,182,163,250,187,109,127,127,178
36081077500,282,208,322,183,182,163,250,187,109,127,127,178
36081077902,282,208,322,183,182,163,250,187,109,127,127,178
36081077903,282,208,322,183,182,163,250,187,109,127,127,178
36081077904,282,208,322,183,182,163,250,187,109,127,127,178
36081077905,282,208,322,183,182,163,250,187,109,127,127,178
36081077906,282,208,322,183,182,163,250,187,109,127,127,178
36081077907,282,208,322,183,182,163,250,187,109,127,127,178
36081077908,282,208,322,183,182,163,250,187,109,127,127,178
36081078800,282,208,322,183,182,163,250,187,109,127,127,178
36081079000,282,208,322,183,182,163,250,187,109,127,127,178
36081079200,282,208,322,183,182,163,250,187,109,127,127,178
36081079300,282,208,322,183,182,163,250,187,109,127,127,178
36081079701,282,208,322,183,182,163,250,187,109,127,127,178
36081079702,282,208,322,183,182,163,250,187,109,127,127,178
36081079900,282,208,322,183,182,163,250,187,109,127,127,178
36081080301,282,208,322,183,182,163,250,187,109,127,127,178
36081080302,282,208,322,183,182,163,250,187,109,127,127,178
36081080900,282,208,322,183,182,163,250,187,109,127,127,178
36081081400,282,208,322,183,182,163,250,187,109,127,127,178
36081081800,282,208,322,183,182,163,250,187,109,127,127,178
36081083700,282,208,322,183,182,163,250,187,109,127,127,178
36081083800,282,208,322,183,182,163,250,187,109,127,127,178
36081084000,282,208,322,183,182,163,250,187,109,127,127,178
36081084500,282,208,322,183,182,163,250,187,109,127,127,178
36081084601,282,208,322,183,182,163,250,187,109,127,127,178
36081084602,282,208,322,183,182,163,250,187,109,127,127,178
36081084900,282,208,322,183,182,163,250,187,109,127,127,178
36081085300,282,208,322,183,182,163,250,187,109,127,127,178
36081085500,282,208,322,183,182,163,250,187,109,127,127,178
36081085700,282,208,322,183,182,163,250,187,109,127,127,178
36081085900,282,208,322,183,182,163,250,187,109,127,127,178
36081086100,282,208,322,183,182,163,250,187,109,127,127,178
36081086300,282,208,322,183,182,163,250,187,109,127,127,178
36081086400,282,208,322,183,182,163,250,187,109,127,127,178
36081086500,282,208,322,183,182,163,250,187,109,127,127,178
36081086900,282,208,322,183,182,163,250,187,109,127,127,178
36081087100,282,208,322,183,182,163,250,187,109,127,127,178
36081088400,282,208,322,183,182,163,250,187,109,127,127,178
36081088901,282,208,322,183,182,163,250,187,109,127,127,178
36081089200,282,208,322,183,182,163,250,187,109,127,127,178
36081090700,282,208,322,183,182,163,250,187,109,127,127,178
36081091601,282,208,322,183,182,163,250,187,109,127,127,178
36081091602,282,208,322,183,182,163,250,187,109,127,127,178
36081091800,282,208,322,183,182,163,250,187,109,127,127,178
36081091900,282,208,322,183,182,163,250,187,109,127,127,178
36081092200,282,208,322,183,182,163,250,187,109,127,127,178
36081092500,282,208,322,183,182,163,250,187,109,127,127,178
36081092800,282,208,322,183,182,163,250,187,109,127,127,178
36081092900,282,208,322,183,182,163,250,187,109,127,127,178
36081093401,282,208,322,183,182,163,250,187,109,127,127,178
36081093402,282,208,322,183,182,163,250,187,109,127,127,178
36081093800,282,208,322,183,182,163,250,187,109,127,127,178
36081093900,282,208,322,183,182,163,250,187,109,127,127,178
36081094201,282,208,322,183,182,163,250,187,109,127,127,178
36081094202,282,208,322,183,182,163,250,187,109,127,127,178
36081094203,282,208,322,183,182,163,250,187,109,127,127,178
36081094500,282,208,322,183,182,163,250,187,109,127,127,178
36081094700,282,208,322,183,182,163,250,187,109,127,127,178
36081095400,282,208,322,183,182,163,250,187,109,127,127,178
36081096400,282,208,322,183,182,163,250,187,109,127,127,178
36081097202,282,208,322,183,182,163,250,187,109,127,127,178
36081097203,282,208,322,183,182,163,250,187,109,127,127,178
36081097204,282,208,322,183,182,163,250,187,109,127,127,178
36081097300,282,208,322,183,182,163,250,187,109,127,127,178
36081098100,282,208,322,183,182,163,250,187,109,127,127,178
36081098700,282,208,322,183,182,163,250,187,109,127,127,178
36081099100,282,208,322,183,182,163,250,187,109,127,127,178
36081099200,282,208,322,183,182,163,250,187,109,127,127,178
36081099701,282,208,322,183,182,163,250,187,109,127,127,178
36081099703,282,208,322,183,182,163,250,187,109,127,127,178
36081099704,282,208,322,183,182,163,250,187,109,127,127,178
36081099705,282,208,322,183,182,163,250,187,109,127,127,178
36081099801,282,208,322,183,182,163,250,187,109,127,127,178
36081099802,282,208,322,183,182,163,250,187,109,127,127,178
36081099900,282,208,322,183,182,163,250,187,109,127,127,178
36081100801,282,208,322,183,182,163,250,187,109,127,127,178
36081100802,282,208,322,183,182,163,250,187,109,127,127,178
36081101001,282,208,322,183,182,163,250,187,109,127,127,178
36081101002,282,208,322,183,182,163,250,187,109,127,127,178
36081101700,282,208,322,183,182,163,250,187,109,127,127,178
36081102900,282,208,322,183,182,163,250,187,109,127,127,178
36081103201,282,208,322,183,182,163,250,187,109,127,127,178
36081103202,282,208,322,183,182,163,250,187,109,127,127,178
36081103300,282,208,322,183,182,163,250,187,109,127,127,178
36081103900,282,208,322,183,182,163,250,187,109,127,127,178
36081104700,282,208,322,183,182,163,250,187,109,127,127,178
36081105900,282,208,322,183,182,163,250,187,109,127,127,178
36081107201,282,208,322,183,182,163,250,187,109,127,127,178
36081107202,282,208,322,183,182,163,250,187,109,127,127,178
36081108500,282,208,322,183,182,163,250,187,109,127,127,178
36081109300,282,208,322,183,182,163,250,187,109,127,127,178
36081109700,282,208,322,183,182,163,250,187,109,127,127,178
36081109900,282,208,322,183,182,163,250,187,109,127,127,178
36081111300,282,208,322,183,182,163,250,187,109,127,127,178
36081112300,282,208,322,183,182,163,250,187,109,127,127,178
36081112900,282,208,322,183,182,163,250,187,109,127,127,178
36081113300,282,208,322,183,182,163,250,187,109,127,127,178
36081113900,282,208,322,183,182,163,250,187,109,127,127,178
36081114100,282,208,322,183,182,163,250,187,109,127,127,178
36081114700,282,208,322,183,182,163,250,187,109,127,127,178
36081115100,282,208,322,183,182,163,250,187,109,127,127,178
36081115500,282,208,322,183,182,163,250,187,109,127,127,178
36081115700,282,208,322,183,182,163,250,187,109,127,127,178
36081115900,282,208,322,183,182,163,250,187,109,127,127,178
36081116100,282,208,322,183,182,163,250,187,109,127,127,178
36081116300,282,208,322,183,182,163,250,187,109,127,127,178
36081116700,282,208,322,183,182,163,250,187,109,127,127,178
36081117100,282,208,322,183,182,163,250,187,109,127,127,178
36081117500,282,208,322,183,182,163,250,187,109,127,127,178
36081118100,282,208,322,183,182,163,250,187,109,127,127,178
36081118500,282,208,322,183,182,163,250,187,109,127,127,178
36081118700,282,208,322,183,182,163,250,187,109,127,127,178
36081118900,282,208,322,183,182,163,250,187,109,127,127,178
36081119100,282,208,322,183,182,163,250,187,109,127,127,178
36081119300,282,208,322,183,182,163,250,187,109,127,127,178
36081119500,282,208,322,183,182,163,250,187,109,127,127,178
36081119900,282,208,322,183,182,163,250,187,109,127,127,178
36081120100,282,208,322,183,182,163,250,187,109,127,127,178
36081120300,282,208,322,183,182,163,250,187,109,127,127,178
36081120500,282,208,322,183,182,163,250,187,109,127,127,178
36081120700,282,208,322,183,182,163,250,187,109,127,127,178
36081121100,282,208,322,183,182,163,250,187,109,127,127,178
36081121500,282,208,322,183,182,163,250,187,109,127,127,178
36081122300,282,208,322,183,182,163,250,187,109,127,127,178
36081122701,282,208,322,183,182,163,250,187,109,127,127,178
36081122702,282,208,322,183,182,163,250,187,109,127,127,178
36081124100,282,208,322,183,182,163,250,187,109,127,127,178
36081124700,282,208,322,183,182,163,250,187,109,127,127,178
36081125700,282,208,322,183,182,163,250,187,109,127,127,178
36081126500,282,208,322,183,182,163,250,187,109,127,127,178
36081126700,282,208,322,183,182,163,250,187,109,127,127,178
36081127700,282,208,322,183,182,163,250,187,109,127,127,178
36081128300,282,208,322,183,182,163,250,187,109,127,127,178
36081129102,282,208,322,183,182,163,250,187,109,127,127,178
36081129103,282,208,322,183,182,163,250,187,109,127,127,178
36081129104,282,208,322,183,182,163,250,187,109,127,127,178
36081130100,282,208,322,183,182,163,250,187,109,127,127,178
36081133300,282,208,322,183,182,163,250,187,109,127,127,178
36081133900,282,208,322,183,182,163,250,187,109,127,127,178
36081134100,282,208,322,183,182,163,250,187,109,127,127,178
36081134700,282,208,322,183,182,163,250,187,109,127,127,178
36081136700,282,208,322,183,182,163,250,187,109,127,127,178
36081137700,282,208,322,183,182,163,250,187,109,127,127,178
36081138501,282,208,322,183,182,163,250,187,109,127,127,178
36081138502,282,208,322,183,182,163,250,187,109,127,127,178
36081139900,282,208,322,183,182,163,250,187,109,127,127,178
36081140300,282,208,322,183,182,163,250,187,109,127,127,178
36081140901,282,208,322,183,182,163,250,187,109,127,127,178
36081140902,282,208,322,183,182,163,250,187,109,127,127,178
36081141700,282,208,322,183,182,163,250,187,109,127,127,178
36081142900,282,208,322,183,182,163,250,187,109,127,127,178
36081143500,282,208,322,183,182,163,250,187,109,127,127,178
36081144100,282,208,322,183,182,163,250,187,109,127,127,178
36081144700,282,208,322,183,182,163,250,187,109,127,127,178
36081145101,282,208,322,183,182,163,250,187,109,127,127,178
36081145102,282,208,322,183,182,163,250,187,109,127,127,178
36081145900,282,208,322,183,182,163,250,187,109,127,127,178
36081146300,282,208,322,183,182,163,250,187,109,127,127,178
36081146700,282,208,322,183,182,163,250,187,109,127,127,178
36081147100,282,208,322,183,182,163,250,187,109,127,127,178
36081147900,282,208,322,183,182,163,250,187,109,127,127,178
36081148300,282,208,322,183,182,163,250,187,109,127,127,178
36081150701,282,208,322,183,182,163,250,187,109,127,127,178
36081150702,282,208,322,183,182,163,250,187,109,127,127,178
36081152901,282,208,322,183,182,163,250,187,109,127,127,178
36081152902,282,208,322,183,182,163,250,187,109,127,127,178
36081155101,282,208,322,183,182,163,250,187,109,127,127,178
36081155102,282,208,322,183,182,163,250,187,109,127,127,178
36081156700,282,208,322,183,182,163,250,187,109,127,127,178
36081157101,282,208,322,183,182,163,250,187,109,127,127,178
36081157102,282,208,322,183,182,163,250,187,109,127,127,178
36081157901,282,208,322,183,182,163,250,187,109,127,127,178
36081157902,282,208,322,183,182,163,250,187,109,127,127,178
36081157903,282,208,322,183,182,163,250,187,109,127,127,178
36081161700,282,208,322,183,182,163,250,187,109,127,127,178
36081162100,282,208,322,183,182,163,250,187,109,127,127,178
36081990100,282,208,322,183,182,163,250,187,109,127,127,178
36085000300,52,36,47,35,55,53,72,93,53,40,34,41
36085000600,52,36,47,35,55,53,72,93,53,40,34,41
36085000700,52,36,47,35,55,53,72,93,53,40,34,41
36085000800,52,36,47,35,55,53,72,93,53,40,34,41
36085000900,52,36,47,35,55,53,72,93,53,40,34,41
36085001100,52,36,47,35,55,53,72,93,53,40,34,41
36085001700,52,36,47,35,55,53,72,93,53,40,34,41
36085001800,52,36,47,35,55,53,72,93,53,40,34,41
36085002001,52,36,47,35,55,53,72,93,53,40,34,41
36085002002,52,36,47,35,55,53,72,93,53,40,34,41
36085002100,52,36,47,35,55,53,72,93,53,40,34,41
36085002700,52,36,47,35,55,53,72,93,53,40,34,41
36085002900,52,36,47,35,55,53,72,93,53,40,34,41
36085003300,52,36,47,35,55,53,72,93,53,40,34,41
36085003600,52,36,47,35,55,53,72,93,53,40,34,41
36085003900,52,36,47,35,55,53,72,93,53,40,34,41
36085004000,52,36,47,35,55,53,72,93,53,40,34,41
36085004700,52,36,47,35,55,53,72,93,53,40,34,41
36085005000,52,36,47,35,55,53,72,93,53,40,34,41
36085005900,52,36,47,35,55,53,72,93,53,40,34,41
36085006400,52,36,47,35,55,53,72,93,53,40,34,41
36085006700,52,36,47,35,55,53,72,93,53,40,34,41
36085007000,52,36,47,35,55,53,72,93,53,40,34,41
36085007400,52,36,47,35,55,53,72,93,53,40,34,41
36085007500,52,36,47,35,55,53,72,93,53,40,34,41
36085007700,52,36,47,35,55,53,72,93,53,40,34,41
36085008100,52,36,47,35,55,53,72,93,53,40,34,41
36085008900,52,36,47,35,55,53,72,93,53,40,34,41
36085009601,52,36,47,35,55,53,72,93,53,40,34,41
36085009602,52,36,47,35,55,53,72,93,53,40,34,41
36085009700,52,36,47,35,55,53,72,93,53,40,34,41
36085010500,52,36,47,35,55,53,72,93,53,40,34,41
36085011201,52,36,47,35,55,53,72,93,53,40,34,41
36085011202,52,36,47,35,55,53,72,93,53,40,34,41
36085011401,52,36,47,35,55,53,72,93,53,40,34,41
36085011402,52,36,47,35,55,53,72,93,53,40,34,41
36085012100,52,36,47,35,55,53,72,93,53,40,34,41
36085012200,52,36,47,35,55,53,72,93,53,40,34,41
36085012500,52,36,47,35,55,53,72,93,53,40,34,41
36085012804,52,36,47,35,55,53,72,93,53,40,34,41
36085012805,52,36,47,35,55,53,72,93,53,40,34,41
36085012806,52,36,47,35,55,53,72,93,53,40,34,41
36085013201,52,36,47,35,55,53,72,93,53,40,34,41
36085013203,52,36,47,35,55,53,72,93,53,40,34,41
36085013204,52,36,47,35,55,53,72,93,53,40,34,41
36085013301,52,36,47,35,55,53,72,93,53,40,34,41
36085013302,52,36,47,35,55,53,72,93,53,40,34,41
36085013400,52,36,47,35,55,53,72,93,53,40,34,41
36085013800,52,36,47,35,55,53,72,93,53,40,34,41
36085014100,52,36,47,35,55,53,72,93,53,40,34,41
36085014604,52,36,47,35,55,53,72,93,53,40,34,41
36085014605,52,36,47,35,55,53,72,93,53,40,34,41
36085014606,52,36,47,35,55,53,72,93,53,40,34,41
36085014607,52,36,47,35,55,53,72,93,53,40,34,41
36085014608,52,36,47,35,55,53,72,93,53,40,34,41
36085014700,52,36,47,35,55,53,72,93,53,40,34,41
36085015100,52,36,47,35,55,53,72,93,53,40,34,41
36085015400,52,36,47,35,55,53,72,93,53,40,34,41
36085015601,52,36,47,35,55,53,72,93,53,40,34,41
36085015602,52,36,47,35,55,53,72,93,53,40,34,41
36085015603,52,36,47,35,55,53,72,93,53,40,34,41
36085016901,52,36,47,35,55,53,72,93,53,40,34,41
36085017005,52,36,47,35,55,53,72,93,53,40,34,41
36085017007,52,36,47,35,55,53,72,93,53,40,34,41
36085017008,52,36,47,35,55,53,72,93,53,40,34,41
36085017009,52,36,47,35,55,53,72,93,53,40,34,41
36085017010,52,36,47,35,55,53,72,93,53,40,34,41
36085017011,52,36,47,35,55,53,72,93,53,40,34,41
36085017012,52,36,47,35,55,53,72,93,53,40,34,41
36085017300,52,36,47,35,55,53,72,93,53,40,34,41
36085017600,52,36,47,35,55,53,72,93,53,40,34,41
36085017700,52,36,47,35,55,53,72,93,53,40,34,41
36085018100,52,36,47,35,55,53,72,93,53,40,34,41
36085018701,52,36,47,35,55,53,72,93,53,40,34,41
36085018702,52,36,47,35,55,53,72,93,53,40,34,41
36085018901,52,36,47,35,55,53,72,93,53,40,34,41
36085018902,52,36,47,35,55,53,72,93,53,40,34,41
36085019700,52,36,47,35,55,53,72,93,53,40,34,41
36085019800,52,36,47,35,55,53,72,93,53,40,34,41
36085020100,52,36,47,35,55,53,72,93,53,40,34,41
36085020700,52,36,47,35,55,53,72,93,53,40,34,41
36085020801,52,36,47,35,55,53,72,93,53,40,34,41
36085020803,52,36,47,35,55,53,72,93,53,40,34,41
36085020804,52,36,47,35,55,53,72,93,53,40,34,41
36085021300,52,36,47,35,55,53,72,93,53,40,34,41
36085022300,52,36,47,35,55,53,72,93,53,40,34,41
36085022600,52,36,47,35,55,53,72,93,53,40,34,41
36085022800,52,36,47,35,55,53,72,93,53,40,34,41
36085023100,52,36,47,35,55,53,72,93,53,40,34,41
36085023900,52,36,47,35,55,53,72,93,53,40,34,41
36085024401,52,36,47,35,55,53,72,93,53,40,34,41
36085024402,52,36,47,35,55,53,72,93,53,40,34,41
36085024700,52,36,47,35,55,53,72,93,53,40,34,41
36085024800,52,36,47,35,55,53,72,93,53,40,34,41
36085025100,52,36,47,35,55,53,72,93,53,40,34,41
36085027301,52,36,47,35,55,53,72,93,53,40,34,41
36085027302,52,36,47,35,55,53,72,93,53,40,34,41
36085027702,52,36,47,35,55,53,72,93,53,40,34,41
36085027704,52,36,47,35,55,53,72,93,53,40,34,41
36085027705,52,36,47,35,55,53,72,93,53,40,34,41
36085027706,52,36,47,35,55,53,72,93,53,40,34,41
36085027900,52,36,47,35,55,53,72,93,53,40,34,41
36085029102,52,36,47,35,55,53,72,93,53,40,34,41
36085029103,52,36,47,35,55,53,72,93,53,40,34,41
36085029104,52,36,47,35,55,53,72,93,53,40,34,41
36085030301,52,36,47,35,55,53,72,93,53,40,34,41
36085030302,52,36,47,35,55,53,72,93,53,40,34,41
36085031901,52,36,47,35,55,53,72,93,53,40,34,41
36085031902,52,36,47,35,55,53,72,93,53,40,34,41
36085032300,52,36,47,35,55,53,72,93,53,40,34,41
36085990100,52,36,47,35,55,53,72,93,53,40,34,41
