tract_fips,beta,p
36005000100,1.6735713483776808,0.0004053070535037047
36005000200,1.6735713483776808,0.0004053070535037047
36005000400,1.6735713483776808,0.0004053070535037047
36005001600,1.6735713483776808,0.0004053070535037047
36005001900,1.6735713483776808,0.0004053070535037047
36005002000,1.6735713483776808,0.0004053070535037047
36005002300,1.6735713483776808,0.0004053070535037047
36005002400,1.6735713483776808,0.0004053070535037047
36005002500,1.6735713483776808,0.0004053070535037047
36005002701,1.6735713483776808,0.0004053070535037047
36005002702,1.6735713483776808,0.0004053070535037047
36005002800,1.6735713483776808,0.0004053070535037047
36005003100,1.6735713483776808,0.0004053070535037047
36005003300,1.6735713483776808,0.0004053070535037047
36005003500,1.6735713483776808,0.0004053070535037047
36005003700,1.6735713483776808,0.0004053070535037047
36005003800,1.6735713483776808,0.0004053070535037047
36005003900,1.6735713483776808,0.0004053070535037047
36005004001,1.6735713483776808,0.0004053070535037047
36005004100,1.6735713483776808,0.0004053070535037047
36005004200,1.6735713483776808,0.0004053070535037047
36005004300,1.6735713483776808,0.0004053070535037047
36005004400,1.6735713483776808,0.0004053070535037047
36005004600,1.6735713483776808,0.0004053070535037047
36005004800,1.6735713483776808,0.0004053070535037047
36005005001,1.6735713483776808,0.0004053070535037047
36005005002,1.6735713483776808,0.0004053070535037047
36005005100,1.6735713483776808,0.0004053070535037047
36005005200,1.6735713483776808,0.0004053070535037047
36005005300,1.6735713483776808,0.0004053070535037047
36005005400,1.6735713483776808,0.0004053070535037047
36005005600,1.6735713483776808,0.0004053070535037047
36005005902,1.6735713483776808,0.0004053070535037047
36005006000,1.6735713483776808,0.0004053070535037047
36005006100,1.6735713483776808,0.0004053070535037047
36005006200,1.6735713483776808,0.0004053070535037047
36005006300,1.6735713483776808,0.0004053070535037047
36005006400,1.6735713483776808,0.0004053070535037047
36005006500,1.6735713483776808,0.0004053070535037047
36005006700,1.6735713483776808,0.0004053070535037047
36005006800,1.6735713483776808,0.0004053070535037047
36005006900,1.6735713483776808,0.0004053070535037047
36005007000,1.6735713483776808,0.0004053070535037047
36005007100,1.6735713483776808,0.0004053070535037047
36005007200,1.6735713483776808,0.0004053070535037047
36005007300,1.6735713483776808,0.0004053070535037047
36005007400,1.6735713483776808,0.0004053070535037047
36005007500,1.6735713483776808,0.0004053070535037047
36005007600,1.6735713483776808,0.0004053070535037047
36005007700,1.6735713483776808,0.0004053070535037047
36005007800,1.6735713483776808,0.0004053070535037047
36005007900,1.6735713483776808,0.0004053070535037047
36005008300,1.6735713483776808,0.0004053070535037047
36005008400,1.6735713483776808,0.0004053070535037047
36005008500,1.6735713483776808,0.0004053070535037047
36005008600,1.6735713483776808,0.0004053070535037047
36005008700,1.6735713483776808,0.0004053070535037047
36005008900,1.6735713483776808,0.0004053070535037047
36005009000,1.6735713483776808,0.0004053070535037047
36005009200,1.6735713483776808,0.0004053070535037047
36005009300,1.6735713483776808,0.0004053070535037047
36005009600,1.6735713483776808,0.0004053070535037047
36005009800,1.6735713483776808,0.0004053070535037047
36005011000,1.6735713483776808,0.0004053070535037047
36005011502,1.6735713483776808,0.0004053070535037047
36005011700,1.6735713483776808,0.0004053070535037047
36005011800,1.6735713483776808,0.0004053070535037047
36005011900,1.6735713483776808,0.0004053070535037047
36005012101,1.6735713483776808,0.0004053070535037047
36005012102,1.6735713483776808,0.0004053070535037047
36005012300,1.6735713483776808,0.0004053070535037047
36005012500,1.6735713483776808,0.0004053070535037047
36005012701,1.6735713483776808,0.0004053070535037047
36005012901,1.6735713483776808,0.0004053070535037047
36005013000,1.6735713483776808,0.0004053070535037047
36005013100,1.6735713483776808,0.0004053070535037047
36005013200,1.6735713483776808,0.0004053070535037047
36005013300,1.6735713483776808,0.0004053070535037047
36005013500,1.6735713483776808,0.0004053070535037047
36005013800,1.6735713483776808,0.0004053070535037047
36005014100,1.6735713483776808,0.0004053070535037047
36005014300,1.6735713483776808,0.0004053070535037047
36005014400,1.6735713483776808,0.0004053070535037047
36005014500,1.6735713483776808,0.0004053070535037047
36005014701,1.6735713483776808,0.0004053070535037047
36005014702,1.6735713483776808,0.0004053070535037047
36005014900,1.6735713483776808,0.0004053070535037047
36005015100,1.6735713483776808,0.0004053070535037047
36005015200,1.6735713483776808,0.0004053070535037047
36005015300,1.6735713483776808,0.0004053070535037047
36005015500,1.6735713483776808,0.0004053070535037047
36005015700,1.6735713483776808,0.0004053070535037047
36005015800,1.6735713483776808,0.0004053070535037047
36005015900,1.6735713483776808,0.0004053070535037047
36005016000,1.6735713483776808,0.0004053070535037047
36005016100,1.6735713483776808,0.0004053070535037047
36005016200,1.6735713483776808,0.0004053070535037047
36005016300,1.6735713483776808,0.0004053070535037047
36005016400,1.6735713483776808,0.0004053070535037047
36005016500,1.6735713483776808,0.0004053070535037047
36005016600,1.6735713483776808,0.0004053070535037047
36005016700,1.6735713483776808,0.0004053070535037047
36005016900,1.6735713483776808,0.0004053070535037047
36005017100,1.6735713483776808,0.0004053070535037047
36005017300,1.6735713483776808,0.0004053070535037047
36005017500,1.6735713483776808,0.0004053070535037047
36005017701,1.6735713483776808,0.0004053070535037047
36005017702,1.6735713483776808,0.0004053070535037047
36005017901,1.6735713483776808,0.0004053070535037047
36005017902,1.6735713483776808,0.0004053070535037047
36005018101,1.6735713483776808,0.0004053070535037047
36005018102,1.6735713483776808,0.0004053070535037047
36005018301,1.6735713483776808,0.0004053070535037047
36005018302,1.6735713483776808,0.0004053070535037047
36005018400,1.6735713483776808,0.0004053070535037047
36005018500,1.6735713483776808,0.0004053070535037047
36005018900,1.6735713483776808,0.0004053070535037047
36005019300,1.6735713483776808,0.0004053070535037047
36005019400,1.6735713483776808,0.0004053070535037047
36005019500,1.6735713483776808,0.0004053070535037047
36005019700,1.6735713483776808,0.0004053070535037047
36005019900,1.6735713483776808,0.0004053070535037047
36005020000,1.6735713483776808,0.0004053070535037047
36005020100,1.6735713483776808,0.0004053070535037047
36005020200,1.6735713483776808,0.0004053070535037047
36005020400,1.6735713483776808,0.0004053070535037047
36005020501,1.6735713483776808,0.0004053070535037047
36005020502,1.6735713483776808,0.0004053070535037047
36005020601,1.6735713483776808,0.0004053070535037047
36005020900,1.6735713483776808,0.0004053070535037047
36005021001,1.6735713483776808,0.0004053070535037047
36005021002,1.6735713483776808,0.0004053070535037047
36005021100,1.6735713483776808,0.0004053070535037047
36005021200,1.6735713483776808,0.0004053070535037047
36005021301,1.6735713483776808,0.0004053070535037047
36005021302,1.6735713483776808,0.0004053070535037047
36005021501,1.6735713483776808,0.0004053070535037047
36005021502,1.6735713483776808,0.0004053070535037047
36005021601,1.6735713483776808,0.0004053070535037047
36005021602,1.6735713483776808,0.0004053070535037047
36005021700,1.6735713483776808,0.0004053070535037047
36005021800,1.6735713483776808,0.0004053070535037047
36005021900,1.6735713483776808,0.0004053070535037047
36005022000,1.6735713483776808,0.0004053070535037047
36005022101,1.6735713483776808,0.0004053070535037047
36005022102,1.6735713483776808,0.0004053070535037047
36005022200,1.6735713483776808,0.0004053070535037047
36005022300,1.6735713483776808,0.0004053070535037047
36005022401,1.6735713483776808,0.0004053070535037047
36005022403,1.6735713483776808,0.0004053070535037047
36005022404,1.6735713483776808,0.0004053070535037047
36005022500,1.6735713483776808,0.0004053070535037047
36005022701,1.6735713483776808,0.0004053070535037047
36005022702,1.6735713483776808,0.0004053070535037047
36005022703,1.6735713483776808,0.0004053070535037047
36005022800,1.6735713483776808,0.0004053070535037047
36005022901,1.6735713483776808,0.0004053070535037047
36005022902,1.6735713483776808,0.0004053070535037047
36005023000,1.6735713483776808,0.0004053070535037047
36005023100,1.6735713483776808,0.0004053070535037047
36005023200,1.6735713483776808,0.0004053070535037047
36005023301,1.6735713483776808,0.0004053070535037047
36005023302,1.6735713483776808,0.0004053070535037047
36005023501,1.6735713483776808,0.0004053070535037047
36005023502,1.6735713483776808,0.0004053070535037047
36005023600,1.6735713483776808,0.0004053070535037047
36005023702,1.6735713483776808,0.0004053070535037047
36005023703,1.6735713483776808,0.0004053070535037047
36005023704,1.6735713483776808,0.0004053070535037047
36005023800,1.6735713483776808,0.0004053070535037047
36005023900,1.6735713483776808,0.0004053070535037047
36005024000,1.6735713483776808,0.0004053070535037047
36005024100,1.6735713483776808,0.0004053070535037047
36005024300,1.6735713483776808,0.0004053070535037047
36005024400,1.6735713483776808,0.0004053070535037047
36005024501,1.6735713483776808,0.0004053070535037047
36005024502,1.6735713483776808,0.0004053070535037047
36005024600,1.6735713483776808,0.0004053070535037047
36005024700,1.6735713483776808,0.0004053070535037047
36005024800,1.6735713483776808,0.0004053070535037047
36005024900,1.6735713483776808,0.0004053070535037047
36005025000,1.6735713483776808,0.0004053070535037047
36005025100,1.6735713483776808,0.0004053070535037047
36005025200,1.6735713483776808,0.0004053070535037047
36005025300,1.6735713483776808,0.0004053070535037047
36005025400,1.6735713483776808,0.0004053070535037047
36005025500,1.6735713483776808,0.0004053070535037047
36005025600,1.6735713483776808,0.0004053070535037047
36005025700,1.6735713483776808,0.0004053070535037047
36005026100,1.6735713483776808,0.0004053070535037047
36005026300,1.6735713483776808,0.0004053070535037047
36005026400,1.6735713483776808,0.0004053070535037047
36005026500,1.6735713483776808,0.0004053070535037047
36005026601,1.6735713483776808,0.0004053070535037047
36005026602,1.6735713483776808,0.0004053070535037047
36005026701,1.6735713483776808,0.0004053070535037047
36005026702,1.6735713483776808,0.0004053070535037047
36005026900,1.6735713483776808,0.0004053070535037047
36005027300,1.6735713483776808,0.0004053070535037047
36005027401,1.6735713483776808,0.0004053070535037047
36005027402,1.6735713483776808,0.0004053070535037047
36005027600,1.6735713483776808,0.0004053070535037047
36005027700,1.6735713483776808,0.0004053070535037047
36005027900,1.6735713483776808,0.0004053070535037047
36005028100,1.6735713483776808,0.0004053070535037047
36005028300,1.6735713483776808,0.0004053070535037047
36005028400,1.6735713483776808,0.0004053070535037047
36005028500,1.6735713483776808,0.0004053070535037047
36005028600,1.6735713483776808,0.0004053070535037047
36005028700,1.6735713483776808,0.0004053070535037047
36005028800,1.6735713483776808,0.0004053070535037047
36005028900,1.6735713483776808,0.0004053070535037047
36005029301,1.6735713483776808,0.0004053070535037047
36005029302,1.6735713483776808,0.0004053070535037047
36005029500,1.6735713483776808,0.0004053070535037047
36005029600,1.6735713483776808,0.0004053070535037047
36005029700,1.6735713483776808,0.0004053070535037047
36005030000,1.6735713483776808,0.0004053070535037047
36005030100,1.6735713483776808,0.0004053070535037047
36005030200,1.6735713483776808,0.0004053070535037047
36005030701,1.6735713483776808,0.0004053070535037047
36005030900,1.6735713483776808,0.0004053070535037047
36005031000,1.6735713483776808,0.0004053070535037047
36005031200,1.6735713483776808,0.0004053070535037047
36005031400,1.6735713483776808,0.0004053070535037047
36005031600,1.6735713483776808,0.0004053070535037047
36005031800,1.6735713483776808,0.0004053070535037047
36005031900,1.6735713483776808,0.0004053070535037047
36005032300,1.6735713483776808,0.0004053070535037047
36005032400,1.6735713483776808,0.0004053070535037047
36005032600,1.6735713483776808,0.0004053070535037047
36005032800,1.6735713483776808,0.0004053070535037047
36005033000,1.6735713483776808,0.0004053070535037047
36005033201,1.6735713483776808,0.0004053070535037047
36005033202,1.6735713483776808,0.0004053070535037047
36005033400,1.6735713483776808,0.0004053070535037047
36005033500,1.6735713483776808,0.0004053070535037047
36005033600,1.6735713483776808,0.0004053070535037047
36005033700,1.6735713483776808,0.0004053070535037047
36005033800,1.6735713483776808,0.0004053070535037047
36005034000,1.6735713483776808,0.0004053070535037047
36005034200,1.6735713483776808,0.0004053070535037047
36005034300,1.6735713483776808,0.0004053070535037047
36005034400,1.6735713483776808,0.0004053070535037047
36005034500,1.6735713483776808,0.0004053070535037047
36005034800,1.6735713483776808,0.0004053070535037047
36005035000,1.6735713483776808,0.0004053070535037047
36005035100,1.6735713483776808,0.0004053070535037047
36005035600,1.6735713483776808,0.0004053070535037047
36005035800,1.6735713483776808,0.0004053070535037047
36005035900,1.6735713483776808,0.0004053070535037047
36005036000,1.6735713483776808,0.0004053070535037047
36005036100,1.6735713483776808,0.0004053070535037047
36005036300,1.6735713483776808,0.0004053070535037047
36005036400,1.6735713483776808,0.0004053070535037047
36005036501,1.6735713483776808,0.0004053070535037047
36005036502,1.6735713483776808,0.0004053070535037047
36005036700,1.6735713483776808,0.0004053070535037047
36005036800,1.6735713483776808,0.0004053070535037047
36005036901,1.6735713483776808,0.0004053070535037047
36005036902,1.6735713483776808,0.0004053070535037047
36005037000,1.6735713483776808,0.0004053070535037047
36005037100,1.6735713483776808,0.0004053070535037047
36005037200,1.6735713483776808,0.0004053070535037047
36005037300,1.6735713483776808,0.0004053070535037047
36005037400,1.6735713483776808,0.0004053070535037047
36005037504,1.6735713483776808,0.0004053070535037047
36005037600,1.6735713483776808,0.0004053070535037047
36005037800,1.6735713483776808,0.0004053070535037047
36005037900,1.6735713483776808,0.0004053070535037047
36005038000,1.6735713483776808,0.0004053070535037047
36005038100,1.6735713483776808,0.0004053070535037047
36005038200,1.6735713483776808,0.0004053070535037047
36005038301,1.6735713483776808,0.0004053070535037047
36005038302,1.6735713483776808,0.0004053070535037047
36005038500,1.6735713483776808,0.0004053070535037047
36005038600,1.6735713483776808,0.0004053070535037047
36005038700,1.6735713483776808,0.0004053070535037047
36005038800,1.6735713483776808,0.0004053070535037047
36005038900,1.6735713483776808,0.0004053070535037047
36005039000,1.6735713483776808,0.0004053070535037047
36005039100,1.6735713483776808,0.0004053070535037047
36005039200,1.6735713483776808,0.0004053070535037047
36005039300,1.6735713483776808,0.0004053070535037047
36005039400,1.6735713483776808,0.0004053070535037047
36005039500,1.6735713483776808,0.0004053070535037047
36005039600,1.6735713483776808,0.0004053070535037047
36005039700,1.6735713483776808,0.0004053070535037047
36005039800,1.6735713483776808,0.0004053070535037047
36005039901,1.6735713483776808,0.0004053070535037047
36005039902,1.6735713483776808,0.0004053070535037047
36005040100,1.6735713483776808,0.0004053070535037047
36005040302,1.6735713483776808,0.0004053070535037047
36005040303,1.6735713483776808,0.0004053070535037047
36005040304,1.6735713483776808,0.0004053070535037047
36005040400,1.6735713483776808,0.0004053070535037047
36005040501,1.6735713483776808,0.0004053070535037047
36005040502,1.6735713483776808,0.0004053070535037047
36005040600,1.6735713483776808,0.0004053070535037047
36005040701,1.6735713483776808,0.0004053070535037047
36005040702,1.6735713483776808,0.0004053070535037047
36005040800,1.6735713483776808,0.0004053070535037047
36005040900,1.6735713483776808,0.0004053070535037047
36005041100,1.6735713483776808,0.0004053070535037047
36005041300,1.6735713483776808,0.0004053070535037047
36005041400,1.6735713483776808,0.0004053070535037047
36005041500,1.6735713483776808,0.0004053070535037047
36005041800,1.6735713483776808,0.0004053070535037047
36005041900,1.6735713483776808,0.0004053070535037047
36005042000,1.6735713483776808,0.0004053070535037047
36005042100,1.6735713483776808,0.0004053070535037047
36005042200,1.6735713483776808,0.0004053070535037047
36005042300,1.6735713483776808,0.0004053070535037047
36005042400,1.6735713483776808,0.0004053070535037047
36005042500,1.6735713483776808,0.0004053070535037047
36005042600,1.6735713483776808,0.0004053070535037047
36005042800,1.6735713483776808,0.0004053070535037047
36005042901,1.6735713483776808,0.0004053070535037047
36005042902,1.6735713483776808,0.0004053070535037047
36005043000,1.6735713483776808,0.0004053070535037047
36005043100,1.6735713483776808,0.0004053070535037047
36005043400,1.6735713483776808,0.0004053070535037047
36005043500,1.6735713483776808,0.0004053070535037047
36005043600,1.6735713483776808,0.0004053070535037047
36005044200,1.6735713483776808,0.0004053070535037047
36005044400,1.6735713483776808,0.0004053070535037047
36005044800,1.6735713483776808,0.0004053070535037047
36005044901,1.6735713483776808,0.0004053070535037047
36005044902,1.6735713483776808,0.0004053070535037047
36005045101,1.6735713483776808,0.0004053070535037047
36005045102,1.6735713483776808,0.0004053070535037047
36005045600,1.6735713483776808,0.0004053070535037047
36005045800,1.6735713483776808,0.0004053070535037047
36005046000,1.6735713483776808,0.0004053070535037047
36005046201,1.6735713483776808,0.0004053070535037047
36005046202,1.6735713483776808,0.0004053070535037047
36005048400,1.6735713483776808,0.0004053070535037047
36005050400,1.6735713483776808,0.0004053070535037047
36005051600,1.6735713483776808,0.0004053070535037047
36047000100,2.3232951717272283,0.0032151911334465486
36047000200,2.3232951717272283,0.0032151911334465486
36047000301,2.3232951717272283,0.0032151911334465486
36047000501,2.3232951717272283,0.0032151911334465486
36047000502,2.3232951717272283,0.0032151911334465486
36047000700,2.3232951717272283,0.0032151911334465486
36047000900,2.3232951717272283,0.0032151911334465486
36047001100,2.3232951717272283,0.0032151911334465486
36047001300,2.3232951717272283,0.0032151911334465486
36047001500,2.3232951717272283,0.0032151911334465486
36047001800,2.3232951717272283,0.0032151911334465486
36047002000,2.3232951717272283,0.0032151911334465486
36047002100,2.3232951717272283,0.0032151911334465486
36047002200,2.3232951717272283,0.0032151911334465486
36047002300,2.3232951717272283,0.0032151911334465486
36047002901,2.3232951717272283,0.0032151911334465486
36047003000,2.3232951717272283,0.0032151911334465486
36047003100,2.3232951717272283,0.0032151911334465486
36047003300,2.3232951717272283,0.0032151911334465486
36047003400,2.3232951717272283,0.0032151911334465486
36047003500,2.3232951717272283,0.0032151911334465486
36047003600,2.3232951717272283,0.0032151911334465486
36047003700,2.3232951717272283,0.0032151911334465486
36047003800,2.3232951717272283,0.0032151911334465486
36047003900,2.3232951717272283,0.0032151911334465486
36047004100,2.3232951717272283,0.0032151911334465486
36047004300,2.3232951717272283,0.0032151911334465486
36047004400,2.3232951717272283,0.0032151911334465486
36047004500,2.3232951717272283,0.0032151911334465486
36047004600,2.3232951717272283,0.0032151911334465486
36047004700,2.3232951717272283,0.0032151911334465486
36047004900,2.3232951717272283,0.0032151911334465486
36047005000,2.3232951717272283,0.0032151911334465486
36047005100,2.3232951717272283,0.0032151911334465486
36047005201,2.3232951717272283,0.0032151911334465486
36047005202,2.3232951717272283,0.0032151911334465486
36047005300,2.3232951717272283,0.0032151911334465486
36047005400,2.3232951717272283,0.0032151911334465486
36047005601,2.3232951717272283,0.0032151911334465486
36047005602,2.3232951717272283,0.0032151911334465486
36047005800,2.3232951717272283,0.0032151911334465486
36047005900,2.3232951717272283,0.0032151911334465486
36047006000,2.3232951717272283,0.0032151911334465486
36047006200,2.3232951717272283,0.0032151911334465486
36047006300,2.3232951717272283,0.0032151911334465486
36047006400,2.3232951717272283,0.0032151911334465486
36047006500,2.3232951717272283,0.0032151911334465486
36047006600,2.3232951717272283,0.0032151911334465486
36047006700,2.3232951717272283,0.0032151911334465486
36047006800,2.3232951717272283,0.0032151911334465486
36047006900,2.3232951717272283,0.0032151911334465486
36047007000,2.3232951717272283,0.0032151911334465486
36047007100,2.3232951717272283,0.0032151911334465486
36047007200,2.3232951717272283,0.0032151911334465486
36047007400,2.3232951717272283,0.0032151911334465486
36047007500,2.3232951717272283,0.0032151911334465486
36047007600,2.3232951717272283,0.0032151911334465486
36047007700,2.3232951717272283,0.0032151911334465486
36047007800,2.3232951717272283,0.0032151911334465486
36047008000,2.3232951717272283,0.0032151911334465486
36047008200,2.3232951717272283,0.0032151911334465486
36047008400,2.3232951717272283,0.0032151911334465486
36047008500,2.3232951717272283,0.0032151911334465486
36047008600,2.3232951717272283,0.0032151911334465486
36047008800,2.3232951717272283,0.0032151911334465486
36047009000,2.3232951717272283,0.0032151911334465486
36047009200,2.3232951717272283,0.0032151911334465486
36047009400,2.3232951717272283,0.0032151911334465486
36047009600,2.3232951717272283,0.0032151911334465486
36047009800,2.3232951717272283,0.0032151911334465486
36047010000,2.3232951717272283,0.0032151911334465486
36047010100,2.3232951717272283,0.0032151911334465486
36047010200,2.3232951717272283,0.0032151911334465486
36047010400,2.3232951717272283,0.0032151911334465486
36047010600,2.3232951717272283,0.0032151911334465486
36047010800,2.3232951717272283,0.0032151911334465486
36047011000,2.3232951717272283,0.0032151911334465486
36047011200,2.3232951717272283,0.0032151911334465486
36047011400,2.3232951717272283,0.0032151911334465486
36047011600,2.3232951717272283,0.0032151911334465486
36047011700,2.3232951717272283,0.0032151911334465486
36047011800,2.3232951717272283,0.0032151911334465486
36047011900,2.3232951717272283,0.0032151911334465486
36047012000,2.3232951717272283,0.0032151911334465486
36047012100,2.3232951717272283,0.0032151911334465486
36047012200,2.3232951717272283,0.0032151911334465486
36047012600,2.3232951717272283,0.0032151911334465486
36047012700,2.3232951717272283,0.0032151911334465486
36047012801,2.3232951717272283,0.0032151911334465486
36047012901,2.3232951717272283,0.0032151911334465486
36047012902,2.3232951717272283,0.0032151911334465486
36047013000,2.3232951717272283,0.0032151911334465486
36047013100,2.3232951717272283,0.0032151911334465486
36047013200,2.3232951717272283,0.0032151911334465486
36047013300,2.3232951717272283,0.0032151911334465486
36047013400,2.3232951717272283,0.0032151911334465486
36047013500,2.3232951717272283,0.0032151911334465486
36047013600,2.3232951717272283,0.0032151911334465486
36047013700,2.3232951717272283,0.0032151911334465486
36047013800,2.3232951717272283,0.0032151911334465486
36047013900,2.3232951717272283,0.0032151911334465486
36047014000,2.3232951717272283,0.0032151911334465486
36047014100,2.3232951717272283,0.0032151911334465486
36047014200,2.3232951717272283,0.0032151911334465486
36047014300,2.3232951717272283,0.0032151911334465486
36047014500,2.3232951717272283,0.0032151911334465486
36047014700,2.3232951717272283,0.0032151911334465486
36047014800,2.3232951717272283,0.0032151911334465486
36047014900,2.3232951717272283,0.0032151911334465486
36047015000,2.3232951717272283,0.0032151911334465486
36047015100,2.3232951717272283,0.0032151911334465486
36047015200,2.3232951717272283,0.0032151911334465486
36047015300,2.3232951717272283,0.0032151911334465486
36047015400,2.3232951717272283,0.0032151911334465486
36047015500,2.3232951717272283,0.0032151911334465486
36047015700,2.3232951717272283,0.0032151911334465486
36047015900,2.3232951717272283,0.0032151911334465486
36047016000,2.3232951717272283,0.0032151911334465486
36047016100,2.3232951717272283,0.0032151911334465486
36047016200,2.3232951717272283,0.0032151911334465486
36047016300,2.3232951717272283,0.0032151911334465486
36047016400,2.3232951717272283,0.0032151911334465486
36047016500,2.3232951717272283,0.0032151911334465486
36047016600,2.3232951717272283,0.0032151911334465486
36047016700,2.3232951717272283,0.0032151911334465486
36047016800,2.3232951717272283,0.0032151911334465486
36047016900,2.3232951717272283,0.0032151911334465486
36047017000,2.3232951717272283,0.0032151911334465486
36047017100,2.3232951717272283,0.0032151911334465486
36047017200,2.3232951717272283,0.0032151911334465486
36047017400,2.3232951717272283,0.0032151911334465486
36047017500,2.3232951717272283,0.0032151911334465486
36047017600,2.3232951717272283,0.0032151911334465486
36047017700,2.3232951717272283,0.0032151911334465486
36047017800,2.3232951717272283,0.0032151911334465486
36047017900,2.3232951717272283,0.0032151911334465486
36047018000,2.3232951717272283,0.0032151911334465486
36047018100,2.3232951717272283,0.0032151911334465486
36047018200,2.3232951717272283,0.0032151911334465486
36047018300,2.3232951717272283,0.0032151911334465486
36047018400,2.3232951717272283,0.0032151911334465486
36047018501,2.3232951717272283,0.0032151911334465486
36047018600,2.3232951717272283,0.0032151911334465486
36047018700,2.3232951717272283,0.0032151911334465486
36047018800,2.3232951717272283,0.0032151911334465486
36047019000,2.3232951717272283,0.0032151911334465486
36047019100,2.3232951717272283,0.0032151911334465486
36047019200,2.3232951717272283,0.0032151911334465486
36047019300,2.3232951717272283,0.0032151911334465486
36047019400,2.3232951717272283,0.0032151911334465486
36047019500,2.3232951717272283,0.0032151911334465486
36047019600,2.3232951717272283,0.0032151911334465486
36047019700,2.3232951717272283,0.0032151911334465486
36047019800,2.3232951717272283,0.0032151911334465486
36047019900,2.3232951717272283,0.0032151911334465486
36047020000,2.3232951717272283,0.0032151911334465486
36047020100,2.3232951717272283,0.0032151911334465486
36047020200,2.3232951717272283,0.0032151911334465486
36047020300,2.3232951717272283,0.0032151911334465486
36047020400,2.3232951717272283,0.0032151911334465486
36047020500,2.3232951717272283,0.0032151911334465486
36047020600,2.3232951717272283,0.0032151911334465486
36047020700,2.3232951717272283,0.0032151911334465486
36047020800,2.3232951717272283,0.0032151911334465486
36047021000,2.3232951717272283,0.0032151911334465486
36047021100,2.3232951717272283,0.0032151911334465486
36047021200,2.3232951717272283,0.0032151911334465486
36047021300,2.3232951717272283,0.0032151911334465486
36047021400,2.3232951717272283,0.0032151911334465486
36047021500,2.3232951717272283,0.0032151911334465486
36047021600,2.3232951717272283,0.0032151911334465486
36047021700,2.3232951717272283,0.0032151911334465486
36047021800,2.3232951717272283,0.0032151911334465486
36047021900,2.3232951717272283,0.0032151911334465486
36047022000,2.3232951717272283,0.0032151911334465486
36047022100,2.3232951717272283,0.0032151911334465486
36047022200,2.3232951717272283,0.0032151911334465486
36047022400,2.3232951717272283,0.0032151911334465486
36047022600,2.3232951717272283,0.0032151911334465486
36047022700,2.3232951717272283,0.0032151911334465486
36047022800,2.3232951717272283,0.0032151911334465486
36047022900,2.3232951717272283,0.0032151911334465486
36047023000,2.3232951717272283,0.0032151911334465486
36047023100,2.3232951717272283,0.0032151911334465486
36047023200,2.3232951717272283,0.0032151911334465486
36047023300,2.3232951717272283,0.0032151911334465486
36047023400,2.3232951717272283,0.0032151911334465486
36047023500,2.3232951717272283,0.0032151911334465486
36047023600,2.3232951717272283,0.0032151911334465486
36047023800,2.3232951717272283,0.0032151911334465486
36047024000,2.3232951717272283,0.0032151911334465486
36047024100,2.3232951717272283,0.0032151911334465486
36047024200,2.3232951717272283,0.0032151911334465486
36047024300,2.3232951717272283,0.0032151911334465486
36047024400,2.3232951717272283,0.0032151911334465486
36047024500,2.3232951717272283,0.0032151911334465486
36047024600,2.3232951717272283,0.0032151911334465486
36047024700,2.3232951717272283,0.0032151911334465486
36047024800,2.3232951717272283,0.0032151911334465486
36047024900,2.3232951717272283,0.0032151911334465486
36047025000,2.3232951717272283,0.0032151911334465486
36047025100,2.3232951717272283,0.0032151911334465486
36047025200,2.3232951717272283,0.0032151911334465486
36047025300,2.3232951717272283,0.0032151911334465486
36047025400,2.3232951717272283,0.0032151911334465486
36047025500,2.3232951717272283,0.0032151911334465486
36047025600,2.3232951717272283,0.0032151911334465486
36047025700,2.3232951717272283,0.0032151911334465486
36047025800,2.3232951717272283,0.0032151911334465486
36047025901,2.3232951717272283,0.0032151911334465486
36047025902,2.3232951717272283,0.0032151911334465486
36047026000,2.3232951717272283,0.0032151911334465486
36047026100,2.3232951717272283,0.0032151911334465486
36047026200,2.3232951717272283,0.0032151911334465486
36047026300,2.3232951717272283,0.0032151911334465486
36047026400,2.3232951717272283,0.0032151911334465486
36047026500,2.3232951717272283,0.0032151911334465486
36047026600,2.3232951717272283,0.0032151911334465486
36047026700,2.3232951717272283,0.0032151911334465486
36047026800,2.3232951717272283,0.0032151911334465486
36047026900,2.3232951717272283,0.0032151911334465486
36047027000,2.3232951717272283,0.0032151911334465486
36047027100,2.3232951717272283,0.0032151911334465486
36047027200,2.3232951717272283,0.0032151911334465486
36047027300,2.3232951717272283,0.0032151911334465486
36047027400,2.3232951717272283,0.0032151911334465486
36047027500,2.3232951717272283,0.0032151911334465486
36047027600,2.3232951717272283,0.0032151911334465486
36047027700,2.3232951717272283,0.0032151911334465486
36047027800,2.3232951717272283,0.0032151911334465486
36047027900,2.3232951717272283,0.0032151911334465486
36047028000,2.3232951717272283,0.0032151911334465486
36047028100,2.3232951717272283,0.0032151911334465486
36047028200,2.3232951717272283,0.0032151911334465486
36047028300,2.3232951717272283,0.0032151911334465486
36047028400,2.3232951717272283,0.0032151911334465486
36047028501,2.3232951717272283,0.0032151911334465486
36047028502,2.3232951717272283,0.0032151911334465486
36047028600,2.3232951717272283,0.0032151911334465486
36047028700,2.3232951717272283,0.0032151911334465486
36047028800,2.3232951717272283,0.0032151911334465486
36047028900,2.3232951717272283,0.0032151911334465486
36047029000,2.3232951717272283,0.0032151911334465486
36047029100,2.3232951717272283,0.0032151911334465486
36047029200,2.3232951717272283,0.0032151911334465486
36047029300,2.3232951717272283,0.0032151911334465486
36047029400,2.3232951717272283,0.0032151911334465486
36047029500,2.3232951717272283,0.0032151911334465486
36047029600,2.3232951717272283,0.0032151911334465486
36047029700,2.3232951717272283,0.0032151911334465486
36047029800,2.3232951717272283,0.0032151911334465486
36047029900,2.3232951717272283,0.0032151911334465486
36047030000,2.3232951717272283,0.0032151911334465486
36047030100,2.3232951717272283,0.0032151911334465486
36047030200,2.3232951717272283,0.0032151911334465486
36047030300,2.3232951717272283,0.0032151911334465486
36047030400,2.3232951717272283,0.0032151911334465486
36047030500,2.3232951717272283,0.0032151911334465486
36047030600,2.3232951717272283,0.0032151911334465486
36047030700,2.3232951717272283,0.0032151911334465486
36047030800,2.3232951717272283,0.0032151911334465486
36047030900,2.3232951717272283,0.0032151911334465486
36047031100,2.3232951717272283,0.0032151911334465486
36047031300,2.3232951717272283,0.0032151911334465486
36047031400,2.3232951717272283,0.0032151911334465486
36047031500,2.3232951717272283,0.0032151911334465486
36047031701,2.3232951717272283,0.0032151911334465486
36047031702,2.3232951717272283,0.0032151911334465486
36047031900,2.3232951717272283,0.0032151911334465486
36047032100,2.3232951717272283,0.0032151911334465486
36047032300,2.3232951717272283,0.0032151911334465486
36047032500,2.3232951717272283,0.0032151911334465486
36047032600,2.3232951717272283,0.0032151911334465486
36047032700,2.3232951717272283,0.0032151911334465486
36047032800,2.3232951717272283,0.0032151911334465486
36047032900,2.3232951717272283,0.0032151911334465486
36047033000,2.3232951717272283,0.0032151911334465486
36047033100,2.3232951717272283,0.0032151911334465486
36047033300,2.3232951717272283,0.0032151911334465486
36047033500,2.3232951717272283,0.0032151911334465486
36047033600,2.3232951717272283,0.0032151911334465486
36047033700,2.3232951717272283,0.0032151911334465486
36047033900,2.3232951717272283,0.0032151911334465486
36047034000,2.3232951717272283,0.0032151911334465486
36047034100,2.3232951717272283,0.0032151911334465486
36047034200,2.3232951717272283,0.0032151911334465486
36047034300,2.3232951717272283,0.0032151911334465486
36047034500,2.3232951717272283,0.0032151911334465486
36047034700,2.3232951717272283,0.0032151911334465486
36047034800,2.3232951717272283,0.0032151911334465486
36047034900,2.3232951717272283,0.0032151911334465486
36047035000,2.3232951717272283,0.0032151911334465486
36047035100,2.3232951717272283,0.0032151911334465486
36047035200,2.3232951717272283,0.0032151911334465486
36047035300,2.3232951717272283,0.0032151911334465486
36047035400,2.3232951717272283,0.0032151911334465486
36047035500,2.3232951717272283,0.0032151911334465486
36047035601,2.3232951717272283,0.0032151911334465486
36047035602,2.3232951717272283,0.0032151911334465486
36047035700,2.3232951717272283,0.0032151911334465486
36047035900,2.3232951717272283,0.0032151911334465486
36047036001,2.3232951717272283,0.0032151911334465486
36047036002,2.3232951717272283,0.0032151911334465486
36047036100,2.3232951717272283,0.0032151911334465486
36047036200,2.3232951717272283,0.0032151911334465486
36047036300,2.3232951717272283,0.0032151911334465486
36047036400,2.3232951717272283,0.0032151911334465486
36047036501,2.3232951717272283,0.0032151911334465486
36047036502,2.3232951717272283,0.0032151911334465486
36047036600,2.3232951717272283,0.0032151911334465486
36047036700,2.3232951717272283,0.0032151911334465486
36047036900,2.3232951717272283,0.0032151911334465486
36047037000,2.3232951717272283,0.0032151911334465486
36047037100,2.3232951717272283,0.0032151911334465486
36047037300,2.3232951717272283,0.0032151911334465486
36047037401,2.3232951717272283,0.0032151911334465486
36047037402,2.3232951717272283,0.0032151911334465486
36047037500,2.3232951717272283,0.0032151911334465486
36047037700,2.3232951717272283,0.0032151911334465486
36047037900,2.3232951717272283,0.0032151911334465486
36047038100,2.3232951717272283,0.0032151911334465486
36047038200,2.3232951717272283,0.0032151911334465486
36047038300,2.3232951717272283,0.0032151911334465486
36047038500,2.3232951717272283,0.0032151911334465486
36047038600,2.3232951717272283,0.0032151911334465486
36047038700,2.3232951717272283,0.0032151911334465486
36047038800,2.3232951717272283,0.0032151911334465486
36047038900,2.3232951717272283,0.0032151911334465486
36047039000,2.3232951717272283,0.0032151911334465486
36047039100,2.3232951717272283,0.0032151911334465486
36047039200,2.3232951717272283,0.0032151911334465486
36047039300,2.3232951717272283,0.0032151911334465486
36047039400,2.3232951717272283,0.0032151911334465486
36047039500,2.3232951717272283,0.0032151911334465486
36047039600,2.3232951717272283,0.0032151911334465486
36047039700,2.3232951717272283,0.0032151911334465486
36047039800,2.3232951717272283,0.0032151911334465486
36047039900,2.3232951717272283,0.0032151911334465486
36047040000,2.3232951717272283,0.0032151911334465486
36047040100,2.3232951717272283,0.0032151911334465486
36047040200,2.3232951717272283,0.0032151911334465486
36047040300,2.3232951717272283,0.0032151911334465486
36047040400,2.3232951717272283,0.0032151911334465486
36047040500,2.3232951717272283,0.0032151911334465486
36047040600,2.3232951717272283,0.0032151911334465486
36047040700,2.3232951717272283,0.0032151911334465486
36047040800,2.3232951717272283,0.0032151911334465486
36047040900,2.3232951717272283,0.0032151911334465486
36047041000,2.3232951717272283,0.0032151911334465486
36047041100,2.3232951717272283,0.0032151911334465486
36047041200,2.3232951717272283,0.0032151911334465486
36047041300,2.3232951717272283,0.0032151911334465486
36047041401,2.3232951717272283,0.0032151911334465486
36047041402,2.3232951717272283,0.0032151911334465486
36047041500,2.3232951717272283,0.0032151911334465486
36047041600,2.3232951717272283,0.0032151911334465486
36047041700,2.3232951717272283,0.0032151911334465486
36047041800,2.3232951717272283,0.0032151911334465486
36047041900,2.3232951717272283,0.0032151911334465486
36047042000,2.3232951717272283,0.0032151911334465486
36047042100,2.3232951717272283,0.0032151911334465486
36047042200,2.3232951717272283,0.0032151911334465486
36047042300,2.3232951717272283,0.0032151911334465486
36047042400,2.3232951717272283,0.0032151911334465486
36047042500,2.3232951717272283,0.0032151911334465486
36047042600,2.3232951717272283,0.0032151911334465486
36047042700,2.3232951717272283,0.0032151911334465486
36047042800,2.3232951717272283,0.0032151911334465486
36047042900,2.3232951717272283,0.0032151911334465486
36047043000,2.3232951717272283,0.0032151911334465486
36047043100,2.3232951717272283,0.0032151911334465486
36047043200,2.3232951717272283,0.0032151911334465486
36047043300,2.3232951717272283,0.0032151911334465486
36047043400,2.3232951717272283,0.0032151911334465486
36047043500,2.3232951717272283,0.0032151911334465486
36047043600,2.3232951717272283,0.0032151911334465486
36047043700,2.3232951717272283,0.0032151911334465486
36047043800,2.3232951717272283,0.0032151911334465486
36047043900,2.3232951717272283,0.0032151911334465486
36047044000,2.3232951717272283,0.0032151911334465486
36047044100,2.3232951717272283,0.0032151911334465486
36047044200,2.3232951717272283,0.0032151911334465486
36047044300,2.3232951717272283,0.0032151911334465486
36047044400,2.3232951717272283,0.0032151911334465486
36047044500,2.3232951717272283,0.0032151911334465486
36047044600,2.3232951717272283,0.0032151911334465486
36047044700,2.3232951717272283,0.0032151911334465486
36047044800,2.3232951717272283,0.0032151911334465486
36047044900,2.3232951717272283,0.0032151911334465486
36047045000,2.3232951717272283,0.0032151911334465486
36047045200,2.3232951717272283,0.0032151911334465486
36047045300,2.3232951717272283,0.0032151911334465486
36047045400,2.3232951717272283,0.0032151911334465486
36047045600,2.3232951717272283,0.0032151911334465486
36047045800,2.3232951717272283,0.0032151911334465486
36047046000,2.3232951717272283,0.0032151911334465486
36047046201,2.3232951717272283,0.0032151911334465486
36047046202,2.3232951717272283,0.0032151911334465486
36047046400,2.3232951717272283,0.0032151911334465486
36047046800,2.3232951717272283,0.0032151911334465486
36047047000,2.3232951717272283,0.0032151911334465486
36047047200,2.3232951717272283,0.0032151911334465486
36047047400,2.3232951717272283,0.0032151911334465486
36047047600,2.3232951717272283,0.0032151911334465486
36047047700,2.3232951717272283,0.0032151911334465486
36047047800,2.3232951717272283,0.0032151911334465486
36047048000,2.3232951717272283,0.0032151911334465486
36047048100,2.3232951717272283,0.0032151911334465486
36047048200,2.3232951717272283,0.0032151911334465486
36047048400,2.3232951717272283,0.0032151911334465486
36047048500,2.3232951717272283,0.0032151911334465486
36047048600,2.3232951717272283,0.0032151911334465486
36047048800,2.3232951717272283,0.0032151911334465486
36047048900,2.3232951717272283,0.0032151911334465486
36047049000,2.3232951717272283,0.0032151911334465486
36047049100,2.3232951717272283,0.0032151911334465486
36047049200,2.3232951717272283,0.0032151911334465486
36047049300,2.3232951717272283,0.0032151911334465486
36047049400,2.3232951717272283,0.0032151911334465486
36047049500,2.3232951717272283,0.0032151911334465486
36047049600,2.3232951717272283,0.0032151911334465486
36047049700,2.3232951717272283,0.0032151911334465486
36047049800,2.3232951717272283,0.0032151911334465486
36047049900,2.3232951717272283,0.0032151911334465486
36047050000,2.3232951717272283,0.0032151911334465486
36047050100,2.3232951717272283,0.0032151911334465486
36047050202,2.3232951717272283,0.0032151911334465486
36047050300,2.3232951717272283,0.0032151911334465486
36047050400,2.3232951717272283,0.0032151911334465486
36047050500,2.3232951717272283,0.0032151911334465486
36047050600,2.3232951717272283,0.0032151911334465486
36047050700,2.3232951717272283,0.0032151911334465486
36047050801,2.3232951717272283,0.0032151911334465486
36047050803,2.3232951717272283,0.0032151911334465486
36047050804,2.3232951717272283,0.0032151911334465486
36047050900,2.3232951717272283,0.0032151911334465486
36047051001,2.3232951717272283,0.0032151911334465486
36047051002,2.3232951717272283,0.0032151911334465486
36047051100,2.3232951717272283,0.0032151911334465486
36047051200,2.3232951717272283,0.0032151911334465486
36047051300,2.3232951717272283,0.0032151911334465486
36047051400,2.3232951717272283,0.0032151911334465486
36047051500,2.3232951717272283,0.0032151911334465486
36047051601,2.3232951717272283,0.0032151911334465486
36047051602,2.3232951717272283,0.0032151911334465486
36047051700,2.3232951717272283,0.0032151911334465486
36047051800,2.3232951717272283,0.0032151911334465486
36047051900,2.3232951717272283,0.0032151911334465486
36047052000,2.3232951717272283,0.0032151911334465486
36047052300,2.3232951717272283,0.0032151911334465486
36047052500,2.3232951717272283,0.0032151911334465486
36047052600,2.3232951717272283,0.0032151911334465486
36047052700,2.3232951717272283,0.0032151911334465486
36047052800,2.3232951717272283,0.0032151911334465486
36047052900,2.3232951717272283,0.0032151911334465486
36047053000,2.3232951717272283,0.0032151911334465486
36047053100,2.3232951717272283,0.0032151911334465486
36047053200,2.3232951717272283,0.0032151911334465486
36047053300,2.3232951717272283,0.0032151911334465486
36047053400,2.3232951717272283,0.0032151911334465486
36047053500,2.3232951717272283,0.0032151911334465486
36047053700,2.3232951717272283,0.0032151911334465486
36047053800,2.3232951717272283,0.0032151911334465486
36047053900,2.3232951717272283,0.0032151911334465486
36047054200,2.3232951717272283,0.0032151911334465486
36047054300,2.3232951717272283,0.0032151911334465486
36047054400,2.3232951717272283,0.0032151911334465486
36047054500,2.3232951717272283,0.0032151911334465486
36047054600,2.3232951717272283,0.0032151911334465486
36047054700,2.3232951717272283,0.0032151911334465486
36047054800,2.3232951717272283,0.0032151911334465486
36047054900,2.3232951717272283,0.0032151911334465486
36047055000,2.3232951717272283,0.0032151911334465486
36047055100,2.3232951717272283,0.0032151911334465486
36047055200,2.3232951717272283,0.0032151911334465486
36047055300,2.3232951717272283,0.0032151911334465486
36047055400,2.3232951717272283,0.0032151911334465486
36047055500,2.3232951717272283,0.0032151911334465486
36047055600,2.3232951717272283,0.0032151911334465486
36047055700,2.3232951717272283,0.0032151911334465486
36047055800,2.3232951717272283,0.0032151911334465486
36047056000,2.3232951717272283,0.0032151911334465486
36047056100,2.3232951717272283,0.0032151911334465486
36047056200,2.3232951717272283,0.0032151911334465486
36047056300,2.3232951717272283,0.0032151911334465486
36047056400,2.3232951717272283,0.0032151911334465486
36047056500,2.3232951717272283,0.0032151911334465486
36047056600,2.3232951717272283,0.0032151911334465486
36047056800,2.3232951717272283,0.0032151911334465486
36047056900,2.3232951717272283,0.0032151911334465486
36047057000,2.3232951717272283,0.0032151911334465486
36047057100,2.3232951717272283,0.0032151911334465486
36047057200,2.3232951717272283,0.0032151911334465486
36047057300,2.3232951717272283,0.0032151911334465486
36047057400,2.3232951717272283,0.0032151911334465486
36047057500,2.3232951717272283,0.0032151911334465486
36047057600,2.3232951717272283,0.0032151911334465486
36047057800,2.3232951717272283,0.0032151911334465486
36047057900,2.3232951717272283,0.0032151911334465486
36047058000,2.3232951717272283,0.0032151911334465486
36047058200,2.3232951717272283,0.0032151911334465486
36047058400,2.3232951717272283,0.0032151911334465486
36047058600,2.3232951717272283,0.0032151911334465486
36047058800,2.3232951717272283,0.0032151911334465486
36047058900,2.3232951717272283,0.0032151911334465486
36047059000,2.3232951717272283,0.0032151911334465486
36047059100,2.3232951717272283,0.0032151911334465486
36047059200,2.3232951717272283,0.0032151911334465486
36047059300,2.3232951717272283,0.0032151911334465486
36047059401,2.3232951717272283,0.0032151911334465486
36047059402,2.3232951717272283,0.0032151911334465486
36047059600,2.3232951717272283,0.0032151911334465486
36047059800,2.3232951717272283,0.0032151911334465486
36047060000,2.3232951717272283,0.0032151911334465486
36047060600,2.3232951717272283,0.0032151911334465486
36047060800,2.3232951717272283,0.0032151911334465486
36047061002,2.3232951717272283,0.0032151911334465486
36047061003,2.3232951717272283,0.0032151911334465486
36047061004,2.3232951717272283,0.0032151911334465486
36047061200,2.3232951717272283,0.0032151911334465486
36047061600,2.3232951717272283,0.0032151911334465486
36047062000,2.3232951717272283,0.0032151911334465486
36047062200,2.3232951717272283,0.0032151911334465486
36047062600,2.3232951717272283,0.0032151911334465486
36047062800,2.3232951717272283,0.0032151911334465486
36047063200,2.3232951717272283,0.0032151911334465486
36047063600,2.3232951717272283,0.0032151911334465486
36047063800,2.3232951717272283,0.0032151911334465486
36047064000,2.3232951717272283,0.0032151911334465486
36047064200,2.3232951717272283,0.0032151911334465486
36047064400,2.3232951717272283,0.0032151911334465486
36047064600,2.3232951717272283,0.0032151911334465486
36047064800,2.3232951717272283,0.0032151911334465486
36047065000,2.3232951717272283,0.0032151911334465486
36047065200,2.3232951717272283,0.0032151911334465486
36047065400,2.3232951717272283,0.0032151911334465486
36047065600,2.3232951717272283,0.0032151911334465486
36047065800,2.3232951717272283,0.0032151911334465486
36047066000,2.3232951717272283,0.0032151911334465486
36047066200,2.3232951717272283,0.0032151911334465486
36047066600,2.3232951717272283,0.0032151911334465486
36047067000,2.3232951717272283,0.0032151911334465486
36047067200,2.3232951717272283,0.0032151911334465486
36047067400,2.3232951717272283,0.0032151911334465486
36047067600,2.3232951717272283,0.0032151911334465486
36047067800,2.3232951717272283,0.0032151911334465486
36047068000,2.3232951717272283,0.0032151911334465486
36047068200,2.3232951717272283,0.0032151911334465486
36047068600,2.3232951717272283,0.0032151911334465486
36047068800,2.3232951717272283,0.0032151911334465486
36047069000,2.3232951717272283,0.0032151911334465486
36047069200,2.3232951717272283,0.0032151911334465486
36047069601,2.3232951717272283,0.0032151911334465486
36047069602,2.3232951717272283,0.0032151911334465486
36047069800,2.3232951717272283,0.0032151911334465486
36047070000,2.3232951717272283,0.0032151911334465486
36047070201,2.3232951717272283,0.0032151911334465486
36047070202,2.3232951717272283,0.0032151911334465486
36047070203,2.3232951717272283,0.0032151911334465486
36047070600,2.3232951717272283,0.0032151911334465486
36047072000,2.3232951717272283,0.0032151911334465486
36047072200,2.3232951717272283,0.0032151911334465486
36047072400,2.3232951717272283,0.0032151911334465486
36047072600,2.3232951717272283,0.0032151911334465486
36047072800,2.3232951717272283,0.0032151911334465486
36047073000,2.3232951717272283,0.0032151911334465486
36047073200,2.3232951717272283,0.0032151911334465486
36047073400,2.3232951717272283,0.0032151911334465486
36047073600,2.3232951717272283,0.0032151911334465486
36047073800,2.3232951717272283,0.0032151911334465486
36047074000,2.3232951717272283,0.0032151911334465486
36047074200,2.3232951717272283,0.0032151911334465486
36047074400,2.3232951717272283,0.0032151911334465486
36047074600,2.3232951717272283,0.0032151911334465486
36047074800,2.3232951717272283,0.0032151911334465486
36047075000,2.3232951717272283,0.0032151911334465486
36047075200,2.3232951717272283,0.0032151911334465486
36047075400,2.3232951717272283,0.0032151911334465486
36047075600,2.3232951717272283,0.0032151911334465486
36047075800,2.3232951717272283,0.0032151911334465486
36047076000,2.3232951717272283,0.0032151911334465486
36047076200,2.3232951717272283,0.0032151911334465486
36047076400,2.3232951717272283,0.0032151911334465486
36047076600,2.3232951717272283,0.0032151911334465486
36047076800,2.3232951717272283,0.0032151911334465486
36047077000,2.3232951717272283,0.0032151911334465486
36047077200,2.3232951717272283,0.0032151911334465486
36047077400,2.3232951717272283,0.0032151911334465486
36047077600,2.3232951717272283,0.0032151911334465486
36047078000,2.3232951717272283,0.0032151911334465486
36047078200,2.3232951717272283,0.0032151911334465486
36047078400,2.3232951717272283,0.0032151911334465486
36047078600,2.3232951717272283,0.0032151911334465486
36047078800,2.3232951717272283,0.0032151911334465486
36047079000,2.3232951717272283,0.0032151911334465486
36047079200,2.3232951717272283,0.0032151911334465486
36047079400,2.3232951717272283,0.0032151911334465486
36047079601,2.3232951717272283,0.0032151911334465486
36047079602,2.3232951717272283,0.0032151911334465486
36047079801,2.3232951717272283,0.0032151911334465486
36047079802,2.3232951717272283,0.0032151911334465486
36047080000,2.3232951717272283,0.0032151911334465486
36047080200,2.3232951717272283,0.0032151911334465486
36047080400,2.3232951717272283,0.0032151911334465486
36047080600,2.3232951717272283,0.0032151911334465486
36047080800,2.3232951717272283,0.0032151911334465486
36047081000,2.3232951717272283,0.0032151911334465486
36047081400,2.3232951717272283,0.0032151911334465486
36047081600,2.3232951717272283,0.0032151911334465486
36047081800,2.3232951717272283,0.0032151911334465486
36047082000,2.3232951717272283,0.0032151911334465486
36047082200,2.3232951717272283,0.0032151911334465486
36047082400,2.3232951717272283,0.0032151911334465486
36047082600,2.3232951717272283,0.0032151911334465486
36047082800,2.3232951717272283,0.0032151911334465486
36047083000,2.3232951717272283,0.0032151911334465486
36047083200,2.3232951717272283,0.0032151911334465486
36047083400,2.3232951717272283,0.0032151911334465486
36047083600,2.3232951717272283,0.0032151911334465486
36047083800,2.3232951717272283,0.0032151911334465486
36047084000,2.3232951717272283,0.0032151911334465486
36047084600,2.3232951717272283,0.0032151911334465486
36047084800,2.3232951717272283,0.0032151911334465486
36047085000,2.3232951717272283,0.0032151911334465486
36047085200,2.3232951717272283,0.0032151911334465486
36047085400,2.3232951717272283,0.0032151911334465486
36047085600,2.3232951717272283,0.0032151911334465486
36047085800,2.3232951717272283,0.0032151911334465486
36047086000,2.3232951717272283,0.0032151911334465486
36047086200,2.3232951717272283,0.0032151911334465486
36047086400,2.3232951717272283,0.0032151911334465486
36047086600,2.3232951717272283,0.0032151911334465486
36047086800,2.3232951717272283,0.0032151911334465486
36047087000,2.3232951717272283,0.0032151911334465486
36047087200,2.3232951717272283,0.0032151911334465486
36047087401,2.3232951717272283,0.0032151911334465486
36047087600,2.3232951717272283,0.0032151911334465486
36047087800,2.3232951717272283,0.0032151911334465486
36047088000,2.3232951717272283,0.0032151911334465486
36047088200,2.3232951717272283,0.0032151911334465486
36047088400,2.3232951717272283,0.0032151911334465486
36047088600,2.3232951717272283,0.0032151911334465486
36047088800,2.3232951717272283,0.0032151911334465486
36047089000,2.3232951717272283,0.0032151911334465486
36047089200,2.3232951717272283,0.0032151911334465486
36047089400,2.3232951717272283,0.0032151911334465486
36047089600,2.3232951717272283,0.0032151911334465486
36047089800,2.3232951717272283,0.0032151911334465486
36047090000,2.3232951717272283,0.0032151911334465486
36047090200,2.3232951717272283,0.0032151911334465486
36047090600,2.3232951717272283,0.0032151911334465486
36047090800,2.3232951717272283,0.0032151911334465486
36047091000,2.3232951717272283,0.0032151911334465486
36047091200,2.3232951717272283,0.0032151911334465486
36047091600,2.3232951717272283,0.0032151911334465486
36047091800,2.3232951717272283,0.0032151911334465486
36047092000,2.3232951717272283,0.0032151911334465486
36047092200,2.3232951717272283,0.0032151911334465486
36047092400,2.3232951717272283,0.0032151911334465486
36047092800,2.3232951717272283,0.0032151911334465486
36047093000,2.3232951717272283,0.0032151911334465486
36047093200,2.3232951717272283,0.0032151911334465486
36047093400,2.3232951717272283,0.0032151911334465486
36047093600,2.3232951717272283,0.0032151911334465486
36047093800,2.3232951717272283,0.0032151911334465486
36047094401,2.3232951717272283,0.0032151911334465486
36047094402,2.3232951717272283,0.0032151911334465486
36047094600,2.3232951717272283,0.0032151911334465486
36047095000,2.3232951717272283,0.0032151911334465486
36047095400,2.3232951717272283,0.0032151911334465486
36047095600,2.3232951717272283,0.0032151911334465486
36047095800,2.3232951717272283,0.0032151911334465486
36047096000,2.3232951717272283,0.0032151911334465486
36047096200,2.3232951717272283,0.0032151911334465486
36047096400,2.3232951717272283,0.0032151911334465486
36047096600,2.3232951717272283,0.0032151911334465486
36047096800,2.3232951717272283,0.0032151911334465486
36047097000,2.3232951717272283,0.0032151911334465486
36047097400,2.3232951717272283,0.0032151911334465486
36047098200,2.3232951717272283,0.0032151911334465486
36047098400,2.3232951717272283,0.0032151911334465486
36047098600,2.3232951717272283,0.0032151911334465486
36047098800,2.3232951717272283,0.0032151911334465486
36047099000,2.3232951717272283,0.0032151911334465486
36047099200,2.3232951717272283,0.0032151911334465486
36047099400,2.3232951717272283,0.0032151911334465486
36047099600,2.3232951717272283,0.0032151911334465486
36047099800,2.3232951717272283,0.0032151911334465486
36047100400,2.3232951717272283,0.0032151911334465486
36047100600,2.3232951717272283,0.0032151911334465486
36047100800,2.3232951717272283,0.0032151911334465486
36047101000,2.3232951717272283,0.0032151911334465486
36047101200,2.3232951717272283,0.0032151911334465486
36047101400,2.3232951717272283,0.0032151911334465486
36047101600,2.3232951717272283,0.0032151911334465486
36047101800,2.3232951717272283,0.0032151911334465486
36047102000,2.3232951717272283,0.0032151911334465486
36047102200,2.3232951717272283,0.0032151911334465486
36047102400,2.3232951717272283,0.0032151911334465486
36047102600,2.3232951717272283,0.0032151911334465486
36047102800,2.3232951717272283,0.0032151911334465486
36047103400,2.3232951717272283,0.0032151911334465486
36047105801,2.3232951717272283,0.0032151911334465486
36047105804,2.3232951717272283,0.0032151911334465486
36047107000,2.3232951717272283,0.0032151911334465486
36047107800,2.3232951717272283,0.0032151911334465486
36047109800,2.3232951717272283,0.0032151911334465486
36047110400,2.3232951717272283,0.0032151911334465486
36047110600,2.3232951717272283,0.0032151911334465486
36047111000,2.3232951717272283,0.0032151911334465486
36047111600,2.3232951717272283,0.0032151911334465486
36047111800,2.3232951717272283,0.0032151911334465486
36047112000,2.3232951717272283,0.0032151911334465486
36047112200,2.3232951717272283,0.0032151911334465486
36047112400,2.3232951717272283,0.0032151911334465486
36047112600,2.3232951717272283,0.0032151911334465486
36047112800,2.3232951717272283,0.0032151911334465486
36047113000,2.3232951717272283,0.0032151911334465486
36047113200,2.3232951717272283,0.0032151911334465486
36047113400,2.3232951717272283,0.0032151911334465486
36047114201,2.3232951717272283,0.0032151911334465486
36047114202,2.3232951717272283,0.0032151911334465486
36047114400,2.3232951717272283,0.0032151911334465486
36047114600,2.3232951717272283,0.0032151911334465486
36047115000,2.3232951717272283,0.0032151911334465486
36047115200,2.3232951717272283,0.0032151911334465486
36047115600,2.3232951717272283,0.0032151911334465486
36047115800,2.3232951717272283,0.0032151911334465486
36047116000,2.3232951717272283,0.0032151911334465486
36047116200,2.3232951717272283,0.0032151911334465486
36047116400,2.3232951717272283,0.0032151911334465486
36047116600,2.3232951717272283,0.0032151911334465486
36047116800,2.3232951717272283,0.0032151911334465486
36047117000,2.3232951717272283,0.0032151911334465486
36047117201,2.3232951717272283,0.0032151911334465486
36047117202,2.3232951717272283,0.0032151911334465486
36047117400,2.3232951717272283,0.0032151911334465486
36047117601,2.3232951717272283,0.0032151911334465486
36047117602,2.3232951717272283,0.0032151911334465486
36047117800,2.3232951717272283,0.0032151911334465486
36047118000,2.3232951717272283,0.0032151911334465486
36047118201,2.3232951717272283,0.0032151911334465486
36047118202,2.3232951717272283,0.0032151911334465486
36047118400,2.3232951717272283,0.0032151911334465486
36047118600,2.3232951717272283,0.0032151911334465486
36047118800,2.3232951717272283,0.0032151911334465486
36047119000,2.3232951717272283,0.0032151911334465486
36047119200,2.3232951717272283,0.0032151911334465486
36047119400,2.3232951717272283,0.0032151911334465486
36047119600,2.3232951717272283,0.0032151911334465486
36047119800,2.3232951717272283,0.0032151911334465486
36047120000,2.3232951717272283,0.0032151911334465486
36047120200,2.3232951717272283,0.0032151911334465486
36047120800,2.3232951717272283,0.0032151911334465486
36047121000,2.3232951717272283,0.0032151911334465486
36047121400,2.3232951717272283,0.0032151911334465486
36047122000,2.3232951717272283,0.0032151911334465486
36047123700,2.3232951717272283,0.0032151911334465486
36047150200,2.3232951717272283,0.0032151911334465486
36047152200,2.3232951717272283,0.0032151911334465486
36047990100,2.3232951717272283,0.0032151911334465486
36061000100,0.760139980494521,0.18858616310729018
36061000201,0.760139980494521,0.18858616310729018
36061000202,0.760139980494521,0.18858616310729018
36061000500,0.760139980494521,0.18858616310729018
36061000600,0.760139980494521,0.18858616310729018
36061000700,0.760139980494521,0.18858616310729018
36061000800,0.760139980494521,0.18858616310729018
36061000900,0.760139980494521,0.18858616310729018
36061001001,0.760139980494521,0.18858616310729018
36061001002,0.760139980494521,0.18858616310729018
36061001200,0.760139980494521,0.18858616310729018
36061001300,0.760139980494521,0.18858616310729018
36061001401,0.760139980494521,0.18858616310729018
36061001402,0.760139980494521,0.18858616310729018
36061001501,0.760139980494521,0.18858616310729018
36061001502,0.760139980494521,0.18858616310729018
36061001600,0.760139980494521,0.18858616310729018
36061001800,0.760139980494521,0.18858616310729018
36061002000,0.760139980494521,0.18858616310729018
36061002100,0.760139980494521,0.18858616310729018
36061002201,0.760139980494521,0.18858616310729018
36061002202,0.760139980494521,0.18858616310729018
36061002400,0.760139980494521,0.18858616310729018
36061002500,0.760139980494521,0.18858616310729018
36061002601,0.760139980494521,0.18858616310729018
36061002602,0.760139980494521,0.18858616310729018
36061002700,0.760139980494521,0.18858616310729018
36061002800,0.760139980494521,0.18858616310729018
36061002900,0.760139980494521,0.18858616310729018
36061003001,0.760139980494521,0.18858616310729018
36061003002,0.760139980494521,0.18858616310729018
36061003100,0.760139980494521,0.18858616310729018
36061003200,0.760139980494521,0.18858616310729018
36061003300,0.760139980494521,0.18858616310729018
36061003400,0.760139980494521,0.18858616310729018
36061003601,0.760139980494521,0.18858616310729018
36061003602,0.760139980494521,0.18858616310729018
36061003700,0.760139980494521,0.18858616310729018
36061003800,0.760139980494521,0.18858616310729018
36061003900,0.760139980494521,0.18858616310729018
36061004000,0.760139980494521,0.18858616310729018
36061004100,0.760139980494521,0.18858616310729018
36061004200,0.760139980494521,0.18858616310729018
36061004300,0.760139980494521,0.18858616310729018
36061004400,0.760139980494521,0.18858616310729018
36061004500,0.760139980494521,0.18858616310729018
36061004700,0.760139980494521,0.18858616310729018
36061004800,0.760139980494521,0.18858616310729018
36061004900,0.760139980494521,0.18858616310729018
36061005000,0.760139980494521,0.18858616310729018
36061005200,0.760139980494521,0.18858616310729018
36061005400,0.760139980494521,0.18858616310729018
36061005501,0.760139980494521,0.18858616310729018
36061005502,0.760139980494521,0.18858616310729018
36061005600,0.760139980494521,0.18858616310729018
36061005700,0.760139980494521,0.18858616310729018
36061005800,0.760139980494521,0.18858616310729018
36061005900,0.760139980494521,0.18858616310729018
36061006000,0.760139980494521,0.18858616310729018
36061006100,0.760139980494521,0.18858616310729018
36061006200,0.760139980494521,0.18858616310729018
36061006300,0.760139980494521,0.18858616310729018
36061006400,0.760139980494521,0.18858616310729018
36061006500,0.760139980494521,0.18858616310729018
36061006600,0.760139980494521,0.18858616310729018
36061006700,0.760139980494521,0.18858616310729018
36061006800,0.760139980494521,0.18858616310729018
36061006900,0.760139980494521,0.18858616310729018
36061007000,0.760139980494521,0.18858616310729018
36061007100,0.760139980494521,0.18858616310729018
36061007200,0.760139980494521,0.18858616310729018
36061007300,0.760139980494521,0.18858616310729018
36061007400,0.760139980494521,0.18858616310729018
36061007500,0.760139980494521,0.18858616310729018
36061007600,0.760139980494521,0.18858616310729018
36061007700,0.760139980494521,0.18858616310729018
36061007800,0.760139980494521,0.18858616310729018
36061007900,0.760139980494521,0.18858616310729018
36061008000,0.760139980494521,0.18858616310729018
36061008100,0.760139980494521,0.18858616310729018
36061008200,0.760139980494521,0.18858616310729018
36061008300,0.760139980494521,0.18858616310729018
36061008400,0.760139980494521,0.18858616310729018
36061008601,0.760139980494521,0.18858616310729018
36061008602,0.760139980494521,0.18858616310729018
36061008603,0.760139980494521,0.18858616310729018
36061008700,0.760139980494521,0.18858616310729018
36061008800,0.760139980494521,0.18858616310729018
36061008900,0.760139980494521,0.18858616310729018
36061009000,0.760139980494521,0.18858616310729018
36061009100,0.760139980494521,0.18858616310729018
36061009200,0.760139980494521,0.18858616310729018
36061009300,0.760139980494521,0.18858616310729018
36061009400,0.760139980494521,0.18858616310729018
36061009500,0.760139980494521,0.18858616310729018
36061009600,0.760139980494521,0.18858616310729018
36061009700,0.760139980494521,0.18858616310729018
36061009800,0.760139980494521,0.18858616310729018
36061009900,0.760139980494521,0.18858616310729018
36061010000,0.760139980494521,0.18858616310729018
36061010100,0.760139980494521,0.18858616310729018
36061010200,0.760139980494521,0.18858616310729018
36061010300,0.760139980494521,0.18858616310729018
36061010400,0.760139980494521,0.18858616310729018
36061010601,0.760139980494521,0.18858616310729018
36061010602,0.760139980494521,0.18858616310729018
36061010800,0.760139980494521,0.18858616310729018
36061010900,0.760139980494521,0.18858616310729018
36061011000,0.760139980494521,0.18858616310729018
36061011100,0.760139980494521,0.18858616310729018
36061011201,0.760139980494521,0.18858616310729018
36061011202,0.760139980494521,0.18858616310729018
36061011203,0.760139980494521,0.18858616310729018
36061011300,0.760139980494521,0.18858616310729018
36061011401,0.760139980494521,0.18858616310729018
36061011402,0.760139980494521,0.18858616310729018
36061011500,0.760139980494521,0.18858616310729018
36061011600,0.760139980494521,0.18858616310729018
36061011700,0.760139980494521,0.18858616310729018
36061011800,0.760139980494521,0.18858616310729018
36061011900,0.760139980494521,0.18858616310729018
36061012000,0.760139980494521,0.18858616310729018
36061012100,0.760139980494521,0.18858616310729018
36061012200,0.760139980494521,0.18858616310729018
36061012400,0.760139980494521,0.18858616310729018
36061012500,0.760139980494521,0.18858616310729018
36061012600,0.760139980494521,0.18858616310729018
36061012700,0.760139980494521,0.18858616310729018
36061012800,0.760139980494521,0.18858616310729018
36061012900,0.760139980494521,0.18858616310729018
36061013000,0.760139980494521,0.18858616310729018
36061013100,0.760139980494521,0.18858616310729018
36061013200,0.760139980494521,0.18858616310729018
36061013300,0.760139980494521,0.18858616310729018
36061013400,0.760139980494521,0.18858616310729018
36061013500,0.760139980494521,0.18858616310729018
36061013600,0.760139980494521,0.18858616310729018
36061013700,0.760139980494521,0.18858616310729018
36061013800,0.760139980494521,0.18858616310729018
36061013900,0.760139980494521,0.18858616310729018
36061014000,0.760139980494521,0.18858616310729018
36061014200,0.760139980494521,0.18858616310729018
36061014300,0.760139980494521,0.18858616310729018
36061014401,0.760139980494521,0.18858616310729018
36061014402,0.760139980494521,0.18858616310729018
36061014500,0.760139980494521,0.18858616310729018
36061014601,0.760139980494521,0.18858616310729018
36061014602,0.760139980494521,0.18858616310729018
36061014700,0.760139980494521,0.18858616310729018
36061014801,0.760139980494521,0.18858616310729018
36061014802,0.760139980494521,0.18858616310729018
36061014900,0.760139980494521,0.18858616310729018
36061015001,0.760139980494521,0.18858616310729018
36061015002,0.760139980494521,0.18858616310729018
36061015100,0.760139980494521,0.18858616310729018
36061015200,0.760139980494521,0.18858616310729018
36061015300,0.760139980494521,0.18858616310729018
36061015400,0.760139980494521,0.18858616310729018
36061015500,0.760139980494521,0.18858616310729018
36061015601,0.760139980494521,0.18858616310729018
36061015602,0.760139980494521,0.18858616310729018
36061015700,0.760139980494521,0.18858616310729018
36061015801,0.760139980494521,0.18858616310729018
36061015802,0.760139980494521,0.18858616310729018
36061015900,0.760139980494521,0.18858616310729018
36061016001,0.760139980494521,0.18858616310729018
36061016002,0.760139980494521,0.18858616310729018
36061016100,0.760139980494521,0.18858616310729018
36061016200,0.760139980494521,0.18858616310729018
36061016300,0.760139980494521,0.18858616310729018
36061016400,0.760139980494521,0.18858616310729018
36061016500,0.760139980494521,0.18858616310729018
36061016600,0.760139980494521,0.18858616310729018
36061016700,0.760139980494521,0.18858616310729018
36061016800,0.760139980494521,0.18858616310729018
36061016900,0.760139980494521,0.18858616310729018
36061017000,0.760139980494521,0.18858616310729018
36061017100,0.760139980494521,0.18858616310729018
36061017200,0.760139980494521,0.18858616310729018
36061017300,0.760139980494521,0.18858616310729018
36061017401,0.760139980494521,0.18858616310729018
36061017402,0.760139980494521,0.18858616310729018
36061017500,0.760139980494521,0.18858616310729018
36061017700,0.760139980494521,0.18858616310729018
36061017800,0.760139980494521,0.18858616310729018
36061017900,0.760139980494521,0.18858616310729018
36061018000,0.760139980494521,0.18858616310729018
36061018100,0.760139980494521,0.18858616310729018
36061018200,0.760139980494521,0.18858616310729018
36061018300,0.760139980494521,0.18858616310729018
36061018400,0.760139980494521,0.18858616310729018
36061018500,0.760139980494521,0.18858616310729018
36061018600,0.760139980494521,0.18858616310729018
36061018700,0.760139980494521,0.18858616310729018
36061018800,0.760139980494521,0.18858616310729018
36061018900,0.760139980494521,0.18858616310729018
36061019000,0.760139980494521,0.18858616310729018
36061019100,0.760139980494521,0.18858616310729018
36061019200,0.760139980494521,0.18858616310729018
36061019300,0.760139980494521,0.18858616310729018
36061019400,0.760139980494521,0.18858616310729018
36061019500,0.760139980494521,0.18858616310729018
36061019600,0.760139980494521,0.18858616310729018
36061019701,0.760139980494521,0.18858616310729018
36061019702,0.760139980494521,0.18858616310729018
36061019800,0.760139980494521,0.18858616310729018
36061019900,0.760139980494521,0.18858616310729018
36061020000,0.760139980494521,0.18858616310729018
36061020101,0.760139980494521,0.18858616310729018
36061020102,0.760139980494521,0.18858616310729018
36061020300,0.760139980494521,0.18858616310729018
36061020500,0.760139980494521,0.18858616310729018
36061020600,0.760139980494521,0.18858616310729018
36061020701,0.760139980494521,0.18858616310729018
36061020800,0.760139980494521,0.18858616310729018
36061020901,0.760139980494521,0.18858616310729018
36061021000,0.760139980494521,0.18858616310729018
36061021100,0.760139980494521,0.18858616310729018
36061021200,0.760139980494521,0.18858616310729018
36061021303,0.760139980494521,0.18858616310729018
36061021400,0.760139980494521,0.18858616310729018
36061021500,0.760139980494521,0.18858616310729018
36061021600,0.760139980494521,0.18858616310729018
36061021703,0.760139980494521,0.18858616310729018
36061021800,0.760139980494521,0.18858616310729018
36061021900,0.760139980494521,0.18858616310729018
36061022000,0.760139980494521,0.18858616310729018
36061022102,0.760139980494521,0.18858616310729018
36061022200,0.760139980494521,0.18858616310729018
36061022301,0.760139980494521,0.18858616310729018
36061022302,0.760139980494521,0.18858616310729018
36061022400,0.760139980494521,0.18858616310729018
36061022500,0.760139980494521,0.18858616310729018
36061022600,0.760139980494521,0.18858616310729018
36061022700,0.760139980494521,0.18858616310729018
36061022800,0.760139980494521,0.18858616310729018
36061022900,0.760139980494521,0.18858616310729018
36061023000,0.760139980494521,0.18858616310729018
36061023100,0.760139980494521,0.18858616310729018
36061023200,0.760139980494521,0.18858616310729018
36061023300,0.760139980494521,0.18858616310729018
36061023400,0.760139980494521,0.18858616310729018
36061023501,0.760139980494521,0.18858616310729018
36061023502,0.760139980494521,0.18858616310729018
36061023600,0.760139980494521,0.18858616310729018
36061023700,0.760139980494521,0.18858616310729018
36061023801,0.760139980494521,0.18858616310729018
36061023802,0.760139980494521,0.18858616310729018
36061023900,0.760139980494521,0.18858616310729018
36061024000,0.760139980494521,0.18858616310729018
36061024100,0.760139980494521,0.18858616310729018
36061024200,0.760139980494521,0.18858616310729018
36061024301,0.760139980494521,0.18858616310729018
36061024302,0.760139980494521,0.18858616310729018
36061024500,0.760139980494521,0.18858616310729018
36061024700,0.760139980494521,0.18858616310729018
36061024900,0.760139980494521,0.18858616310729018
36061025100,0.760139980494521,0.18858616310729018
36061025300,0.760139980494521,0.18858616310729018
36061025500,0.760139980494521,0.18858616310729018
36061025700,0.760139980494521,0.18858616310729018
36061025900,0.760139980494521,0.18858616310729018
36061026100,0.760139980494521,0.18858616310729018
36061026300,0.760139980494521,0.18858616310729018
36061026500,0.760139980494521,0.18858616310729018
36061026700,0.760139980494521,0.18858616310729018
36061026900,0.760139980494521,0.18858616310729018
36061027100,0.760139980494521,0.18858616310729018
36061027300,0.760139980494521,0.18858616310729018
36061027500,0.760139980494521,0.18858616310729018
36061027700,0.760139980494521,0.18858616310729018
36061027900,0.760139980494521,0.18858616310729018
36061028100,0.760139980494521,0.18858616310729018
36061028300,0.760139980494521,0.18858616310729018
36061028500,0.760139980494521,0.18858616310729018
36061028700,0.760139980494521,0.18858616310729018
36061029100,0.760139980494521,0.18858616310729018
36061029300,0.760139980494521,0.18858616310729018
36061029500,0.760139980494521,0.18858616310729018
36061029700,0.760139980494521,0.18858616310729018
36061029900,0.760139980494521,0.18858616310729018
36061030300,0.760139980494521,0.18858616310729018
36061030700,0.760139980494521,0.18858616310729018
36061030900,0.760139980494521,0.18858616310729018
36061031100,0.760139980494521,0.18858616310729018
36061031703,0.760139980494521,0.18858616310729018
36061031704,0.760139980494521,0.18858616310729018
36061031900,0.760139980494521,0.18858616310729018
36081000100,2.501896399438875,0.0005242594710172943
36081000200,2.501896399438875,0.0005242594710172943
36081000400,2.501896399438875,0.0005242594710172943
36081000600,2.501896399438875,0.0005242594710172943
36081000700,2.501896399438875,0.0005242594710172943
36081000800,2.501896399438875,0.0005242594710172943
36081001000,2.501896399438875,0.0005242594710172943
36081001200,2.501896399438875,0.0005242594710172943
36081001400,2.501896399438875,0.0005242594710172943
36081001600,2.501896399438875,0.0005242594710172943
36081001800,2.501896399438875,0.0005242594710172943
36081001900,2.501896399438875,0.0005242594710172943
36081002000,2.501896399438875,0.0005242594710172943
36081002200,2.501896399438875,0.0005242594710172943
36081002400,2.501896399438875,0.0005242594710172943
36081002500,2.501896399438875,0.0005242594710172943
36081002600,2.501896399438875,0.0005242594710172943
36081002800,2.501896399438875,0.0005242594710172943
36081003000,2.501896399438875,0.0005242594710172943
36081003100,2.501896399438875,0.0005242594710172943
36081003200,2.501896399438875,0.0005242594710172943
36081003300,2.501896399438875,0.0005242594710172943
36081003400,2.501896399438875,0.0005242594710172943
36081003600,2.501896399438875,0.0005242594710172943
36081003700,2.501896399438875,0.0005242594710172943
36081003800,2.501896399438875,0.0005242594710172943
36081003900,2.501896399438875,0.0005242594710172943
36081004001,2.501896399438875,0.0005242594710172943
36081004002,2.501896399438875,0.0005242594710172943
36081004200,2.501896399438875,0.0005242594710172943
36081004300,2.501896399438875,0.0005242594710172943
36081004401,2.501896399438875,0.0005242594710172943
36081004500,2.501896399438875,0.0005242594710172943
36081004700,2.501896399438875,0.0005242594710172943
36081005000,2.501896399438875,0.0005242594710172943
36081005100,2.501896399438875,0.0005242594710172943
36081005200,2.501896399438875,0.0005242594710172943
36081005300,2.501896399438875,0.0005242594710172943
36081005400,2.501896399438875,0.0005242594710172943
36081005500,2.501896399438875,0.0005242594710172943
36081005700,2.501896399438875,0.0005242594710172943
36081005800,2.501896399438875,0.0005242594710172943
36081005900,2.501896399438875,0.0005242594710172943
36081006100,2.501896399438875,0.0005242594710172943
36081006201,2.501896399438875,0.0005242594710172943
36081006202,2.501896399438875,0.0005242594710172943
36081006300,2.501896399438875,0.0005242594710172943
36081006501,2.501896399438875,0.0005242594710172943
36081006502,2.501896399438875,0.0005242594710172943
36081006900,2.501896399438875,0.0005242594710172943
36081007100,2.501896399438875,0.0005242594710172943
36081007300,2.501896399438875,0.0005242594710172943
36081007500,2.501896399438875,0.0005242594710172943
36081007700,2.501896399438875,0.0005242594710172943
36081007900,2.501896399438875,0.0005242594710172943
36081008100,2.501896399438875,0.0005242594710172943
36081008300,2.501896399438875,0.0005242594710172943
36081008500,2.501896399438875,0.0005242594710172943
36081008600,2.501896399438875,0.0005242594710172943
36081008700,2.501896399438875,0.0005242594710172943
36081008800,2.501896399438875,0.0005242594710172943
36081009100,2.501896399438875,0.0005242594710172943
36081009400,2.501896399438875,0.0005242594710172943
36081009500,2.501896399438875,0.0005242594710172943
36081009600,2.501896399438875,0.0005242594710172943
36081009700,2.501896399438875,0.0005242594710172943
36081009800,2.501896399438875,0.0005242594710172943
36081009900,2.501896399438875,0.0005242594710172943
36081010000,2.501896399438875,0.0005242594710172943
36081010100,2.501896399438875,0.0005242594710172943
36081010200,2.501896399438875,0.0005242594710172943
36081010300,2.501896399438875,0.0005242594710172943
36081010400,2.501896399438875,0.0005242594710172943
36081010500,2.501896399438875,0.0005242594710172943
36081010600,2.501896399438875,0.0005242594710172943
36081010701,2.501896399438875,0.0005242594710172943
36081010800,2.501896399438875,0.0005242594710172943
36081011000,2.501896399438875,0.0005242594710172943
36081011100,2.501896399438875,0.0005242594710172943
36081011200,2.501896399438875,0.0005242594710172943
36081011300,2.501896399438875,0.0005242594710172943
36081011400,2.501896399438875,0.0005242594710172943
36081011500,2.501896399438875,0.0005242594710172943
36081011600,2.501896399438875,0.0005242594710172943
36081011700,2.501896399438875,0.0005242594710172943
36081011800,2.501896399438875,0.0005242594710172943
36081011900,2.501896399438875,0.0005242594710172943
36081012000,2.501896399438875,0.0005242594710172943
36081012100,2.501896399438875,0.0005242594710172943
36081012200,2.501896399438875,0.0005242594710172943
36081012301,2.501896399438875,0.0005242594710172943
36081012400,2.501896399438875,0.0005242594710172943
36081012500,2.501896399438875,0.0005242594710172943
36081012601,2.501896399438875,0.0005242594710172943
36081012602,2.501896399438875,0.0005242594710172943
36081012800,2.501896399438875,0.0005242594710172943
36081013000,2.501896399438875,0.0005242594710172943
36081013200,2.501896399438875,0.0005242594710172943
36081013400,2.501896399438875,0.0005242594710172943
36081013500,2.501896399438875,0.0005242594710172943
36081013600,2.501896399438875,0.0005242594710172943
36081013700,2.501896399438875,0.0005242594710172943
36081013800,2.501896399438875,0.0005242594710172943
36081014000,2.501896399438875,0.0005242594710172943
36081014100,2.501896399438875,0.0005242594710172943
36081014201,2.501896399438875,0.0005242594710172943
36081014202,2.501896399438875,0.0005242594710172943
36081014300,2.501896399438875,0.0005242594710172943
36081014400,2.501896399438875,0.0005242594710172943
36081014500,2.501896399438875,0.0005242594710172943
36081014700,2.501896399438875,0.0005242594710172943
36081014800,2.501896399438875,0.0005242594710172943
36081014900,2.501896399438875,0.0005242594710172943
36081015000,2.501896399438875,0.0005242594710172943
36081015100,2.501896399438875,0.0005242594710172943
36081015200,2.501896399438875,0.0005242594710172943
36081015300,2.501896399438875,0.0005242594710172943
36081015400,2.501896399438875,0.0005242594710172943
36081015500,2.501896399438875,0.0005242594710172943
36081015600,2.501896399438875,0.0005242594710172943
36081015700,2.501896399438875,0.0005242594710172943
36081015801,2.501896399438875,0.0005242594710172943
36081015802,2.501896399438875,0.0005242594710172943
36081015900,2.501896399438875,0.0005242594710172943
36081016100,2.501896399438875,0.0005242594710172943
36081016300,2.501896399438875,0.0005242594710172943
36081016400,2.501896399438875,0.0005242594710172943
36081016600,2.501896399438875,0.0005242594710172943
36081016800,2.501896399438875,0.0005242594710172943
36081016900,2.501896399438875,0.0005242594710172943
36081017000,2.501896399438875,0.0005242594710172943
36081017100,2.501896399438875,0.0005242594710172943
36081017200,2.501896399438875,0.0005242594710172943
36081017400,2.501896399438875,0.0005242594710172943
36081017600,2.501896399438875,0.0005242594710172943
36081017800,2.501896399438875,0.0005242594710172943
36081017900,2.501896399438875,0.0005242594710172943
36081018000,2.501896399438875,0.0005242594710172943
36081018101,2.501896399438875,0.0005242594710172943
36081018102,2.501896399438875,0.0005242594710172943
36081018200,2.501896399438875,0.0005242594710172943
36081018300,2.501896399438875,0.0005242594710172943
36081018401,2.501896399438875,0.0005242594710172943
36081018402,2.501896399438875,0.0005242594710172943
36081018501,2.501896399438875,0.0005242594710172943
36081018502,2.501896399438875,0.0005242594710172943
36081018600,2.501896399438875,0.0005242594710172943
36081018700,2.501896399438875,0.0005242594710172943
36081018800,2.501896399438875,0.0005242594710172943
36081018900,2.501896399438875,0.0005242594710172943
36081019000,2.501896399438875,0.0005242594710172943
36081019200,2.501896399438875,0.0005242594710172943
36081019400,2.501896399438875,0.0005242594710172943
36081019600,2.501896399438875,0.0005242594710172943
36081019800,2.501896399438875,0.0005242594710172943
36081019900,2.501896399438875,0.0005242594710172943
36081020200,2.501896399438875,0.0005242594710172943
36081020400,2.501896399438875,0.0005242594710172943
36081020500,2.501896399438875,0.0005242594710172943
36081020600,2.501896399438875,0.0005242594710172943
36081020800,2.501896399438875,0.0005242594710172943
36081021200,2.501896399438875,0.0005242594710172943
36081021400,2.501896399438875,0.0005242594710172943
36081021600,2.501896399438875,0.0005242594710172943
36081021900,2.501896399438875,0.0005242594710172943
36081022001,2.501896399438875,0.0005242594710172943
36081022002,2.501896399438875,0.0005242594710172943
36081022900,2.501896399438875,0.0005242594710172943
36081023000,2.501896399438875,0.0005242594710172943
36081023200,2.501896399438875,0.0005242594710172943
36081023500,2.501896399438875,0.0005242594710172943
36081023600,2.501896399438875,0.0005242594710172943
36081023800,2.501896399438875,0.0005242594710172943
36081024000,2.501896399438875,0.0005242594710172943
36081024300,2.501896399438875,0.0005242594710172943
36081024500,2.501896399438875,0.0005242594710172943
36081024600,2.501896399438875,0.0005242594710172943
36081024700,2.501896399438875,0.0005242594710172943
36081024900,2.501896399438875,0.0005242594710172943
36081025100,2.501896399438875,0.0005242594710172943
36081025301,2.501896399438875,0.0005242594710172943
36081025302,2.501896399438875,0.0005242594710172943
36081025400,2.501896399438875,0.0005242594710172943
36081025500,2.501896399438875,0.0005242594710172943
36081025700,2.501896399438875,0.0005242594710172943
36081025800,2.501896399438875,0.0005242594710172943
36081025900,2.501896399438875,0.0005242594710172943
36081026000,2.501896399438875,0.0005242594710172943
36081026100,2.501896399438875,0.0005242594710172943
36081026200,2.501896399438875,0.0005242594710172943
36081026300,2.501896399438875,0.0005242594710172943
36081026400,2.501896399438875,0.0005242594710172943
36081026500,2.501896399438875,0.0005242594710172943
36081026600,2.501896399438875,0.0005242594710172943
36081026700,2.501896399438875,0.0005242594710172943
36081026901,2.501896399438875,0.0005242594710172943
36081026902,2.501896399438875,0.0005242594710172943
36081027000,2.501896399438875,0.0005242594710172943
36081027100,2.501896399438875,0.0005242594710172943
36081027200,2.501896399438875,0.0005242594710172943
36081027300,2.501896399438875,0.0005242594710172943
36081027400,2.501896399438875,0.0005242594710172943
36081027500,2.501896399438875,0.0005242594710172943
36081027600,2.501896399438875,0.0005242594710172943
36081027700,2.501896399438875,0.0005242594710172943
36081027800,2.501896399438875,0.0005242594710172943
36081027900,2.501896399438875,0.0005242594710172943
36081028000,2.501896399438875,0.0005242594710172943
36081028100,2.501896399438875,0.0005242594710172943
36081028200,2.501896399438875,0.0005242594710172943
36081028300,2.501896399438875,0.0005242594710172943
36081028400,2.501896399438875,0.0005242594710172943
36081028500,2.501896399438875,0.0005242594710172943
36081028700,2.501896399438875,0.0005242594710172943
36081028800,2.501896399438875,0.0005242594710172943
36081028900,2.501896399438875,0.0005242594710172943
36081029100,2.501896399438875,0.0005242594710172943
36081029300,2.501896399438875,0.0005242594710172943
36081029400,2.501896399438875,0.0005242594710172943
36081029500,2.501896399438875,0.0005242594710172943
36081029700,2.501896399438875,0.0005242594710172943
36081029900,2.501896399438875,0.0005242594710172943
36081030600,2.501896399438875,0.0005242594710172943
36081030902,2.501896399438875,0.0005242594710172943
36081030903,2.501896399438875,0.0005242594710172943
36081030904,2.501896399438875,0.0005242594710172943
36081031700,2.501896399438875,0.0005242594710172943
36081032000,2.501896399438875,0.0005242594710172943
36081032700,2.501896399438875,0.0005242594710172943
36081032800,2.501896399438875,0.0005242594710172943
36081032900,2.501896399438875,0.0005242594710172943
36081033000,2.501896399438875,0.0005242594710172943
36081033100,2.501896399438875,0.0005242594710172943
36081033401,2.501896399438875,0.0005242594710172943
36081033402,2.501896399438875,0.0005242594710172943
36081033700,2.501896399438875,0.0005242594710172943
36081033900,2.501896399438875,0.0005242594710172943
36081034700,2.501896399438875,0.0005242594710172943
36081035100,2.501896399438875,0.0005242594710172943
36081035200,2.501896399438875,0.0005242594710172943
36081035300,2.501896399438875,0.0005242594710172943
36081035700,2.501896399438875,0.0005242594710172943
36081035800,2.501896399438875,0.0005242594710172943
36081036100,2.501896399438875,0.0005242594710172943
36081036300,2.501896399438875,0.0005242594710172943
36081036500,2.501896399438875,0.0005242594710172943
36081036600,2.501896399438875,0.0005242594710172943
36081036700,2.501896399438875,0.0005242594710172943
36081036800,2.501896399438875,0.0005242594710172943
36081037100,2.501896399438875,0.0005242594710172943
36081037300,2.501896399438875,0.0005242594710172943
36081037500,2.501896399438875,0.0005242594710172943
36081037600,2.501896399438875,0.0005242594710172943
36081037700,2.501896399438875,0.0005242594710172943
36081037900,2.501896399438875,0.0005242594710172943
36081038100,2.501896399438875,0.0005242594710172943
36081038301,2.501896399438875,0.0005242594710172943
36081038302,2.501896399438875,0.0005242594710172943
36081038400,2.501896399438875,0.0005242594710172943
36081039400,2.501896399438875,0.0005242594710172943
36081039800,2.501896399438875,0.0005242594710172943
36081039900,2.501896399438875,0.0005242594710172943
36081040000,2.501896399438875,0.0005242594710172943
36081040100,2.501896399438875,0.0005242594710172943
36081040200,2.501896399438875,0.0005242594710172943
36081040300,2.501896399438875,0.0005242594710172943
36081040400,2.501896399438875,0.0005242594710172943
36081040500,2.501896399438875,0.0005242594710172943
36081040700,2.501896399438875,0.0005242594710172943
36081040900,2.501896399438875,0.0005242594710172943
36081041100,2.501896399438875,0.0005242594710172943
36081041300,2.501896399438875,0.0005242594710172943
36081041400,2.501896399438875,0.0005242594710172943
36081041500,2.501896399438875,0.0005242594710172943
36081042400,2.501896399438875,0.0005242594710172943
36081042600,2.501896399438875,0.0005242594710172943
36081042700,2.501896399438875,0.0005242594710172943
36081043200,2.501896399438875,0.0005242594710172943
36081043400,2.501896399438875,0.0005242594710172943
36081043701,2.501896399438875,0.0005242594710172943
36081043702,2.501896399438875,0.0005242594710172943
36081043900,2.501896399438875,0.0005242594710172943
36081044000,2.501896399438875,0.0005242594710172943
36081044301,2.501896399438875,0.0005242594710172943
36081044302,2.501896399438875,0.0005242594710172943
36081044400,2.501896399438875,0.0005242594710172943
36081044601,2.501896399438875,0.0005242594710172943
36081044602,2.501896399438875,0.0005242594710172943
36081044800,2.501896399438875,0.0005242594710172943
36081045000,2.501896399438875,0.0005242594710172943
36081045200,2.501896399438875,0.0005242594710172943
36081045400,2.501896399438875,0.0005242594710172943
36081045500,2.501896399438875,0.0005242594710172943
36081045600,2.501896399438875,0.0005242594710172943
36081045700,2.501896399438875,0.0005242594710172943
36081045800,2.501896399438875,0.0005242594710172943
36081045900,2.501896399438875,0.0005242594710172943
36081046000,2.501896399438875,0.0005242594710172943
36081046100,2.501896399438875,0.0005242594710172943
36081046200,2.501896399438875,0.0005242594710172943
36081046300,2.501896399438875,0.0005242594710172943
36081046400,2.501896399438875,0.0005242594710172943
36081046500,2.501896399438875,0.0005242594710172943
36081046600,2.501896399438875,0.0005242594710172943
36081046700,2.501896399438875,0.0005242594710172943
36081046800,2.501896399438875,0.0005242594710172943
36081046900,2.501896399438875,0.0005242594710172943
36081047000,2.501896399438875,0.0005242594710172943
36081047100,2.501896399438875,0.0005242594710172943
36081047200,2.501896399438875,0.0005242594710172943
36081047300,2.501896399438875,0.0005242594710172943
36081047500,2.501896399438875,0.0005242594710172943
36081047600,2.501896399438875,0.0005242594710172943
36081047800,2.501896399438875,0.0005242594710172943
36081047900,2.501896399438875,0.0005242594710172943
36081048000,2.501896399438875,0.0005242594710172943
36081048100,2.501896399438875,0.0005242594710172943
36081048200,2.501896399438875,0.0005242594710172943
36081048300,2.501896399438875,0.0005242594710172943
36081048400,2.501896399438875,0.0005242594710172943
36081048500,2.501896399438875,0.0005242594710172943
36081048900,2.501896399438875,0.0005242594710172943
36081049200,2.501896399438875,0.0005242594710172943
36081049301,2.501896399438875,0.0005242594710172943
36081049302,2.501896399438875,0.0005242594710172943
36081049500,2.501896399438875,0.0005242594710172943
36081049600,2.501896399438875,0.0005242594710172943
36081049700,2.501896399438875,0.0005242594710172943
36081049900,2.501896399438875,0.0005242594710172943
36081050000,2.501896399438875,0.0005242594710172943
36081050201,2.501896399438875,0.0005242594710172943
36081050202,2.501896399438875,0.0005242594710172943
36081050400,2.501896399438875,0.0005242594710172943
36081050500,2.501896399438875,0.0005242594710172943
36081050600,2.501896399438875,0.0005242594710172943
36081050700,2.501896399438875,0.0005242594710172943
36081050800,2.501896399438875,0.0005242594710172943
36081051000,2.501896399438875,0.0005242594710172943
36081051100,2.501896399438875,0.0005242594710172943
36081051200,2.501896399438875,0.0005242594710172943
36081051300,2.501896399438875,0.0005242594710172943
36081051500,2.501896399438875,0.0005242594710172943
36081051600,2.501896399438875,0.0005242594710172943
36081051700,2.501896399438875,0.0005242594710172943
36081051800,2.501896399438875,0.0005242594710172943
36081052000,2.501896399438875,0.0005242594710172943
36081052100,2.501896399438875,0.0005242594710172943
36081052200,2.501896399438875,0.0005242594710172943
36081052400,2.501896399438875,0.0005242594710172943
36081052500,2.501896399438875,0.0005242594710172943
36081052600,2.501896399438875,0.0005242594710172943
36081052800,2.501896399438875,0.0005242594710172943
36081053000,2.501896399438875,0.0005242594710172943
36081053100,2.501896399438875,0.0005242594710172943
36081053200,2.501896399438875,0.0005242594710172943
36081053401,2.501896399438875,0.0005242594710172943
36081053500,2.501896399438875,0.0005242594710172943
36081053601,2.501896399438875,0.0005242594710172943
36081053800,2.501896399438875,0.0005242594710172943
36081053900,2.501896399438875,0.0005242594710172943
36081054000,2.501896399438875,0.0005242594710172943
36081054200,2.501896399438875,0.0005242594710172943
36081054500,2.501896399438875,0.0005242594710172943
36081054700,2.501896399438875,0.0005242594710172943
36081054800,2.501896399438875,0.0005242594710172943
36081054900,2.501896399438875,0.0005242594710172943
36081055100,2.501896399438875,0.0005242594710172943
36081055200,2.501896399438875,0.0005242594710172943
36081055300,2.501896399438875,0.0005242594710172943
36081055400,2.501896399438875,0.0005242594710172943
36081055500,2.501896399438875,0.0005242594710172943
36081055600,2.501896399438875,0.0005242594710172943
36081055700,2.501896399438875,0.0005242594710172943
36081055800,2.501896399438875,0.0005242594710172943
36081055900,2.501896399438875,0.0005242594710172943
36081056000,2.501896399438875,0.0005242594710172943
36081056100,2.501896399438875,0.0005242594710172943
36081056200,2.501896399438875,0.0005242594710172943
36081056400,2.501896399438875,0.0005242594710172943
36081056500,2.501896399438875,0.0005242594710172943
36081056600,2.501896399438875,0.0005242594710172943
36081056700,2.501896399438875,0.0005242594710172943
36081056800,2.501896399438875,0.0005242594710172943
36081057700,2.501896399438875,0.0005242594710172943
36081057900,2.501896399438875,0.0005242594710172943
36081058000,2.501896399438875,0.0005242594710172943
36081058100,2.501896399438875,0.0005242594710172943
36081058200,2.501896399438875,0.0005242594710172943
36081058300,2.501896399438875,0.0005242594710172943
36081058500,2.501896399438875,0.0005242594710172943
36081058700,2.501896399438875,0.0005242594710172943
36081058900,2.501896399438875,0.0005242594710172943
36081059000,2.501896399438875,0.0005242594710172943
36081059100,2.501896399438875,0.0005242594710172943
36081059200,2.501896399438875,0.0005242594710172943
36081059300,2.501896399438875,0.0005242594710172943
36081059400,2.501896399438875,0.0005242594710172943
36081059500,2.501896399438875,0.0005242594710172943
36081059600,2.501896399438875,0.0005242594710172943
36081059800,2.501896399438875,0.0005242594710172943
36081059900,2.501896399438875,0.0005242594710172943
36081060000,2.501896399438875,0.0005242594710172943
36081060100,2.501896399438875,0.0005242594710172943
36081060300,2.501896399438875,0.0005242594710172943
36081060600,2.501896399438875,0.0005242594710172943
36081060701,2.501896399438875,0.0005242594710172943
36081060800,2.501896399438875,0.0005242594710172943
36081061000,2.501896399438875,0.0005242594710172943
36081061200,2.501896399438875,0.0005242594710172943
36081061301,2.501896399438875,0.0005242594710172943
36081061302,2.501896399438875,0.0005242594710172943
36081061400,2.501896399438875,0.0005242594710172943
36081061601,2.501896399438875,0.0005242594710172943
36081061602,2.501896399438875,0.0005242594710172943
36081061800,2.501896399438875,0.0005242594710172943
36081061900,2.501896399438875,0.0005242594710172943
36081062000,2.501896399438875,0.0005242594710172943
36081062100,2.501896399438875,0.0005242594710172943
36081062200,2.501896399438875,0.0005242594710172943
36081062300,2.501896399438875,0.0005242594710172943
36081062400,2.501896399438875,0.0005242594710172943
36081062500,2.501896399438875,0.0005242594710172943
36081062600,2.501896399438875,0.0005242594710172943
36081062700,2.501896399438875,0.0005242594710172943
36081062900,2.501896399438875,0.0005242594710172943
36081063000,2.501896399438875,0.0005242594710172943
36081063200,2.501896399438875,0.0005242594710172943
36081063301,2.501896399438875,0.0005242594710172943
36081063302,2.501896399438875,0.0005242594710172943
36081063500,2.501896399438875,0.0005242594710172943
36081063700,2.501896399438875,0.0005242594710172943
36081063800,2.501896399438875,0.0005242594710172943
36081063900,2.501896399438875,0.0005242594710172943
36081064101,2.501896399438875,0.0005242594710172943
36081064102,2.501896399438875,0.0005242594710172943
36081064500,2.501896399438875,0.0005242594710172943
36081064600,2.501896399438875,0.0005242594710172943
36081065000,2.501896399438875,0.0005242594710172943
36081065400,2.501896399438875,0.0005242594710172943
36081065501,2.501896399438875,0.0005242594710172943
36081065600,2.501896399438875,0.0005242594710172943
36081065702,2.501896399438875,0.0005242594710172943
36081065703,2.501896399438875,0.0005242594710172943
36081065900,2.501896399438875,0.0005242594710172943
36081066000,2.501896399438875,0.0005242594710172943
36081066100,2.501896399438875,0.0005242594710172943
36081066300,2.501896399438875,0.0005242594710172943
36081066400,2.501896399438875,0.0005242594710172943
36081066501,2.501896399438875,0.0005242594710172943
36081066701,2.501896399438875,0.0005242594710172943
36081066900,2.501896399438875,0.0005242594710172943
36081067100,2.501896399438875,0.0005242594710172943
36081067700,2.501896399438875,0.0005242594710172943
36081067900,2.501896399438875,0.0005242594710172943
36081068000,2.501896399438875,0.0005242594710172943
36081068200,2.501896399438875,0.0005242594710172943
36081068300,2.501896399438875,0.0005242594710172943
36081068700,2.501896399438875,0.0005242594710172943
36081069000,2.501896399438875,0.0005242594710172943
36081069300,2.501896399438875,0.0005242594710172943
36081069400,2.501896399438875,0.0005242594710172943
36081069500,2.501896399438875,0.0005242594710172943
36081069701,2.501896399438875,0.0005242594710172943
36081069702,2.501896399438875,0.0005242594710172943
36081070300,2.501896399438875,0.0005242594710172943
36081070700,2.501896399438875,0.0005242594710172943
36081070900,2.501896399438875,0.0005242594710172943
36081071100,2.501896399438875,0.0005242594710172943
36081071303,2.501896399438875,0.0005242594710172943
36081071304,2.501896399438875,0.0005242594710172943
36081071305,2.501896399438875,0.0005242594710172943
36081071306,2.501896399438875,0.0005242594710172943
36081071600,2.501896399438875,0.0005242594710172943
36081071701,2.501896399438875,0.0005242594710172943
36081071702,2.501896399438875,0.0005242594710172943
36081071900,2.501896399438875,0.0005242594710172943
36081072100,2.501896399438875,0.0005242594710172943
36081072300,2.501896399438875,0.0005242594710172943
36081072900,2.501896399438875,0.0005242594710172943
36081073100,2.501896399438875,0.0005242594710172943
36081073700,2.501896399438875,0.0005242594710172943
36081073900,2.501896399438875,0.0005242594710172943
36081074100,2.501896399438875,0.0005242594710172943
36081074300,2.501896399438875,0.0005242594710172943
36081074500,2.501896399438875,0.0005242594710172943
36081074700,2.501896399438875,0.0005242594710172943
36081074900,2.501896399438875,0.0005242594710172943
36081075701,2.501896399438875,0.0005242594710172943
36081075702,2.501896399438875,0.0005242594710172943
36081076901,2.501896399438875,0.0005242594710172943
36081076902,2.501896399438875,0.0005242594710172943
36081077300,2.501896399438875,0.0005242594710172943
36081077500,2.501896399438875,0.0005242594710172943
36081077902,2.501896399438875,0.0005242594710172943
36081077903,2.501896399438875,0.0005242594710172943
36081077904,2.501896399438875,0.0005242594710172943
36081077905,2.501896399438875,0.0005242594710172943
36081077906,2.501896399438875,0.0005242594710172943
36081077907,2.501896399438875,0.0005242594710172943
36081077908,2.501896399438875,0.0005242594710172943
36081078800,2.501896399438875,0.0005242594710172943
36081079000,2.501896399438875,0.0005242594710172943
36081079200,2.501896399438875,0.0005242594710172943
36081079300,2.501896399438875,0.0005242594710172943
36081079701,2.501896399438875,0.0005242594710172943
36081079702,2.501896399438875,0.0005242594710172943
36081079900,2.501896399438875,0.0005242594710172943
36081080301,2.501896399438875,0.0005242594710172943
36081080302,2.501896399438875,0.0005242594710172943
36081080900,2.501896399438875,0.0005242594710172943
36081081400,2.501896399438875,0.0005242594710172943
36081081800,2.501896399438875,0.0005242594710172943
36081083700,2.501896399438875,0.0005242594710172943
36081083800,2.501896399438875,0.0005242594710172943
36081084000,2.501896399438875,0.0005242594710172943
36081084500,2.501896399438875,0.0005242594710172943
36081084601,2.501896399438875,0.0005242594710172943
36081084602,2.501896399438875,0.0005242594710172943
36081084900,2.501896399438875,0.0005242594710172943
36081085300,2.501896399438875,0.0005242594710172943
36081085500,2.501896399438875,0.0005242594710172943
36081085700,2.501896399438875,0.0005242594710172943
36081085900,2.501896399438875,0.0005242594710172943
36081086100,2.501896399438875,0.0005242594710172943
36081086300,2.501896399438875,0.0005242594710172943
36081086400,2.501896399438875,0.0005242594710172943
36081086500,2.501896399438875,0.0005242594710172943
36081086900,2.501896399438875,0.0005242594710172943
36081087100,2.501896399438875,0.0005242594710172943
36081088400,2.501896399438875,0.0005242594710172943
36081088901,2.501896399438875,0.0005242594710172943
36081089200,2.501896399438875,0.0005242594710172943
36081090700,2.501896399438875,0.0005242594710172943
36081091601,2.501896399438875,0.0005242594710172943
36081091602,2.501896399438875,0.0005242594710172943
36081091800,2.501896399438875,0.0005242594710172943
36081091900,2.501896399438875,0.0005242594710172943
36081092200,2.501896399438875,0.0005242594710172943
36081092500,2.501896399438875,0.0005242594710172943
36081092800,2.501896399438875,0.0005242594710172943
36081092900,2.501896399438875,0.0005242594710172943
36081093401,2.501896399438875,0.0005242594710172943
36081093402,2.501896399438875,0.0005242594710172943
36081093800,2.501896399438875,0.0005242594710172943
36081093900,2.501896399438875,0.0005242594710172943
36081094201,2.501896399438875,0.0005242594710172943
36081094202,2.501896399438875,0.0005242594710172943
36081094203,2.501896399438875,0.0005242594710172943
36081094500,2.501896399438875,0.0005242594710172943
36081094700,2.501896399438875,0.0005242594710172943
36081095400,2.501896399438875,0.0005242594710172943
36081096400,2.501896399438875,0.0005242594710172943
36081097202,2.501896399438875,0.0005242594710172943
36081097203,2.501896399438875,0.0005242594710172943
36081097204,2.501896399438875,0.0005242594710172943
36081097300,2.501896399438875,0.0005242594710172943
36081098100,2.501896399438875,0.0005242594710172943
36081098700,2.501896399438875,0.0005242594710172943
36081099100,2.501896399438875,0.0005242594710172943
36081099200,2.501896399438875,0.0005242594710172943
36081099701,2.501896399438875,0.0005242594710172943
36081099703,2.501896399438875,0.0005242594710172943
36081099704,2.501896399438875,0.0005242594710172943
36081099705,2.501896399438875,0.0005242594710172943
36081099801,2.501896399438875,0.0005242594710172943
36081099802,2.501896399438875,0.0005242594710172943
36081099900,2.501896399438875,0.0005242594710172943
36081100801,2.501896399438875,0.0005242594710172943
36081100802,2.501896399438875,0.0005242594710172943
36081101001,2.501896399438875,0.0005242594710172943
36081101002,2.501896399438875,0.0005242594710172943
36081101700,2.501896399438875,0.0005242594710172943
36081102900,2.501896399438875,0.0005242594710172943
36081103201,2.501896399438875,0.0005242594710172943
36081103202,2.501896399438875,0.0005242594710172943
36081103300,2.501896399438875,0.0005242594710172943
36081103900,2.501896399438875,0.0005242594710172943
36081104700,2.501896399438875,0.0005242594710172943
36081105900,2.501896399438875,0.0005242594710172943
36081107201,2.501896399438875,0.0005242594710172943
36081107202,2.501896399438875,0.0005242594710172943
36081108500,2.501896399438875,0.0005242594710172943
36081109300,2.501896399438875,0.0005242594710172943
36081109700,2.501896399438875,0.0005242594710172943
36081109900,2.501896399438875,0.0005242594710172943
36081111300,2.501896399438875,0.0005242594710172943
36081112300,2.501896399438875,0.0005242594710172943
36081112900,2.501896399438875,0.0005242594710172943
36081113300,2.501896399438875,0.0005242594710172943
36081113900,2.501896399438875,0.0005242594710172943
36081114100,2.501896399438875,0.0005242594710172943
36081114700,2.501896399438875,0.0005242594710172943
36081115100,2.501896399438875,0.0005242594710172943
36081115500,2.501896399438875,0.0005242594710172943
36081115700,2.501896399438875,0.0005242594710172943
36081115900,2.501896399438875,0.0005242594710172943
36081116100,2.501896399438875,0.0005242594710172943
36081116300,2.501896399438875,0.0005242594710172943
36081116700,2.501896399438875,0.0005242594710172943
36081117100,2.501896399438875,0.0005242594710172943
36081117500,2.501896399438875,0.0005242594710172943
36081118100,2.501896399438875,0.0005242594710172943
36081118500,2.501896399438875,0.0005242594710172943
36081118700,2.501896399438875,0.0005242594710172943
36081118900,2.501896399438875,0.0005242594710172943
36081119100,2.501896399438875,0.0005242594710172943
36081119300,2.501896399438875,0.0005242594710172943
36081119500,2.501896399438875,0.0005242594710172943
36081119900,2.501896399438875,0.0005242594710172943
36081120100,2.501896399438875,0.0005242594710172943
36081120300,2.501896399438875,0.0005242594710172943
36081120500,2.501896399438875,0.0005242594710172943
36081120700,2.501896399438875,0.0005242594710172943
36081121100,2.501896399438875,0.0005242594710172943
36081121500,2.501896399438875,0.0005242594710172943
36081122300,2.501896399438875,0.0005242594710172943
36081122701,2.501896399438875,0.0005242594710172943
36081122702,2.501896399438875,0.0005242594710172943
36081124100,2.501896399438875,0.0005242594710172943
36081124700,2.501896399438875,0.0005242594710172943
36081125700,2.501896399438875,0.0005242594710172943
36081126500,2.501896399438875,0.0005242594710172943
36081126700,2.501896399438875,0.0005242594710172943
36081127700,2.501896399438875,0.0005242594710172943
36081128300,2.501896399438875,0.0005242594710172943
36081129102,2.501896399438875,0.0005242594710172943
36081129103,2.501896399438875,0.0005242594710172943
36081129104,2.501896399438875,0.0005242594710172943
36081130100,2.501896399438875,0.0005242594710172943
36081133300,2.501896399438875,0.0005242594710172943
36081133900,2.501896399438875,0.0005242594710172943
36081134100,2.501896399438875,0.0005242594710172943
36081134700,2.501896399438875,0.0005242594710172943
36081136700,2.501896399438875,0.0005242594710172943
36081137700,2.501896399438875,0.0005242594710172943
36081138501,2.501896399438875,0.0005242594710172943
36081138502,2.501896399438875,0.0005242594710172943
36081139900,2.501896399438875,0.0005242594710172943
36081140300,2.501896399438875,0.0005242594710172943
36081140901,2.501896399438875,0.0005242594710172943
36081140902,2.501896399438875,0.0005242594710172943
36081141700,2.501896399438875,0.0005242594710172943
36081142900,2.501896399438875,0.0005242594710172943
36081143500,2.501896399438875,0.0005242594710172943
36081144100,2.501896399438875,0.0005242594710172943
36081144700,2.501896399438875,0.0005242594710172943
36081145101,2.501896399438875,0.0005242594710172943
36081145102,2.501896399438875,0.0005242594710172943
36081145900,2.501896399438875,0.0005242594710172943
36081146300,2.501896399438875,0.0005242594710172943
36081146700,2.501896399438875,0.0005242594710172943
36081147100,2.501896399438875,0.0005242594710172943
36081147900,2.501896399438875,0.0005242594710172943
36081148300,2.501896399438875,0.0005242594710172943
36081150701,2.501896399438875,0.0005242594710172943
36081150702,2.501896399438875,0.0005242594710172943
36081152901,2.501896399438875,0.0005242594710172943
36081152902,2.501896399438875,0.0005242594710172943
36081155101,2.501896399438875,0.0005242594710172943
36081155102,2.501896399438875,0.0005242594710172943
36081156700,2.501896399438875,0.0005242594710172943
36081157101,2.501896399438875,0.0005242594710172943
36081157102,2.501896399438875,0.0005242594710172943
36081157901,2.501896399438875,0.0005242594710172943
36081157902,2.501896399438875,0.0005242594710172943
36081157903,2.501896399438875,0.0005242594710172943
36081161700,2.501896399438875,0.0005242594710172943
36081162100,2.501896399438875,0.0005242594710172943
36081990100,2.501896399438875,0.0005242594710172943
36085000300,4.519366197183099,0.2319230549548809
36085000600,4.519366197183099,0.2319230549548809
36085000700,4.519366197183099,0.2319230549548809
36085000800,4.519366197183099,0.2319230549548809
36085000900,4.519366197183099,0.2319230549548809
36085001100,4.519366197183099,0.2319230549548809
36085001700,4.519366197183099,0.2319230549548809
36085001800,4.519366197183099,0.2319230549548809
36085002001,4.519366197183099,0.2319230549548809
36085002002,4.519366197183099,0.2319230549548809
36085002100,4.519366197183099,0.2319230549548809
36085002700,4.519366197183099,0.2319230549548809
36085002900,4.519366197183099,0.2319230549548809
36085003300,4.519366197183099,0.2319230549548809
36085003600,4.519366197183099,0.2319230549548809
36085003900,4.519366197183099,0.2319230549548809
36085004000,4.519366197183099,0.2319230549548809
36085004700,4.519366197183099,0.2319230549548809
36085005000,4.519366197183099,0.2319230549548809
36085005900,4.519366197183099,0.2319230549548809
36085006400,4.519366197183099,0.2319230549548809
36085006700,4.519366197183099,0.2319230549548809
36085007000,4.519366197183099,0.2319230549548809
36085007400,4.519366197183099,0.2319230549548809
36085007500,4.519366197183099,0.2319230549548809
36085007700,4.519366197183099,0.2319230549548809
36085008100,4.519366197183099,0.2319230549548809
36085008900,4.519366197183099,0.2319230549548809
36085009601,4.519366197183099,0.2319230549548809
36085009602,4.519366197183099,0.2319230549548809
36085009700,4.519366197183099,0.2319230549548809
36085010500,4.519366197183099,0.2319230549548809
36085011201,4.519366197183099,0.2319230549548809
36085011202,4.519366197183099,0.2319230549548809
36085011401,4.519366197183099,0.2319230549548809
36085011402,4.519366197183099,0.2319230549548809
36085012100,4.519366197183099,0.2319230549548809
36085012200,4.519366197183099,0.2319230549548809
36085012500,4.519366197183099,0.2319230549548809
36085012804,4.519366197183099,0.2319230549548809
36085012805,4.519366197183099,0.2319230549548809
36085012806,4.519366197183099,0.2319230549548809
36085013201,4.519366197183099,0.2319230549548809
36085013203,4.519366197183099,0.2319230549548809
36085013204,4.519366197183099,0.2319230549548809
36085013301,4.519366197183099,0.2319230549548809
36085013302,4.519366197183099,0.2319230549548809
36085013400,4.519366197183099,0.2319230549548809
36085013800,4.519366197183099,0.2319230549548809
36085014100,4.519366197183099,0.2319230549548809
36085014604,4.519366197183099,0.2319230549548809
36085014605,4.519366197183099,0.2319230549548809
36085014606,4.519366197183099,0.2319230549548809
36085014607,4.519366197183099,0.2319230549548809
36085014608,4.519366197183099,0.2319230549548809
36085014700,4.519366197183099,0.2319230549548809
36085015100,4.519366197183099,0.2319230549548809
36085015400,4.519366197183099,0.2319230549548809
36085015601,4.519366197183099,0.2319230549548809
36085015602,4.519366197183099,0.2319230549548809
36085015603,4.519366197183099,0.2319230549548809
36085016901,4.519366197183099,0.2319230549548809
36085017005,4.519366197183099,0.2319230549548809
36085017007,4.519366197183099,0.2319230549548809
36085017008,4.519366197183099,0.2319230549548809
36085017009,4.519366197183099,0.2319230549548809
36085017010,4.519366197183099,0.2319230549548809
36085017011,4.519366197183099,0.2319230549548809
36085017012,4.519366197183099,0.2319230549548809
36085017300,4.519366197183099,0.2319230549548809
36085017600,4.519366197183099,0.2319230549548809
36085017700,4.519366197183099,0.2319230549548809
36085018100,4.519366197183099,0.2319230549548809
36085018701,4.519366197183099,0.2319230549548809
36085018702,4.519366197183099,0.2319230549548809
36085018901,4.519366197183099,0.2319230549548809
36085018902,4.519366197183099,0.2319230549548809
36085019700,4.519366197183099,0.2319230549548809
36085019800,4.519366197183099,0.2319230549548809
36085020100,4.519366197183099,0.2319230549548809
36085020700,4.519366197183099,0.2319230549548809
36085020801,4.519366197183099,0.2319230549548809
36085020803,4.519366197183099,0.2319230549548809
36085020804,4.519366197183099,0.2319230549548809
36085021300,4.519366197183099,0.2319230549548809
36085022300,4.519366197183099,0.2319230549548809
36085022600,4.519366197183099,0.2319230549548809
36085022800,4.519366197183099,0.2319230549548809
36085023100,4.519366197183099,0.2319230549548809
36085023900,4.519366197183099,0.2319230549548809
36085024401,4.519366197183099,0.2319230549548809
36085024402,4.519366197183099,0.2319230549548809
36085024700,4.519366197183099,0.2319230549548809
36085024800,4.519366197183099,0.2319230549548809
36085025100,4.519366197183099,0.2319230549548809
36085027301,4.519366197183099,0.2319230549548809
36085027302,4.519366197183099,0.2319230549548809
36085027702,4.519366197183099,0.2319230549548809
36085027704,4.519366197183099,0.2319230549548809
36085027705,4.519366197183099,0.2319230549548809
36085027706,4.519366197183099,0.2319230549548809
36085027900,4.519366197183099,0.2319230549548809
36085029102,4.519366197183099,0.2319230549548809
36085029103,4.519366197183099,0.2319230549548809
36085029104,4.519366197183099,0.2319230549548809
36085030301,4.519366197183099,0.2319230549548809
36085030302,4.519366197183099,0.2319230549548809
36085031901,4.519366197183099,0.2319230549548809
36085031902,4.519366197183099,0.2319230549548809
36085032300,4.519366197183099,0.2319230549548809
36085990100,4.519366197183099,0.2319230549548809
