county_fips,year,month,outage_occurrence,outage_duration_mean,severe_weather_count,severe_weather_share,outage_mean_customers_mean,outage_max_customers_mean,county_name,year_centered,days_in_month,log_days,log_outage_occurrence,log_outage_duration_mean,log_outage_mean_customers,cvi_overall_mean,cvi_overall_p75,cvi_baseline_social_econ_mean,cvi_climate_all_mean,cvi_climate_extreme_events_mean,high_cvi_share,z_severe_weather_count,z_severe_weather_share,z_log_outage_mean_customers,z_cvi_overall_mean,z_cvi_overall_p75,z_cvi_baseline_social_econ_mean,z_cvi_climate_all_mean,z_cvi_climate_extreme_events_mean,z_high_cvi_share
36005,2014,1,0.0,,0.0,0.0,,,Bronx,-4.5,31,3.4339872044851463,0.0,,,0.551359385291833,0.576604274136284,0.7607055170682526,0.43585838447996034,0.37043436032481325,0.7433628318584071,-0.2427547696339211,-0.23274215893219724,,1.6039889186576557,1.7665195063763832,1.7759722805033276,-1.059752824720207,-0.7131482916488626,1.9320061958838068
36005,2014,2,0.0,,0.0,0.0,,,Bronx,-4.5,28,3.332204510175204,0.0,,,0.551359385291833,0.576604274136284,0.7607055170682526,0.43585838447996034,0.37043436032481325,0.7433628318584071,-0.2427547696339211,-0.23274215893219724,,1.6039889186576557,1.7665195063763832,1.7759722805033276,-1.059752824720207,-0.7131482916488626,1.9320061958838068
36005,2014,3,0.0,,0.0,0.0,,,Bronx,-4.5,31,3.4339872044851463,0.0,,,0.551359385291833,0.576604274136284,0.7607055170682526,0.43585838447996034,0.37043436032481325,0.7433628318584071,-0.2427547696339211,-0.23274215893219724,,1.6039889186576557,1.7665195063763832,1.7759722805033276,-1.059752824720207,-0.7131482916488626,1.9320061958838068
36005,2014,4,0.0,,0.0,0.0,,,Bronx,-4.5,30,3.4011973816621555,0.0,,,0.551359385291833,0.576604274136284,0.7607055170682526,0.43585838447996034,0.37043436032481325,0.7433628318584071,-0.2427547696339211,-0.23274215893219724,,1.6039889186576557,1.7665195063763832,1.7759722805033276,-1.059752824720207,-0.7131482916488626,1.9320061958838068
36005,2014,5,0.0,,0.0,0.0,,,Bronx,-4.5,31,3.4339872044851463,0.0,,,0.551359385291833,0.576604274136284,0.7607055170682526,0.43585838447996034,0.37043436032481325,0.7433628318584071,-0.2427547696339211,-0.23274215893219724,,1.6039889186576557,1.7665195063763832,1.7759722805033276,-1.059752824720207,-0.7131482916488626,1.9320061958838068
36005,2014,6,0.0,,0.0,0.0,,,Bronx,-4.5,30,3.4011973816621555,0.0,,,0.551359385291833,0.576604274136284,0.7607055170682526,0.43585838447996034,0.37043436032481325,0.7433628318584071,-0.2427547696339211,-0.23274215893219724,,1.6039889186576557,1.7665195063763832,1.7759722805033276,-1.059752824720207,-0.7131482916488626,1.9320061958838068
36005,2014,7,0.0,,0.0,0.0,,,Bronx,-4.5,31,3.4339872044851463,0.0,,,0.551359385291833,0.576604274136284,0.7607055170682526,0.43585838447996034,0.37043436032481325,0.7433628318584071,-0.2427547696339211,-0.23274215893219724,,1.6039889186576557,1.7665195063763832,1.7759722805033276,-1.059752824720207,-0.7131482916488626,1.9320061958838068
36005,2014,8,0.0,,0.0,0.0,,,Bronx,-4.5,31,3.4339872044851463,0.0,,,0.551359385291833,0.576604274136284,0.7607055170682526,0.43585838447996034,0.37043436032481325,0.7433628318584071,-0.2427547696339211,-0.23274215893219724,,1.6039889186576557,1.7665195063763832,1.7759722805033276,-1.059752824720207,-0.7131482916488626,1.9320061958838068
36005,2014,9,0.0,,0.0,0.0,,,Bronx,-4.5,30,3.4011973816621555,0.0,,,0.551359385291833,0.576604274136284,0.7607055170682526,0.43585838447996034,0.37043436032481325,0.7433628318584071,-0.2427547696339211,-0.23274215893219724,,1.6039889186576557,1.7665195063763832,1.7759722805033276,-1.059752824720207,-0.7131482916488626,1.9320061958838068
36005,2014,10,0.0,,0.0,0.0,,,Bronx,-4.5,31,3.4339872044851463,0.0,,,0.551359385291833,0.576604274136284,0.7607055170682526,0.43585838447996034,0.37043436032481325,0.7433628318584071,-0.2427547696339211,-0.23274215893219724,,1.6039889186576557,1.7665195063763832,1.7759722805033276,-1.059752824720207,-0.7131482916488626,1.9320061958838068
36005,2014,11,3.0,0.8333333333333334,0.0,0.0,456.1111111111111,568.3333333333334,Bronx,-4.5,30,3.4011973816621555,1.3862943611198906,0.6061358035703156,6.124926492876683,0.551359385291833,0.576604274136284,0.7607055170682526,0.43585838447996034,0.37043436032481325,0.7433628318584071,-0.2427547696339211,-0.23274215893219724,-0.28441450061585044,1.6039889186576557,1.7665195063763832,1.7759722805033276,-1.059752824720207,-0.7131482916488626,1.9320061958838068
36005,2014,12,3.0,1.4166666666666667,0.0,0.0,365.4285714285714,368.3333333333333,Bronx,-4.5,31,3.4339872044851463,1.3862943611198906,0.8823891801984738,5.903803608549556,0.551359385291833,0.576604274136284,0.7607055170682526,0.43585838447996034,0.37043436032481325,0.7433628318584071,-0.2427547696339211,-0.23274215893219724,-0.7354328662938913,1.6039889186576557,1.7665195063763832,1.7759722805033276,-1.059752824720207,-0.7131482916488626,1.9320061958838068
36005,2015,1,3.0,2.4166666666666665,0.0,0.0,240.09743589743587,249.66666666666666,Bronx,-3.5,31,3.4339872044851463,1.3862943611198906,1.2286654169163074,5.485201150113717,0.551359385291833,0.576604274136284,0.7607055170682526,0.43585838447996034,0.37043436032481325,0.7433628318584071,-0.2427547696339211,-0.23274215893219724,-1.5892449773607755,1.6039889186576557,1.7665195063763832,1.7759722805033276,-1.059752824720207,-0.7131482916488626,1.9320061958838068
36005,2015,2,8.0,1.59375,0.0,0.0,379.47081105169343,429.875,Bronx,-3.5,28,3.332204510175204,2.1972245773362196,0.9531047049968714,5.941409462274312,0.551359385291833,0.576604274136284,0.7607055170682526,0.43585838447996034,0.37043436032481325,0.7433628318584071,-0.2427547696339211,-0.23274215893219724,-0.6587292237085536,1.6039889186576557,1.7665195063763832,1.7759722805033276,-1.059752824720207,-0.7131482916488626,1.9320061958838068
36005,2015,3,8.0,2.3125,0.0,0.0,348.98640046296293,431.25,Bronx,-3.5,31,3.4339872044851463,2.1972245773362196,1.1977031913123406,5.857894297908446,0.551359385291833,0.576604274136284,0.7607055170682526,0.43585838447996034,0.37043436032481325,0.7433628318584071,-0.2427547696339211,-0.23274215893219724,-0.8290728453388773,1.6039889186576557,1.7665195063763832,1.7759722805033276,-1.059752824720207,-0.7131482916488626,1.9320061958838068
36005,2015,4,2.0,2.875,0.0,0.0,652.1911764705883,751.5,Bronx,-3.5,30,3.4011973816621555,1.0986122886681098,1.3545456628053103,6.481869852846146,0.551359385291833,0.576604274136284,0.7607055170682526,0.43585838447996034,0.37043436032481325,0.7433628318584071,-0.2427547696339211,-0.23274215893219724,0.4436332152184469,1.6039889186576557,1.7665195063763832,1.7759722805033276,-1.059752824720207,-0.7131482916488626,1.9320061958838068
36005,2015,5,8.0,1.625,0.0,0.0,1735.7222222222222,1738.5,Bronx,-3.5,31,3.4339872044851463,2.1972245773362196,0.965080896043587,7.459754835330917,0.551359385291833,0.576604274136284,0.7607055170682526,0.43585838447996034,0.37043436032481325,0.7433628318584071,-0.2427547696339211,-0.23274215893219724,2.4381987617174943,1.6039889186576557,1.7665195063763832,1.7759722805033276,-1.059752824720207,-0.7131482916488626,1.9320061958838068
36005,2015,6,7.0,1.7142857142857142,0.0,0.0,332.2125850340136,342.85714285714283,Bronx,-3.5,30,3.4011973816621555,2.0794415416798357,0.9985288301111271,5.808780679789536,0.551359385291833,0.576604274136284,0.7607055170682526,0.43585838447996034,0.37043436032481325,0.7433628318584071,-0.2427547696339211,-0.23274215893219724,-0.9292485636682206,1.6039889186576557,1.7665195063763832,1.7759722805033276,-1.059752824720207,-0.7131482916488626,1.9320061958838068
36005,2015,7,20.0,1.525,0.0,0.0,645.7139851814852,723.35,Bronx,-3.5,31,3.4339872044851463,3.044522437723423,0.9262410627273231,6.471904133673314,0.551359385291833,0.576604274136284,0.7607055170682526,0.43585838447996034,0.37043436032481325,0.7433628318584071,-0.2427547696339211,-0.23274215893219724,0.4233064073992804,1.6039889186576557,1.7665195063763832,1.7759722805033276,-1.059752824720207,-0.7131482916488626,1.9320061958838068
36005,2015,8,4.0,0.625,0.0,0.0,535.3125,535.5,Bronx,-3.5,31,3.4339872044851463,1.6094379124341003,0.4855078157817008,6.28471701356734,0.551359385291833,0.576604274136284,0.7607055170682526,0.43585838447996034,0.37043436032481325,0.7433628318584071,-0.2427547696339211,-0.23274215893219724,0.041505902023824114,1.6039889186576557,1.7665195063763832,1.7759722805033276,-1.059752824720207,-0.7131482916488626,1.9320061958838068
36005,2015,9,2.0,1.125,0.0,0.0,700.4166666666667,900.0,Bronx,-3.5,30,3.4011973816621555,1.0986122886681098,0.7537718023763802,6.553102099423576,0.551359385291833,0.576604274136284,0.7607055170682526,0.43585838447996034,0.37043436032481325,0.7433628318584071,-0.2427547696339211,-0.23274215893219724,0.5889237016947323,1.6039889186576557,1.7665195063763832,1.7759722805033276,-1.059752824720207,-0.7131482916488626,1.9320061958838068
36005,2015,10,4.0,1.25,0.0,0.0,395.71875,475.0,Bronx,-3.5,31,3.4339872044851463,1.6094379124341003,0.8109302162163288,5.983227591339053,0.551359385291833,0.576604274136284,0.7607055170682526,0.43585838447996034,0.37043436032481325,0.7433628318584071,-0.2427547696339211,-0.23274215893219724,-0.5734339170563926,1.6039889186576557,1.7665195063763832,1.7759722805033276,-1.059752824720207,-0.7131482916488626,1.9320061958838068
36005,2015,11,0.0,,0.0,0.0,,,Bronx,-3.5,30,3.4011973816621555,0.0,,,0.551359385291833,0.576604274136284,0.7607055170682526,0.43585838447996034,0.37043436032481325,0.7433628318584071,-0.2427547696339211,-0.23274215893219724,,1.6039889186576557,1.7665195063763832,1.7759722805033276,-1.059752824720207,-0.7131482916488626,1.9320061958838068
36005,2015,12,3.0,1.25,0.0,0.0,599.3174603174604,607.3333333333334,Bronx,-3.5,31,3.4339872044851463,1.3862943611198906,0.8109302162163288,6.3974586158209155,0.551359385291833,0.576604274136284,0.7607055170682526,0.43585838447996034,0.37043436032481325,0.7433628318584071,-0.2427547696339211,-0.23274215893219724,0.27146189842402807,1.6039889186576557,1.7665195063763832,1.7759722805033276,-1.059752824720207,-0.7131482916488626,1.9320061958838068
36005,2016,1,7.0,2.8214285714285716,0.0,0.0,458.5477293620151,518.8571428571429,Bronx,-2.5,31,3.4339872044851463,2.0794415416798357,1.3406243242867022,6.13024280878879,0.551359385291833,0.576604274136284,0.7607055170682526,0.43585838447996034,0.37043436032481325,0.7433628318584071,-0.2427547696339211,-0.23274215893219724,-0.27357095485891575,1.6039889186576557,1.7665195063763832,1.7759722805033276,-1.059752824720207,-0.7131482916488626,1.9320061958838068
36005,2016,2,8.0,2.6875,0.0,0.0,547.897686990429,690.375,Bronx,-2.5,29,3.367295829986474,2.1972245773362196,1.3049487216659381,6.307912061647218,0.551359385291833,0.576604274136284,0.7607055170682526,0.43585838447996034,0.37043436032481325,0.7433628318584071,-0.2427547696339211,-0.23274215893219724,0.0888162141547647,1.6039889186576557,1.7665195063763832,1.7759722805033276,-1.059752824720207,-0.7131482916488626,1.9320061958838068
36005,2016,3,5.0,1.35,0.0,0.0,673.4851648351648,751.8,Bronx,-2.5,31,3.4339872044851463,1.791759469228055,0.8544153281560676,6.513949681091869,0.551359385291833,0.576604274136284,0.7607055170682526,0.43585838447996034,0.37043436032481325,0.7433628318584071,-0.2427547696339211,-0.23274215893219724,0.5090655731159389,1.6039889186576557,1.7665195063763832,1.7759722805033276,-1.059752824720207,-0.7131482916488626,1.9320061958838068
36005,2016,4,2.0,1.875,0.0,0.0,694.7222222222222,731.5,Bronx,-2.5,30,3.4011973816621555,1.0986122886681098,1.0560526742493137,6.544950474667868,0.551359385291833,0.576604274136284,0.7607055170682526,0.43585838447996034,0.37043436032481325,0.7433628318584071,-0.2427547696339211,-0.23274215893219724,0.572297053186018,1.6039889186576557,1.7665195063763832,1.7759722805033276,-1.059752824720207,-0.7131482916488626,1.9320061958838068
36005,2016,5,2.0,2.5,0.0,0.0,453.20000000000005,506.0,Bronx,-2.5,31,3.4339872044851463,1.0986122886681098,1.252762968495368,6.118537629671458,0.551359385291833,0.576604274136284,0.7607055170682526,0.43585838447996034,0.37043436032481325,0.7433628318584071,-0.2427547696339211,-0.23274215893219724,-0.2974456920736204,1.6039889186576557,1.7665195063763832,1.7759722805033276,-1.059752824720207,-0.7131482916488626,1.9320061958838068
36005,2016,6,9.0,2.7777777777777777,0.0,0.0,545.5602146391619,743.5555555555555,Bronx,-2.5,30,3.4011973816621555,2.302585092994046,1.329135947279942,6.303644483869313,0.551359385291833,0.576604274136284,0.7607055170682526,0.43585838447996034,0.37043436032481325,0.7433628318584071,-0.2427547696339211,-0.23274215893219724,0.0801117512012731,1.6039889186576557,1.7665195063763832,1.7759722805033276,-1.059752824720207,-0.7131482916488626,1.9320061958838068
36005,2016,7,16.0,2.21875,0.0,0.0,756.9607582521645,998.8125,Bronx,-2.5,31,3.4339872044851463,2.833213344056216,1.1689930854299093,6.630631614186375,0.551359385291833,0.576604274136284,0.7607055170682526,0.43585838447996034,0.37043436032481325,0.7433628318584071,-0.2427547696339211,-0.23274215893219724,0.7470585557444784,1.6039889186576557,1.7665195063763832,1.7759722805033276,-1.059752824720207,-0.7131482916488626,1.9320061958838068
36005,2016,8,12.0,2.1041666666666665,0.0,0.0,738.7600111389585,871.75,Bronx,-2.5,31,3.4339872044851463,2.5649493574615367,1.1327452950375683,6.606325824326913,0.551359385291833,0.576604274136284,0.7607055170682526,0.43585838447996034,0.37043436032481325,0.7433628318584071,-0.2427547696339211,-0.23274215893219724,0.6974826936518395,1.6039889186576557,1.7665195063763832,1.7759722805033276,-1.059752824720207,-0.7131482916488626,1.9320061958838068
36005,2016,9,8.0,1.6875,0.0,0.0,428.5575980392157,464.125,Bronx,-2.5,30,3.4011973816621555,2.1972245773362196,0.9886113934537812,6.062755837297354,0.551359385291833,0.576604274136284,0.7607055170682526,0.43585838447996034,0.37043436032481325,0.7433628318584071,-0.2427547696339211,-0.23274215893219724,-0.4112223050538524,1.6039889186576557,1.7665195063763832,1.7759722805033276,-1.059752824720207,-0.7131482916488626,1.9320061958838068
36005,2016,10,5.0,1.35,0.0,0.0,850.46,920.2,Bronx,-2.5,31,3.4339872044851463,1.791759469228055,0.8544153281560676,6.746952523074501,0.551359385291833,0.576604274136284,0.7607055170682526,0.43585838447996034,0.37043436032481325,0.7433628318584071,-0.2427547696339211,-0.23274215893219724,0.9843151670651511,1.6039889186576557,1.7665195063763832,1.7759722805033276,-1.059752824720207,-0.7131482916488626,1.9320061958838068
36005,2016,11,2.0,1.125,0.0,0.0,560.5625,634.5,Bronx,-2.5,30,3.4011973816621555,1.0986122886681098,0.7537718023763802,6.330723076977878,0.551359385291833,0.576604274136284,0.7607055170682526,0.43585838447996034,0.37043436032481325,0.7433628318584071,-0.2427547696339211,-0.23274215893219724,0.1353432250754023,1.6039889186576557,1.7665195063763832,1.7759722805033276,-1.059752824720207,-0.7131482916488626,1.9320061958838068
36005,2016,12,0.0,,0.0,0.0,,,Bronx,-2.5,31,3.4339872044851463,0.0,,,0.551359385291833,0.576604274136284,0.7607055170682526,0.43585838447996034,0.37043436032481325,0.7433628318584071,-0.2427547696339211,-0.23274215893219724,,1.6039889186576557,1.7665195063763832,1.7759722805033276,-1.059752824720207,-0.7131482916488626,1.9320061958838068
36005,2017,1,5.0,1.2,0.0,0.0,472.9333333333333,694.6,Bronx,-1.5,31,3.4339872044851463,1.791759469228055,0.7884573603642702,6.161066664827273,0.551359385291833,0.576604274136284,0.7607055170682526,0.43585838447996034,0.37043436032481325,0.7433628318584071,-0.2427547696339211,-0.23274215893219724,-0.21070036949785748,1.6039889186576557,1.7665195063763832,1.7759722805033276,-1.059752824720207,-0.7131482916488626,1.9320061958838068
36005,2017,2,3.0,4.666666666666667,0.0,0.0,1088.1301416623999,1306.6666666666667,Bronx,-1.5,28,3.332204510175204,1.3862943611198906,1.7346010553881064,6.993134621451498,0.551359385291833,0.576604274136284,0.7607055170682526,0.43585838447996034,0.37043436032481325,0.7433628318584071,-0.2427547696339211,-0.23274215893219724,1.4864461337765082,1.6039889186576557,1.7665195063763832,1.7759722805033276,-1.059752824720207,-0.7131482916488626,1.9320061958838068
36005,2017,3,8.0,1.84375,0.0,0.0,477.82190860215053,489.75,Bronx,-1.5,31,3.4339872044851463,2.1972245773362196,1.0451236037171234,6.1713287299514175,0.551359385291833,0.576604274136284,0.7607055170682526,0.43585838447996034,0.37043436032481325,0.7433628318584071,-0.2427547696339211,-0.23274215893219724,-0.1897691128581059,1.6039889186576557,1.7665195063763832,1.7759722805033276,-1.059752824720207,-0.7131482916488626,1.9320061958838068
36005,2017,4,5.0,2.1,0.0,0.0,415.43950216450213,628.4,Bronx,-1.5,30,3.4011973816621555,1.791759469228055,1.1314021114911006,6.031741198150315,0.551359385291833,0.576604274136284,0.7607055170682526,0.43585838447996034,0.37043436032481325,0.7433628318584071,-0.2427547696339211,-0.23274215893219724,-0.4744820255606538,1.6039889186576557,1.7665195063763832,1.7759722805033276,-1.059752824720207,-0.7131482916488626,1.9320061958838068
36005,2017,5,7.0,1.8571428571428572,0.0,0.0,414.21733821733824,429.42857142857144,Bronx,-1.5,31,3.4339872044851463,2.0794415416798357,1.0498221244986776,6.028802089692087,0.551359385291833,0.576604274136284,0.7607055170682526,0.43585838447996034,0.37043436032481325,0.7433628318584071,-0.2427547696339211,-0.23274215893219724,-0.48047684557855536,1.6039889186576557,1.7665195063763832,1.7759722805033276,-1.059752824720207,-0.7131482916488626,1.9320061958838068
36005,2017,6,10.0,1.95,0.0,0.0,962.2983333333334,1195.3,Bronx,-1.5,30,3.4011973816621555,2.3978952727983707,1.0818051703517284,6.870363159598408,0.551359385291833,0.576604274136284,0.7607055170682526,0.43585838447996034,0.37043436032481325,0.7433628318584071,-0.2427547696339211,-0.23274215893219724,1.2360325040638651,1.6039889186576557,1.7665195063763832,1.7759722805033276,-1.059752824720207,-0.7131482916488626,1.9320061958838068
36005,2017,7,5.0,2.1,0.0,0.0,400.17928571428575,434.0,Bronx,-1.5,31,3.4339872044851463,1.791759469228055,1.1314021114911006,5.994408423933043,0.551359385291833,0.576604274136284,0.7607055170682526,0.43585838447996034,0.37043436032481325,0.7433628318584071,-0.2427547696339211,-0.23274215893219724,-0.5506286752615126,1.6039889186576557,1.7665195063763832,1.7759722805033276,-1.059752824720207,-0.7131482916488626,1.9320061958838068
36005,2017,8,4.0,2.5,0.0,0.0,488.0785714285714,717.0,Bronx,-1.5,31,3.4339872044851463,1.6094379124341003,1.252762968495368,6.192523154335622,0.551359385291833,0.576604274136284,0.7607055170682526,0.43585838447996034,0.37043436032481325,0.7433628318584071,-0.2427547696339211,-0.23274215893219724,-0.14653941876136467,1.6039889186576557,1.7665195063763832,1.7759722805033276,-1.059752824720207,-0.7131482916488626,1.9320061958838068
36005,2017,9,3.0,2.5,0.0,0.0,367.5555555555555,375.0,Bronx,-1.5,30,3.4011973816621555,1.3862943611198906,1.252762968495368,5.909591461610833,0.551359385291833,0.576604274136284,0.7607055170682526,0.43585838447996034,0.37043436032481325,0.7433628318584071,-0.2427547696339211,-0.23274215893219724,-0.7236275389691095,1.6039889186576557,1.7665195063763832,1.7759722805033276,-1.059752824720207,-0.7131482916488626,1.9320061958838068
36005,2017,10,4.0,2.125,0.0,0.0,593.2700320512821,638.75,Bronx,-1.5,31,3.4339872044851463,1.6094379124341003,1.1394342831883648,6.38733381547657,0.551359385291833,0.576604274136284,0.7607055170682526,0.43585838447996034,0.37043436032481325,0.7433628318584071,-0.2427547696339211,-0.23274215893219724,0.25081061704255114,1.6039889186576557,1.7665195063763832,1.7759722805033276,-1.059752824720207,-0.7131482916488626,1.9320061958838068
36005,2017,11,3.0,1.6666666666666667,0.0,0.0,432.8055555555555,433.0,Bronx,-1.5,30,3.4011973816621555,1.3862943611198906,0.9808292530117263,6.072596405031736,0.551359385291833,0.576604274136284,0.7607055170682526,0.43585838447996034,0.37043436032481325,0.7433628318584071,-0.2427547696339211,-0.23274215893219724,-0.3911507652382854,1.6039889186576557,1.7665195063763832,1.7759722805033276,-1.059752824720207,-0.7131482916488626,1.9320061958838068
36005,2017,12,7.0,3.4642857142857144,0.0,0.0,609.4790616246498,700.8571428571429,Bronx,-1.5,31,3.4339872044851463,2.0794415416798357,1.4961092271270973,6.41424399586948,0.551359385291833,0.576604274136284,0.7607055170682526,0.43585838447996034,0.37043436032481325,0.7433628318584071,-0.2427547696339211,-0.23274215893219724,0.3056985840562067,1.6039889186576557,1.7665195063763832,1.7759722805033276,-1.059752824720207,-0.7131482916488626,1.9320061958838068
36005,2018,1,18.0,1.2916666666666667,0.0,0.0,785.9708333333333,1210.1666666666667,Bronx,-0.5,31,3.4339872044851463,2.9444389791664403,0.8292793548845253,6.668191187163087,0.551359385291833,0.576604274136284,0.7607055170682526,0.43585838447996034,0.37043436032481325,0.7433628318584071,-0.2427547696339211,-0.23274215893219724,0.8236678007399486,1.6039889186576557,1.7665195063763832,1.7759722805033276,-1.059752824720207,-0.7131482916488626,1.9320061958838068
36005,2018,2,3.0,1.8333333333333333,0.0,0.0,507.63888888888886,633.3333333333334,Bronx,-0.5,28,3.332204510175204,1.3862943611198906,1.041453874828161,6.231738312685604,0.551359385291833,0.576604274136284,0.7607055170682526,0.43585838447996034,0.37043436032481325,0.7433628318584071,-0.2427547696339211,-0.23274215893219724,-0.06655332106444474,1.6039889186576557,1.7665195063763832,1.7759722805033276,-1.059752824720207,-0.7131482916488626,1.9320061958838068
36005,2018,3,21.0,11.464285714285714,4.0,0.19047619047619047,2691.5267989128274,3664.9523809523807,Bronx,-0.5,31,3.4339872044851463,3.091042453358316,2.522867412027223,7.898235362151977,0.551359385291833,0.576604274136284,0.7607055170682526,0.43585838447996034,0.37043436032481325,0.7433628318584071,7.630372894168924,3.4842839184842114,3.3325556311580784,1.6039889186576557,1.7665195063763832,1.7759722805033276,-1.059752824720207,-0.7131482916488626,1.9320061958838068
36005,2018,4,10.0,1.4,1.0,0.1,805.1525062656641,841.8,Bronx,-0.5,30,3.4011973816621555,2.3978952727983707,0.8754687373538999,6.69227293833708,0.551359385291833,0.576604274136284,0.7607055170682526,0.43585838447996034,0.37043436032481325,0.7433628318584071,1.7255271463167905,1.7186965317114176,0.8727866971861956,1.6039889186576557,1.7665195063763832,1.7759722805033276,-1.059752824720207,-0.7131482916488626,1.9320061958838068
36005,2018,5,7.0,2.5,2.0,0.2857142857142857,639.4275710284113,816.2857142857143,Bronx,-0.5,31,3.4339872044851463,2.0794415416798357,1.252762968495368,6.462136033019691,0.551359385291833,0.576604274136284,0.7607055170682526,0.43585838447996034,0.37043436032481325,0.7433628318584071,3.6938090622675017,5.342796957192415,0.40338267672806744,1.6039889186576557,1.7665195063763832,1.7759722805033276,-1.059752824720207,-0.7131482916488626,1.9320061958838068
36005,2018,6,6.0,2.2083333333333335,0.0,0.0,689.5429487179487,826.0,Bronx,-0.5,30,3.4011973816621555,1.9459101490553132,1.1657515915057384,6.537478170361744,0.551359385291833,0.576604274136284,0.7607055170682526,0.43585838447996034,0.37043436032481325,0.7433628318584071,-0.2427547696339211,-0.23274215893219724,0.5570559962223661,1.6039889186576557,1.7665195063763832,1.7759722805033276,-1.059752824720207,-0.7131482916488626,1.9320061958838068
36005,2018,7,9.0,4.0,0.0,0.0,496.8319664592128,678.3333333333334,Bronx,-0.5,31,3.4339872044851463,2.302585092994046,1.6094379124341003,6.210262603338245,0.551359385291833,0.576604274136284,0.7607055170682526,0.43585838447996034,0.37043436032481325,0.7433628318584071,-0.2427547696339211,-0.23274215893219724,-0.11035674449163246,1.6039889186576557,1.7665195063763832,1.7759722805033276,-1.059752824720207,-0.7131482916488626,1.9320061958838068
36005,2018,8,12.0,4.0,0.0,0.0,390.425634748849,447.75,Bronx,-0.5,31,3.4339872044851463,2.5649493574615367,1.6094379124341003,5.969795547832215,0.551359385291833,0.576604274136284,0.7607055170682526,0.43585838447996034,0.37043436032481325,0.7433628318584071,-0.2427547696339211,-0.23274215893219724,-0.6008308928538326,1.6039889186576557,1.7665195063763832,1.7759722805033276,-1.059752824720207,-0.7131482916488626,1.9320061958838068
36005,2018,9,9.0,1.3333333333333333,0.0,0.0,573.7191798941799,584.2222222222222,Bronx,-0.5,30,3.4011973816621555,2.302585092994046,0.8472978603872036,6.3538815387069,0.551359385291833,0.576604274136284,0.7607055170682526,0.43585838447996034,0.37043436032481325,0.7433628318584071,-0.2427547696339211,-0.23274215893219724,0.18257891301617998,1.6039889186576557,1.7665195063763832,1.7759722805033276,-1.059752824720207,-0.7131482916488626,1.9320061958838068
36005,2018,10,2.0,2.5,0.0,0.0,865.4797979797979,972.0,Bronx,-0.5,31,3.4339872044851463,1.0986122886681098,1.252762968495368,6.764438794377004,0.551359385291833,0.576604274136284,0.7607055170682526,0.43585838447996034,0.37043436032481325,0.7433628318584071,-0.2427547696339211,-0.23274215893219724,1.0199814416285309,1.6039889186576557,1.7665195063763832,1.7759722805033276,-1.059752824720207,-0.7131482916488626,1.9320061958838068
36005,2018,11,2.0,0.375,0.0,0.0,1444.5,1444.5,Bronx,-0.5,30,3.4011973816621555,1.0986122886681098,0.3184537311185346,7.2762105614564,0.551359385291833,0.576604274136284,0.7607055170682526,0.43585838447996034,0.37043436032481325,0.7433628318584071,-0.2427547696339211,-0.23274215893219724,2.06382847125954,1.6039889186576557,1.7665195063763832,1.7759722805033276,-1.059752824720207,-0.7131482916488626,1.9320061958838068
36005,2018,12,6.0,1.375,0.0,0.0,440.0833333333333,446.0,Bronx,-0.5,31,3.4339872044851463,1.9459101490553132,0.8649974374866045,6.089233822069987,0.551359385291833,0.576604274136284,0.7607055170682526,0.43585838447996034,0.37043436032481325,0.7433628318584071,-0.2427547696339211,-0.23274215893219724,-0.35721587575576996,1.6039889186576557,1.7665195063763832,1.7759722805033276,-1.059752824720207,-0.7131482916488626,1.9320061958838068
36005,2019,1,3.0,1.9166666666666667,0.0,0.0,286.03205128205127,310.6666666666667,Bronx,0.5,31,3.4339872044851463,1.3862943611198906,1.0704414117014134,5.659593886465161,0.551359385291833,0.576604274136284,0.7607055170682526,0.43585838447996034,0.37043436032481325,0.7433628318584071,-0.2427547696339211,-0.23274215893219724,-1.2335408304349897,1.6039889186576557,1.7665195063763832,1.7759722805033276,-1.059752824720207,-0.7131482916488626,1.9320061958838068
36005,2019,2,10.0,1.95,0.0,0.0,551.8757469654529,638.9,Bronx,0.5,28,3.332204510175204,2.3978952727983707,1.0818051703517284,6.315133287244242,0.551359385291833,0.576604274136284,0.7607055170682526,0.43585838447996034,0.37043436032481325,0.7433628318584071,-0.2427547696339211,-0.23274215893219724,0.10354515266727078,1.6039889186576557,1.7665195063763832,1.7759722805033276,-1.059752824720207,-0.7131482916488626,1.9320061958838068
36005,2019,3,6.0,2.5833333333333335,0.0,0.0,642.8548079135036,744.0,Bronx,0.5,31,3.4339872044851463,1.9459101490553132,1.2762934659055623,6.4674732471354215,0.551359385291833,0.576604274136284,0.7607055170682526,0.43585838447996034,0.37043436032481325,0.7433628318584071,-0.2427547696339211,-0.23274215893219724,0.4142688479856264,1.6039889186576557,1.7665195063763832,1.7759722805033276,-1.059752824720207,-0.7131482916488626,1.9320061958838068
36005,2019,4,9.0,1.3055555555555556,0.0,0.0,435.0747474747475,435.3333333333333,Bronx,0.5,30,3.4011973816621555,2.302585092994046,0.8353216693404879,6.077813667817286,0.551359385291833,0.576604274136284,0.7607055170682526,0.43585838447996034,0.37043436032481325,0.7433628318584071,-0.2427547696339211,-0.23274215893219724,-0.3805092554641527,1.6039889186576557,1.7665195063763832,1.7759722805033276,-1.059752824720207,-0.7131482916488626,1.9320061958838068
36005,2019,5,2.0,4.25,0.0,0.0,573.3298611111111,574.0,Bronx,0.5,31,3.4339872044851463,1.0986122886681098,1.6582280766035324,6.353203902184744,0.551359385291833,0.576604274136284,0.7607055170682526,0.43585838447996034,0.37043436032481325,0.7433628318584071,-0.2427547696339211,-0.23274215893219724,0.18119675613234443,1.6039889186576557,1.7665195063763832,1.7759722805033276,-1.059752824720207,-0.7131482916488626,1.9320061958838068
36005,2019,6,5.0,1.15,0.0,0.0,611.8888888888889,637.0,Bronx,0.5,30,3.4011973816621555,1.791759469228055,0.7654678421395714,6.418183661576973,0.551359385291833,0.576604274136284,0.7607055170682526,0.43585838447996034,0.37043436032481325,0.7433628318584071,-0.2427547696339211,-0.23274215893219724,0.31373421362986254,1.6039889186576557,1.7665195063763832,1.7759722805033276,-1.059752824720207,-0.7131482916488626,1.9320061958838068
36005,2019,7,14.0,3.5535714285714284,2.0,0.14285714285714285,862.0810418904402,1413.9285714285713,Bronx,0.5,31,3.4339872044851463,2.70805020110221,1.5159118544232768,6.760508593847589,0.551359385291833,0.576604274136284,0.7607055170682526,0.43585838447996034,0.37043436032481325,0.7433628318584071,3.6938090622675017,2.5550273991301093,1.0119651179225606,1.6039889186576557,1.7665195063763832,1.7759722805033276,-1.059752824720207,-0.7131482916488626,1.9320061958838068
36005,2019,8,5.0,3.65,0.0,0.0,335.1522344322344,369.0,Bronx,0.5,31,3.4339872044851463,1.791759469228055,1.536867219599265,5.817564136021422,0.551359385291833,0.576604274136284,0.7607055170682526,0.43585838447996034,0.37043436032481325,0.7433628318584071,-0.2427547696339211,-0.23274215893219724,-0.9113331855889036,1.6039889186576557,1.7665195063763832,1.7759722805033276,-1.059752824720207,-0.7131482916488626,1.9320061958838068
36005,2019,9,6.0,1.0833333333333333,0.0,0.0,424.72222222222223,427.0,Bronx,0.5,30,3.4011973816621555,1.9459101490553132,0.7339691750802004,6.05378707307424,0.551359385291833,0.576604274136284,0.7607055170682526,0.43585838447996034,0.37043436032481325,0.7433628318584071,-0.2427547696339211,-0.23274215893219724,-0.429515650830206,1.6039889186576557,1.7665195063763832,1.7759722805033276,-1.059752824720207,-0.7131482916488626,1.9320061958838068
36005,2019,10,5.0,2.1,1.0,0.2,958.2047619047619,1186.8,Bronx,0.5,31,3.4339872044851463,1.791759469228055,1.1314021114911006,6.866104568155487,0.551359385291833,0.576604274136284,0.7607055170682526,0.43585838447996034,0.37043436032481325,0.7433628318584071,1.7255271463167905,3.6701352223550323,1.2273463702947567,1.6039889186576557,1.7665195063763832,1.7759722805033276,-1.059752824720207,-0.7131482916488626,1.9320061958838068
36005,2019,11,4.0,1.0,1.0,0.25,272.75,273.25,Bronx,0.5,30,3.4011973816621555,1.6094379124341003,0.6931471805599453,5.612215281130711,0.551359385291833,0.576604274136284,0.7607055170682526,0.43585838447996034,0.37043436032481325,0.7433628318584071,1.7255271463167905,4.64585456767684,-1.3301776901208295,1.6039889186576557,1.7665195063763832,1.7759722805033276,-1.059752824720207,-0.7131482916488626,1.9320061958838068
36005,2019,12,9.0,1.3888888888888888,0.0,0.0,612.4148148148148,698.0,Bronx,0.5,31,3.4339872044851463,2.302585092994046,0.8708283577973978,6.419041403352655,0.551359385291833,0.576604274136284,0.7607055170682526,0.43585838447996034,0.37043436032481325,0.7433628318584071,-0.2427547696339211,-0.23274215893219724,0.3154837263273806,1.6039889186576557,1.7665195063763832,1.7759722805033276,-1.059752824720207,-0.7131482916488626,1.9320061958838068
36005,2020,1,3.0,1.25,0.0,0.0,620.4682539682541,655.3333333333334,Bronx,1.5,31,3.4339872044851463,1.3862943611198906,0.8109302162163288,6.432084829949057,0.551359385291833,0.576604274136284,0.7607055170682526,0.43585838447996034,0.37043436032481325,0.7433628318584071,-0.2427547696339211,-0.23274215893219724,0.3420880507248839,1.6039889186576557,1.7665195063763832,1.7759722805033276,-1.059752824720207,-0.7131482916488626,1.9320061958838068
36005,2020,2,6.0,2.25,1.0,0.16666666666666666,408.19463869463874,455.5,Bronx,1.5,29,3.367295829986474,1.9459101490553132,1.1786549963416462,6.01419093207238,0.551359385291833,0.576604274136284,0.7607055170682526,0.43585838447996034,0.37043436032481325,0.7433628318584071,1.7255271463167905,3.0196556588071606,-0.5102788285363911,1.6039889186576557,1.7665195063763832,1.7759722805033276,-1.059752824720207,-0.7131482916488626,1.9320061958838068
36005,2020,3,1.0,0.75,0.0,0.0,760.6666666666666,761.0,Bronx,1.5,31,3.4339872044851463,0.6931471805599453,0.5596157879354227,6.635509014660196,0.551359385291833,0.576604274136284,0.7607055170682526,0.43585838447996034,0.37043436032481325,0.7433628318584071,-0.2427547696339211,-0.23274215893219724,0.7570068575548221,1.6039889186576557,1.7665195063763832,1.7759722805033276,-1.059752824720207,-0.7131482916488626,1.9320061958838068
36005,2020,4,5.0,4.05,0.0,0.0,544.503431372549,605.4,Bronx,1.5,30,3.4011973816621555,1.791759469228055,1.6193882432872684,6.301709095578821,0.551359385291833,0.576604274136284,0.7607055170682526,0.43585838447996034,0.37043436032481325,0.7433628318584071,-0.2427547696339211,-0.23274215893219724,0.07616419205837285,1.6039889186576557,1.7665195063763832,1.7759722805033276,-1.059752824720207,-0.7131482916488626,1.9320061958838068
36005,2020,5,1.0,0.5,0.0,0.0,307.5,308.0,Bronx,1.5,31,3.4339872044851463,0.6931471805599453,0.4054651081081644,5.731721843345443,0.551359385291833,0.576604274136284,0.7607055170682526,0.43585838447996034,0.37043436032481325,0.7433628318584071,-0.2427547696339211,-0.23274215893219724,-1.0864233878833864,1.6039889186576557,1.7665195063763832,1.7759722805033276,-1.059752824720207,-0.7131482916488626,1.9320061958838068
36005,2020,6,10.0,1.775,0.0,0.0,415.8570238095238,417.5,Bronx,1.5,30,3.4011973816621555,2.3978952727983707,1.0206507471983979,6.032743294443644,0.551359385291833,0.576604274136284,0.7607055170682526,0.43585838447996034,0.37043436032481325,0.7433628318584071,-0.2427547696339211,-0.23274215893219724,-0.4724380768583546,1.6039889186576557,1.7665195063763832,1.7759722805033276,-1.059752824720207,-0.7131482916488626,1.9320061958838068
36005,2020,7,18.0,4.347222222222222,0.0,0.0,807.6431233074635,988.0,Bronx,1.5,31,3.4339872044851463,2.9444389791664403,1.6765772152717289,6.695357686612562,0.551359385291833,0.576604274136284,0.7607055170682526,0.43585838447996034,0.37043436032481325,0.7433628318584071,-0.2427547696339211,-0.23274215893219724,0.879078574799721,1.6039889186576557,1.7665195063763832,1.7759722805033276,-1.059752824720207,-0.7131482916488626,1.9320061958838068
36005,2020,8,19.0,22.473684210526315,1.0,0.05263157894736842,1860.8910366562927,3442.157894736842,Bronx,1.5,31,3.4339872044851463,2.995732273553991,3.1558799728536235,7.5293479366060385,0.551359385291833,0.576604274136284,0.7607055170682526,0.43585838447996034,0.37043436032481325,0.7433628318584071,1.7255271463167905,0.7943308361433894,2.5801459278603582,1.6039889186576557,1.7665195063763832,1.7759722805033276,-1.059752824720207,-0.7131482916488626,1.9320061958838068
36005,2020,9,9.0,2.9444444444444446,0.0,0.0,778.3576176909511,966.6666666666666,Bronx,1.5,30,3.4011973816621555,2.302585092994046,1.3723081191451507,6.658470013303087,0.551359385291833,0.576604274136284,0.7607055170682526,0.43585838447996034,0.37043436032481325,0.7433628318584071,-0.2427547696339211,-0.23274215893219724,0.8038397853802943,1.6039889186576557,1.7665195063763832,1.7759722805033276,-1.059752824720207,-0.7131482916488626,1.9320061958838068
36005,2020,10,7.0,2.5714285714285716,1.0,0.14285714285714285,521.7523643023643,540.7142857142857,Bronx,1.5,31,3.4339872044851463,2.0794415416798357,1.2729656758128876,6.25910786111509,0.551359385291833,0.576604274136284,0.7607055170682526,0.43585838447996034,0.37043436032481325,0.7433628318584071,1.7255271463167905,2.5550273991301093,-0.010728393492719679,1.6039889186576557,1.7665195063763832,1.7759722805033276,-1.059752824720207,-0.7131482916488626,1.9320061958838068
36005,2020,11,7.0,3.2857142857142856,0.0,0.0,617.000481000481,775.5714285714286,Bronx,1.5,30,3.4011973816621555,2.0794415416798357,1.455287232606842,6.4264892357753185,0.551359385291833,0.576604274136284,0.7607055170682526,0.43585838447996034,0.37043436032481325,0.7433628318584071,-0.2427547696339211,-0.23274215893219724,0.3306748686523155,1.6039889186576557,1.7665195063763832,1.7759722805033276,-1.059752824720207,-0.7131482916488626,1.9320061958838068
36005,2020,12,19.0,5.5131578947368425,0.0,0.0,531.2454442600803,597.0,Bronx,1.5,31,3.4339872044851463,2.995732273553991,1.8738244222823592,6.277104744338329,0.551359385291833,0.576604274136284,0.7607055170682526,0.43585838447996034,0.37043436032481325,0.7433628318584071,-0.2427547696339211,-0.23274215893219724,0.0259793623930799,1.6039889186576557,1.7665195063763832,1.7759722805033276,-1.059752824720207,-0.7131482916488626,1.9320061958838068
36005,2021,1,4.0,5.0,0.0,0.0,404.8390022675737,460.75,Bronx,2.5,31,3.4339872044851463,1.6094379124341003,1.791759469228055,6.00595653481754,0.551359385291833,0.576604274136284,0.7607055170682526,0.43585838447996034,0.37043436032481325,0.7433628318584071,-0.2427547696339211,-0.23274215893219724,-0.5270743058725479,1.6039889186576557,1.7665195063763832,1.7759722805033276,-1.059752824720207,-0.7131482916488626,1.9320061958838068
36005,2021,2,25.0,4.61,0.0,0.0,281.76008280153974,304.8,Bronx,2.5,28,3.332204510175204,3.258096538021482,1.724550719534605,5.6445987741359955,0.551359385291833,0.576604274136284,0.7607055170682526,0.43585838447996034,0.37043436032481325,0.7433628318584071,-0.2427547696339211,-0.23274215893219724,-1.264125955427542,1.6039889186576557,1.7665195063763832,1.7759722805033276,-1.059752824720207,-0.7131482916488626,1.9320061958838068
36005,2021,3,7.0,1.6785714285714286,0.0,0.0,514.7030921459493,551.8571428571429,Bronx,2.5,31,3.4339872044851463,2.0794415416798357,0.9852836033611065,6.245531197055903,0.551359385291833,0.576604274136284,0.7607055170682526,0.43585838447996034,0.37043436032481325,0.7433628318584071,-0.2427547696339211,-0.23274215893219724,-0.03842034791872765,1.6039889186576557,1.7665195063763832,1.7759722805033276,-1.059752824720207,-0.7131482916488626,1.9320061958838068
36005,2021,4,2.0,2.125,0.0,0.0,255.5625,256.0,Bronx,2.5,30,3.4011973816621555,1.0986122886681098,1.1394342831883648,5.547372299646748,0.551359385291833,0.576604274136284,0.7607055170682526,0.43585838447996034,0.37043436032481325,0.7433628318584071,-0.2427547696339211,-0.23274215893219724,-1.4624361654187694,1.6039889186576557,1.7665195063763832,1.7759722805033276,-1.059752824720207,-0.7131482916488626,1.9320061958838068
36005,2021,5,10.0,1.1,0.0,0.0,404.935,421.6,Bronx,2.5,31,3.4339872044851463,2.3978952727983707,0.7419373447293773,6.006193048262428,0.551359385291833,0.576604274136284,0.7607055170682526,0.43585838447996034,0.37043436032481325,0.7433628318584071,-0.2427547696339211,-0.23274215893219724,-0.5265918957968151,1.6039889186576557,1.7665195063763832,1.7759722805033276,-1.059752824720207,-0.7131482916488626,1.9320061958838068
36005,2021,6,12.0,4.375,0.0,0.0,345.7959578048263,486.3333333333333,Bronx,2.5,30,3.4011973816621555,2.5649493574615367,1.6817585740137264,5.848736589143033,0.551359385291833,0.576604274136284,0.7607055170682526,0.43585838447996034,0.37043436032481325,0.7433628318584071,-0.2427547696339211,-0.23274215893219724,-0.8477515761871145,1.6039889186576557,1.7665195063763832,1.7759722805033276,-1.059752824720207,-0.7131482916488626,1.9320061958838068
36005,2021,7,12.0,4.25,0.0,0.0,741.675304467413,852.6666666666666,Bronx,2.5,31,3.4339872044851463,2.5649493574615367,1.6582280766035324,6.610258943102379,0.551359385291833,0.576604274136284,0.7607055170682526,0.43585838447996034,0.37043436032481325,0.7433628318584071,-0.2427547696339211,-0.23274215893219724,0.7055049696253382,1.6039889186576557,1.7665195063763832,1.7759722805033276,-1.059752824720207,-0.7131482916488626,1.9320061958838068
36005,2021,8,10.0,4.075,0.0,0.0,606.8801851090086,741.0,Bronx,2.5,31,3.4339872044851463,2.3978952727983707,1.6243265249278511,6.409977798581066,0.551359385291833,0.576604274136284,0.7607055170682526,0.43585838447996034,0.37043436032481325,0.7433628318584071,-0.2427547696339211,-0.23274215893219724,0.2969969368497864,1.6039889186576557,1.7665195063763832,1.7759722805033276,-1.059752824720207,-0.7131482916488626,1.9320061958838068
36005,2021,9,3.0,16.166666666666668,0.0,0.0,905.013986013986,1533.0,Bronx,2.5,30,3.4011973816621555,1.3862943611198906,2.842969519001581,6.809054743025358,0.551359385291833,0.576604274136284,0.7607055170682526,0.43585838447996034,0.37043436032481325,0.7433628318584071,-0.2427547696339211,-0.23274215893219724,1.1109833852029771,1.6039889186576557,1.7665195063763832,1.7759722805033276,-1.059752824720207,-0.7131482916488626,1.9320061958838068
36005,2021,10,9.0,1.7222222222222223,0.0,0.0,365.0248917748918,374.0,Bronx,2.5,31,3.4339872044851463,2.302585092994046,1.001448540214462,5.902701341402682,0.551359385291833,0.576604274136284,0.7607055170682526,0.43585838447996034,0.37043436032481325,0.7433628318584071,-0.2427547696339211,-0.23274215893219724,-0.7376811307764971,1.6039889186576557,1.7665195063763832,1.7759722805033276,-1.059752824720207,-0.7131482916488626,1.9320061958838068
36005,2021,11,9.0,2.361111111111111,0.0,0.0,515.6147073524266,580.3333333333334,Bronx,2.5,30,3.4011973816621555,2.302585092994046,1.2122716071406312,6.247297349773383,0.551359385291833,0.576604274136284,0.7607055170682526,0.43585838447996034,0.37043436032481325,0.7433628318584071,-0.2427547696339211,-0.23274215893219724,-0.03481797399619235,1.6039889186576557,1.7665195063763832,1.7759722805033276,-1.059752824720207,-0.7131482916488626,1.9320061958838068
36005,2021,12,3.0,5.5,0.0,0.0,361.7870651806822,407.3333333333333,Bronx,2.5,31,3.4339872044851463,1.3862943611198906,1.8718021769015913,5.893816064850948,0.551359385291833,0.576604274136284,0.7607055170682526,0.43585838447996034,0.37043436032481325,0.7433628318584071,-0.2427547696339211,-0.23274215893219724,-0.7558041890079186,1.6039889186576557,1.7665195063763832,1.7759722805033276,-1.059752824720207,-0.7131482916488626,1.9320061958838068
36005,2022,1,24.0,2.0625,0.0,0.0,476.61530606102974,499.4583333333333,Bronx,3.5,31,3.4339872044851463,3.2188758248682006,1.1192315758708453,6.168805609431348,0.551359385291833,0.576604274136284,0.7607055170682526,0.43585838447996034,0.37043436032481325,0.7433628318584071,-0.2427547696339211,-0.23274215893219724,-0.19491545353122677,1.6039889186576557,1.7665195063763832,1.7759722805033276,-1.059752824720207,-0.7131482916488626,1.9320061958838068
36005,2022,2,19.0,2.013157894736842,1.0,0.05263157894736842,379.74152510906896,396.5263157894737,Bronx,3.5,28,3.332204510175204,2.995732273553991,1.1029886632679085,5.942120733114073,0.551359385291833,0.576604274136284,0.7607055170682526,0.43585838447996034,0.37043436032481325,0.7433628318584071,1.7255271463167905,0.7943308361433894,-0.6572784638169245,1.6039889186576557,1.7665195063763832,1.7759722805033276,-1.059752824720207,-0.7131482916488626,1.9320061958838068
36005,2022,3,8.0,2.40625,0.0,0.0,396.2304529352227,406.125,Bronx,3.5,31,3.4339872044851463,2.1972245773362196,1.2256119794294171,5.984516598253303,0.551359385291833,0.576604274136284,0.7607055170682526,0.43585838447996034,0.37043436032481325,0.7433628318584071,-0.2427547696339211,-0.23274215893219724,-0.5708047645216743,1.6039889186576557,1.7665195063763832,1.7759722805033276,-1.059752824720207,-0.7131482916488626,1.9320061958838068
36005,2022,4,8.0,1.75,2.0,0.25,413.88124999999997,432.375,Bronx,3.5,30,3.4011973816621555,2.1972245773362196,1.0116009116784799,6.027992334705214,0.551359385291833,0.576604274136284,0.7607055170682526,0.43585838447996034,0.37043436032481325,0.7433628318584071,3.6938090622675017,4.64585456767684,-0.4821284809210057,1.6039889186576557,1.7665195063763832,1.7759722805033276,-1.059752824720207,-0.7131482916488626,1.9320061958838068
36005,2022,5,12.0,1.875,0.0,0.0,641.505518419489,693.3333333333334,Bronx,3.5,31,3.4339872044851463,2.5649493574615367,1.0560526742493137,6.46537540571224,0.551359385291833,0.576604274136284,0.7607055170682526,0.43585838447996034,0.37043436032481325,0.7433628318584071,-0.2427547696339211,-0.23274215893219724,0.4099899375824163,1.6039889186576557,1.7665195063763832,1.7759722805033276,-1.059752824720207,-0.7131482916488626,1.9320061958838068
36005,2022,6,11.0,3.0,0.0,0.0,460.14180884474996,471.1818181818182,Bronx,3.5,30,3.4011973816621555,2.4849066497880004,1.3862943611198906,6.133705607070867,0.551359385291833,0.576604274136284,0.7607055170682526,0.43585838447996034,0.37043436032481325,0.7433628318584071,-0.2427547696339211,-0.23274215893219724,-0.26650797887337785,1.6039889186576557,1.7665195063763832,1.7759722805033276,-1.059752824720207,-0.7131482916488626,1.9320061958838068
36005,2022,7,24.0,2.4791666666666665,0.0,0.0,497.28121672510866,600.75,Bronx,3.5,31,3.4339872044851463,3.2188758248682006,1.246792801508864,6.211164609865093,0.551359385291833,0.576604274136284,0.7607055170682526,0.43585838447996034,0.37043436032481325,0.7433628318584071,-0.2427547696339211,-0.23274215893219724,-0.10851694617854686,1.6039889186576557,1.7665195063763832,1.7759722805033276,-1.059752824720207,-0.7131482916488626,1.9320061958838068
36005,2022,8,15.0,4.816666666666666,0.0,0.0,856.1439168445195,1071.5333333333333,Bronx,3.5,31,3.4339872044851463,2.772588722239781,1.7607273599803264,6.753605835472721,0.551359385291833,0.576604274136284,0.7607055170682526,0.43585838447996034,0.37043436032481325,0.7433628318584071,-0.2427547696339211,-0.23274215893219724,0.9978857483883896,1.6039889186576557,1.7665195063763832,1.7759722805033276,-1.059752824720207,-0.7131482916488626,1.9320061958838068
36005,2022,9,13.0,2.1346153846153846,0.0,0.0,546.8750457875458,672.6153846153846,Bronx,3.5,30,3.4011973816621555,2.6390573296152584,1.142506482225335,6.306047242311949,0.551359385291833,0.576604274136284,0.7607055170682526,0.43585838447996034,0.37043436032481325,0.7433628318584071,-0.2427547696339211,-0.23274215893219724,0.08501259260090648,1.6039889186576557,1.7665195063763832,1.7759722805033276,-1.059752824720207,-0.7131482916488626,1.9320061958838068
36005,2022,10,6.0,0.625,0.0,0.0,431.26666666666665,441.5,Bronx,3.5,31,3.4339872044851463,1.9459101490553132,0.4855078157817008,6.0690426817533565,0.551359385291833,0.576604274136284,0.7607055170682526,0.43585838447996034,0.37043436032481325,0.7433628318584071,-0.2427547696339211,-0.23274215893219724,-0.398399198479214,1.6039889186576557,1.7665195063763832,1.7759722805033276,-1.059752824720207,-0.7131482916488626,1.9320061958838068
36005,2022,11,7.0,2.4285714285714284,0.0,0.0,551.3751336898396,650.5714285714286,Bronx,3.5,30,3.4011973816621555,2.0794415416798357,1.2321436812926323,6.314227405478192,0.551359385291833,0.576604274136284,0.7607055170682526,0.43585838447996034,0.37043436032481325,0.7433628318584071,-0.2427547696339211,-0.23274215893219724,0.10169745013361116,1.6039889186576557,1.7665195063763832,1.7759722805033276,-1.059752824720207,-0.7131482916488626,1.9320061958838068
36005,2022,12,8.0,1.1875,1.0,0.125,475.36875,476.625,Bronx,3.5,31,3.4339872044851463,2.1972245773362196,0.7827593392496325,6.166192239191925,0.551359385291833,0.576604274136284,0.7607055170682526,0.43585838447996034,0.37043436032481325,0.7433628318584071,1.7255271463167905,2.2065562043723213,-0.20024587411561376,1.6039889186576557,1.7665195063763832,1.7759722805033276,-1.059752824720207,-0.7131482916488626,1.9320061958838068
36005,2023,1,7.0,1.3214285714285714,0.0,0.0,1778.9797979797981,1783.7142857142858,Bronx,4.5,31,3.4339872044851463,2.0794415416798357,0.8421827597204332,7.484357293772174,0.551359385291833,0.576604274136284,0.7607055170682526,0.43585838447996034,0.37043436032481325,0.7433628318584071,-0.2427547696339211,-0.23274215893219724,2.4883797306913897,1.6039889186576557,1.7665195063763832,1.7759722805033276,-1.059752824720207,-0.7131482916488626,1.9320061958838068
36005,2023,2,3.0,1.3333333333333333,0.0,0.0,364.7,409.0,Bronx,4.5,28,3.332204510175204,1.3862943611198906,0.8472978603872036,5.901813325155335,0.551359385291833,0.576604274136284,0.7607055170682526,0.43585838447996034,0.37043436032481325,0.7433628318584071,-0.2427547696339211,-0.23274215893219724,-0.7394923934949283,1.6039889186576557,1.7665195063763832,1.7759722805033276,-1.059752824720207,-0.7131482916488626,1.9320061958838068
36005,2023,3,5.0,2.75,1.0,0.2,439.36756756756756,679.0,Bronx,4.5,31,3.4339872044851463,1.791759469228055,1.3217558399823195,6.087609759011323,0.551359385291833,0.576604274136284,0.7607055170682526,0.43585838447996034,0.37043436032481325,0.7433628318584071,1.7255271463167905,3.6701352223550323,-0.3605284332448146,1.6039889186576557,1.7665195063763832,1.7759722805033276,-1.059752824720207,-0.7131482916488626,1.9320061958838068
36005,2023,4,8.0,1.6875,0.0,0.0,465.4983918128655,485.75,Bronx,4.5,30,3.4011973816621555,2.1972245773362196,0.9886113934537812,6.145254572934973,0.551359385291833,0.576604274136284,0.7607055170682526,0.43585838447996034,0.37043436032481325,0.7433628318584071,-0.2427547696339211,-0.23274215893219724,-0.24295186560563253,1.6039889186576557,1.7665195063763832,1.7759722805033276,-1.059752824720207,-0.7131482916488626,1.9320061958838068
36005,2023,5,4.0,1.875,0.0,0.0,571.9791666666666,588.25,Bronx,4.5,31,3.4339872044851463,1.6094379124341003,1.0560526742493137,6.350849357705882,0.551359385291833,0.576604274136284,0.7607055170682526,0.43585838447996034,0.37043436032481325,0.7433628318584071,-0.2427547696339211,-0.23274215893219724,0.176394255450408,1.6039889186576557,1.7665195063763832,1.7759722805033276,-1.059752824720207,-0.7131482916488626,1.9320061958838068
36005,2023,6,8.0,1.53125,0.0,0.0,731.7598214285714,741.375,Bronx,4.5,30,3.4011973816621555,2.1972245773362196,0.9287132518727123,6.596817983020208,0.551359385291833,0.576604274136284,0.7607055170682526,0.43585838447996034,0.37043436032481325,0.7433628318584071,-0.2427547696339211,-0.23274215893219724,0.6780898069303888,1.6039889186576557,1.7665195063763832,1.7759722805033276,-1.059752824720207,-0.7131482916488626,1.9320061958838068
36005,2023,7,14.0,2.5535714285714284,0.0,0.0,676.137779370388,735.0,Bronx,4.5,31,3.4339872044851463,2.70805020110221,1.267953133989343,6.5178747667855905,0.551359385291833,0.576604274136284,0.7607055170682526,0.43585838447996034,0.37043436032481325,0.7433628318584071,-0.2427547696339211,-0.23274215893219724,0.5170714642299018,1.6039889186576557,1.7665195063763832,1.7759722805033276,-1.059752824720207,-0.7131482916488626,1.9320061958838068
36005,2023,8,13.0,1.9423076923076923,0.0,0.0,408.8037451054692,451.0769230769231,Bronx,4.5,31,3.4339872044851463,2.6390573296152584,1.0791942028110082,6.0156783746246045,0.551359385291833,0.576604274136284,0.7607055170682526,0.43585838447996034,0.37043436032481325,0.7433628318584071,-0.2427547696339211,-0.23274215893219724,-0.5072449321986802,1.6039889186576557,1.7665195063763832,1.7759722805033276,-1.059752824720207,-0.7131482916488626,1.9320061958838068
36005,2023,9,18.0,1.4444444444444444,0.0,0.0,584.8806483802098,605.8888888888889,Bronx,4.5,30,3.4011973816621555,2.9444389791664403,0.8938178760220965,6.373116097126987,0.551359385291833,0.576604274136284,0.7607055170682526,0.43585838447996034,0.37043436032481325,0.7433628318584071,-0.2427547696339211,-0.23274215893219724,0.2218111215212597,1.6039889186576557,1.7665195063763832,1.7759722805033276,-1.059752824720207,-0.7131482916488626,1.9320061958838068
36005,2023,10,10.0,1.725,0.0,0.0,752.0291666666666,771.2,Bronx,4.5,31,3.4339872044851463,2.3978952727983707,1.0024684281152074,6.62410396100283,0.551359385291833,0.576604274136284,0.7607055170682526,0.43585838447996034,0.37043436032481325,0.7433628318584071,-0.2427547696339211,-0.23274215893219724,0.7337442781222674,1.6039889186576557,1.7665195063763832,1.7759722805033276,-1.059752824720207,-0.7131482916488626,1.9320061958838068
36005,2023,11,2.0,2.25,0.0,0.0,595.0357142857142,819.0,Bronx,4.5,30,3.4011973816621555,1.0986122886681098,1.1786549963416462,6.3903005885681985,0.551359385291833,0.576604274136284,0.7607055170682526,0.43585838447996034,0.37043436032481325,0.7433628318584071,-0.2427547696339211,-0.23274215893219724,0.2568618638648586,1.6039889186576557,1.7665195063763832,1.7759722805033276,-1.059752824720207,-0.7131482916488626,1.9320061958838068
36005,2023,12,9.0,3.361111111111111,0.0,0.0,503.6976933073424,726.3333333333334,Bronx,4.5,31,3.4339872044851463,2.302585092994046,1.472726866892198,6.223959622912436,0.551359385291833,0.576604274136284,0.7607055170682526,0.43585838447996034,0.37043436032481325,0.7433628318584071,-0.2427547696339211,-0.23274215893219724,-0.08241930417734739,1.6039889186576557,1.7665195063763832,1.7759722805033276,-1.059752824720207,-0.7131482916488626,1.9320061958838068
36047,2014,1,0.0,,0.0,0.0,,,Brooklyn,-4.5,31,3.4339872044851463,0.0,,,0.5076602318928857,0.530861117550339,0.5859957100040735,0.4706883343823766,0.38631741407448117,0.25229960578186594,-0.2427547696339211,-0.23274215893219724,,0.32750739913038424,0.2766753245430277,0.11485106234907058,0.12901449892103423,-0.4665525305475867,-0.06704745828641666
36047,2014,2,0.0,,0.0,0.0,,,Brooklyn,-4.5,28,3.332204510175204,0.0,,,0.5076602318928857,0.530861117550339,0.5859957100040735,0.4706883343823766,0.38631741407448117,0.25229960578186594,-0.2427547696339211,-0.23274215893219724,,0.32750739913038424,0.2766753245430277,0.11485106234907058,0.12901449892103423,-0.4665525305475867,-0.06704745828641666
36047,2014,3,0.0,,0.0,0.0,,,Brooklyn,-4.5,31,3.4339872044851463,0.0,,,0.5076602318928857,0.530861117550339,0.5859957100040735,0.4706883343823766,0.38631741407448117,0.25229960578186594,-0.2427547696339211,-0.23274215893219724,,0.32750739913038424,0.2766753245430277,0.11485106234907058,0.12901449892103423,-0.4665525305475867,-0.06704745828641666
36047,2014,4,0.0,,0.0,0.0,,,Brooklyn,-4.5,30,3.4011973816621555,0.0,,,0.5076602318928857,0.530861117550339,0.5859957100040735,0.4706883343823766,0.38631741407448117,0.25229960578186594,-0.2427547696339211,-0.23274215893219724,,0.32750739913038424,0.2766753245430277,0.11485106234907058,0.12901449892103423,-0.4665525305475867,-0.06704745828641666
36047,2014,5,0.0,,0.0,0.0,,,Brooklyn,-4.5,31,3.4339872044851463,0.0,,,0.5076602318928857,0.530861117550339,0.5859957100040735,0.4706883343823766,0.38631741407448117,0.25229960578186594,-0.2427547696339211,-0.23274215893219724,,0.32750739913038424,0.2766753245430277,0.11485106234907058,0.12901449892103423,-0.4665525305475867,-0.06704745828641666
36047,2014,6,0.0,,0.0,0.0,,,Brooklyn,-4.5,30,3.4011973816621555,0.0,,,0.5076602318928857,0.530861117550339,0.5859957100040735,0.4706883343823766,0.38631741407448117,0.25229960578186594,-0.2427547696339211,-0.23274215893219724,,0.32750739913038424,0.2766753245430277,0.11485106234907058,0.12901449892103423,-0.4665525305475867,-0.06704745828641666
36047,2014,7,0.0,,0.0,0.0,,,Brooklyn,-4.5,31,3.4339872044851463,0.0,,,0.5076602318928857,0.530861117550339,0.5859957100040735,0.4706883343823766,0.38631741407448117,0.25229960578186594,-0.2427547696339211,-0.23274215893219724,,0.32750739913038424,0.2766753245430277,0.11485106234907058,0.12901449892103423,-0.4665525305475867,-0.06704745828641666
36047,2014,8,0.0,,0.0,0.0,,,Brooklyn,-4.5,31,3.4339872044851463,0.0,,,0.5076602318928857,0.530861117550339,0.5859957100040735,0.4706883343823766,0.38631741407448117,0.25229960578186594,-0.2427547696339211,-0.23274215893219724,,0.32750739913038424,0.2766753245430277,0.11485106234907058,0.12901449892103423,-0.4665525305475867,-0.06704745828641666
36047,2014,9,0.0,,0.0,0.0,,,Brooklyn,-4.5,30,3.4011973816621555,0.0,,,0.5076602318928857,0.530861117550339,0.5859957100040735,0.4706883343823766,0.38631741407448117,0.25229960578186594,-0.2427547696339211,-0.23274215893219724,,0.32750739913038424,0.2766753245430277,0.11485106234907058,0.12901449892103423,-0.4665525305475867,-0.06704745828641666
36047,2014,10,0.0,,0.0,0.0,,,Brooklyn,-4.5,31,3.4339872044851463,0.0,,,0.5076602318928857,0.530861117550339,0.5859957100040735,0.4706883343823766,0.38631741407448117,0.25229960578186594,-0.2427547696339211,-0.23274215893219724,,0.32750739913038424,0.2766753245430277,0.11485106234907058,0.12901449892103423,-0.4665525305475867,-0.06704745828641666
36047,2014,11,6.0,1.0,0.0,0.0,650.8902777777778,656.3333333333334,Brooklyn,-4.5,30,3.4011973816621555,1.9459101490553132,0.6931471805599453,6.479876262148134,0.5076602318928857,0.530861117550339,0.5859957100040735,0.4706883343823766,0.38631741407448117,0.25229960578186594,-0.2427547696339211,-0.23274215893219724,0.4395669421993318,0.32750739913038424,0.2766753245430277,0.11485106234907058,0.12901449892103423,-0.4665525305475867,-0.06704745828641666
36047,2014,12,1.0,1.5,0.0,0.0,348.3333333333333,454.0,Brooklyn,-4.5,31,3.4339872044851463,0.6931471805599453,0.9162907318741551,5.856026576212877,0.5076602318928857,0.530861117550339,0.5859957100040735,0.4706883343823766,0.38631741407448117,0.25229960578186594,-0.2427547696339211,-0.23274215893219724,-0.8328823867585283,0.32750739913038424,0.2766753245430277,0.11485106234907058,0.12901449892103423,-0.4665525305475867,-0.06704745828641666
36047,2015,1,19.0,8.763157894736842,0.0,0.0,535.4866161368228,945.3157894736842,Brooklyn,-3.5,31,3.4339872044851463,2.995732273553991,2.2786159028810493,6.285041615136697,0.5076602318928857,0.530861117550339,0.5859957100040735,0.4706883343823766,0.38631741407448117,0.25229960578186594,-0.2427547696339211,-0.23274215893219724,0.04216798306420766,0.32750739913038424,0.2766753245430277,0.11485106234907058,0.12901449892103423,-0.4665525305475867,-0.06704745828641666
36047,2015,2,25.0,9.12,0.0,0.0,402.24793148388073,667.84,Brooklyn,-3.5,28,3.332204510175204,3.258096538021482,2.3145136638593193,5.999551587379963,0.5076602318928857,0.530861117550339,0.5859957100040735,0.4706883343823766,0.38631741407448117,0.25229960578186594,-0.2427547696339211,-0.23274215893219724,-0.5401383039039602,0.32750739913038424,0.2766753245430277,0.11485106234907058,0.12901449892103423,-0.4665525305475867,-0.06704745828641666
36047,2015,3,18.0,13.666666666666666,0.0,0.0,411.6990142478797,571.7777777777778,Brooklyn,-3.5,31,3.4339872044851463,2.9444389791664403,2.6855773452501515,6.022718548211656,0.5076602318928857,0.530861117550339,0.5859957100040735,0.4706883343823766,0.38631741407448117,0.25229960578186594,-0.2427547696339211,-0.23274215893219724,-0.4928852805733686,0.32750739913038424,0.2766753245430277,0.11485106234907058,0.12901449892103423,-0.4665525305475867,-0.06704745828641666
36047,2015,4,5.0,2.0,0.0,0.0,1100.4633333333334,1281.2,Brooklyn,-3.5,30,3.4011973816621555,1.791759469228055,1.0986122886681098,7.0043948777476555,0.5076602318928857,0.530861117550339,0.5859957100040735,0.4706883343823766,0.38631741407448117,0.25229960578186594,-0.2427547696339211,-0.23274215893219724,1.5094133739482478,0.32750739913038424,0.2766753245430277,0.11485106234907058,0.12901449892103423,-0.4665525305475867,-0.06704745828641666
36047,2015,5,1.0,0.25,0.0,0.0,779.0,779.0,Brooklyn,-3.5,31,3.4339872044851463,0.6931471805599453,0.22314355131420976,6.659293919683638,0.5076602318928857,0.530861117550339,0.5859957100040735,0.4706883343823766,0.38631741407448117,0.25229960578186594,-0.2427547696339211,-0.23274215893219724,0.8055202849376262,0.32750739913038424,0.2766753245430277,0.11485106234907058,0.12901449892103423,-0.4665525305475867,-0.06704745828641666
36047,2015,6,34.0,2.125,0.0,0.0,585.8072211779448,723.1470588235294,Brooklyn,-3.5,30,3.4011973816621555,3.5553480614894135,1.1394342831883648,6.374696352222325,0.5076602318928857,0.530861117550339,0.5859957100040735,0.4706883343823766,0.38631741407448117,0.25229960578186594,-0.2427547696339211,-0.23274215893219724,0.225034325092535,0.32750739913038424,0.2766753245430277,0.11485106234907058,0.12901449892103423,-0.4665525305475867,-0.06704745828641666
36047,2015,7,17.0,4.338235294117647,0.0,0.0,540.2705500381971,682.0588235294117,Brooklyn,-3.5,31,3.4339872044851463,2.8903717578961645,1.674895129088744,6.293919246333952,0.5076602318928857,0.530861117550339,0.5859957100040735,0.4706883343823766,0.38631741407448117,0.25229960578186594,-0.2427547696339211,-0.23274215893219724,0.06027544727291017,0.32750739913038424,0.2766753245430277,0.11485106234907058,0.12901449892103423,-0.4665525305475867,-0.06704745828641666
36047,2015,8,6.0,0.7083333333333334,0.0,0.0,431.25,432.3333333333333,Brooklyn,-3.5,31,3.4339872044851463,1.9459101490553132,0.5355182363563622,6.0690041245634,0.5076602318928857,0.530861117550339,0.5859957100040735,0.4706883343823766,0.38631741407448117,0.25229960578186594,-0.2427547696339211,-0.23274215893219724,-0.39847784253657687,0.32750739913038424,0.2766753245430277,0.11485106234907058,0.12901449892103423,-0.4665525305475867,-0.06704745828641666
36047,2015,9,10.0,2.525,0.0,0.0,527.1484415584416,676.8,Brooklyn,-3.5,30,3.4011973816621555,2.3978952727983707,1.259880436264232,6.26937738350924,0.5076602318928857,0.530861117550339,0.5859957100040735,0.4706883343823766,0.38631741407448117,0.25229960578186594,-0.2427547696339211,-0.23274215893219724,0.010218073538940145,0.32750739913038424,0.2766753245430277,0.11485106234907058,0.12901449892103423,-0.4665525305475867,-0.06704745828641666
36047,2015,10,2.0,1.125,0.0,0.0,678.4166666666666,749.0,Brooklyn,-3.5,31,3.4339872044851463,1.0986122886681098,0.7537718023763802,6.52123458687491,0.5076602318928857,0.530861117550339,0.5859957100040735,0.4706883343823766,0.38631741407448117,0.25229960578186594,-0.2427547696339211,-0.23274215893219724,0.5239243983812827,0.32750739913038424,0.2766753245430277,0.11485106234907058,0.12901449892103423,-0.4665525305475867,-0.06704745828641666
36047,2015,11,2.0,1.0,0.0,0.0,1391.9166666666667,1417.5,Brooklyn,-3.5,30,3.4011973816621555,1.0986122886681098,0.6931471805599453,7.239155149066199,0.5076602318928857,0.530861117550339,0.5859957100040735,0.4706883343823766,0.38631741407448117,0.25229960578186594,-0.2427547696339211,-0.23274215893219724,1.9882475489745806,0.32750739913038424,0.2766753245430277,0.11485106234907058,0.12901449892103423,-0.4665525305475867,-0.06704745828641666
36047,2015,12,3.0,1.25,0.0,0.0,527.9523809523808,1711.3333333333333,Brooklyn,-3.5,31,3.4339872044851463,1.3862943611198906,0.8109302162163288,6.270898410703267,0.5076602318928857,0.530861117550339,0.5859957100040735,0.4706883343823766,0.38631741407448117,0.25229960578186594,-0.2427547696339211,-0.23274215893219724,0.013320471562054743,0.32750739913038424,0.2766753245430277,0.11485106234907058,0.12901449892103423,-0.4665525305475867,-0.06704745828641666
36047,2016,1,13.0,7.846153846153846,0.0,0.0,1232.857595013682,1590.0,Brooklyn,-2.5,31,3.4339872044851463,2.6390573296152584,2.1799827709017134,7.117900796682677,0.5076602318928857,0.530861117550339,0.5859957100040735,0.4706883343823766,0.38631741407448117,0.25229960578186594,-0.2427547696339211,-0.23274215893219724,1.7409283264084503,0.32750739913038424,0.2766753245430277,0.11485106234907058,0.12901449892103423,-0.4665525305475867,-0.06704745828641666
36047,2016,2,7.0,6.75,0.0,0.0,547.8573102394295,816.1428571428571,Brooklyn,-2.5,29,3.367295829986474,2.0794415416798357,2.0476928433652555,6.307838499238266,0.5076602318928857,0.530861117550339,0.5859957100040735,0.4706883343823766,0.38631741407448117,0.25229960578186594,-0.2427547696339211,-0.23274215893219724,0.08866617089912537,0.32750739913038424,0.2766753245430277,0.11485106234907058,0.12901449892103423,-0.4665525305475867,-0.06704745828641666
36047,2016,3,7.0,0.7857142857142857,0.0,0.0,337.2333333333333,345.85714285714283,Brooklyn,-2.5,31,3.4339872044851463,2.0794415416798357,0.5798184952529422,5.823735992616927,0.5076602318928857,0.530861117550339,0.5859957100040735,0.4706883343823766,0.38631741407448117,0.25229960578186594,-0.2427547696339211,-0.23274215893219724,-0.8987446166428411,0.32750739913038424,0.2766753245430277,0.11485106234907058,0.12901449892103423,-0.4665525305475867,-0.06704745828641666
36047,2016,4,5.0,1.8,0.0,0.0,1076.2091228070176,1145.0,Brooklyn,-2.5,30,3.4011973816621555,1.791759469228055,1.0296194171811583,6.982128829901784,0.5076602318928857,0.530861117550339,0.5859957100040735,0.4706883343823766,0.38631741407448117,0.25229960578186594,-0.2427547696339211,-0.23274215893219724,1.4639979184646925,0.32750739913038424,0.2766753245430277,0.11485106234907058,0.12901449892103423,-0.4665525305475867,-0.06704745828641666
36047,2016,5,9.0,2.4444444444444446,0.0,0.0,1656.0279835390947,1721.5555555555557,Brooklyn,-2.5,31,3.4339872044851463,2.302585092994046,1.236762627148927,7.4127809053582485,0.5076602318928857,0.530861117550339,0.5859957100040735,0.4706883343823766,0.38631741407448117,0.25229960578186594,-0.2427547696339211,-0.23274215893219724,2.3423873074204122,0.32750739913038424,0.2766753245430277,0.11485106234907058,0.12901449892103423,-0.4665525305475867,-0.06704745828641666
36047,2016,6,10.0,1.125,0.0,0.0,694.6268939393939,751.3,Brooklyn,-2.5,30,3.4011973816621555,2.3978952727983707,0.7537718023763802,6.544813444670335,0.5076602318928857,0.530861117550339,0.5859957100040735,0.4706883343823766,0.38631741407448117,0.25229960578186594,-0.2427547696339211,-0.23274215893219724,0.5720175568067797,0.32750739913038424,0.2766753245430277,0.11485106234907058,0.12901449892103423,-0.4665525305475867,-0.06704745828641666
36047,2016,7,12.0,3.875,0.0,0.0,579.8710437710438,753.25,Brooklyn,-2.5,31,3.4339872044851463,2.5649493574615367,1.5841201044498106,6.364528776572469,0.5076602318928857,0.530861117550339,0.5859957100040735,0.4706883343823766,0.38631741407448117,0.25229960578186594,-0.2427547696339211,-0.23274215893219724,0.20429579607750237,0.32750739913038424,0.2766753245430277,0.11485106234907058,0.12901449892103423,-0.4665525305475867,-0.06704745828641666
36047,2016,8,8.0,2.34375,0.0,0.0,292.1110119047619,337.5,Brooklyn,-2.5,31,3.4339872044851463,2.1972245773362196,1.2070929316621797,5.680551417481111,0.5076602318928857,0.530861117550339,0.5859957100040735,0.4706883343823766,0.38631741407448117,0.25229960578186594,-0.2427547696339211,-0.23274215893219724,-1.1907943213333931,0.32750739913038424,0.2766753245430277,0.11485106234907058,0.12901449892103423,-0.4665525305475867,-0.06704745828641666
36047,2016,9,21.0,3.1666666666666665,0.0,0.0,766.0091465330094,839.952380952381,Brooklyn,-2.5,30,3.4011973816621555,3.091042453358316,1.4271163556401456,6.642498726371785,0.5076602318928857,0.530861117550339,0.5859957100040735,0.4706883343823766,0.38631741407448117,0.25229960578186594,-0.2427547696339211,-0.23274215893219724,0.7712635834577722,0.32750739913038424,0.2766753245430277,0.11485106234907058,0.12901449892103423,-0.4665525305475867,-0.06704745828641666
36047,2016,10,4.0,3.5625,0.0,0.0,682.4635416666666,768.25,Brooklyn,-2.5,31,3.4339872044851463,1.6094379124341003,1.5178707189086098,6.527173314092719,0.5076602318928857,0.530861117550339,0.5859957100040735,0.4706883343823766,0.38631741407448117,0.25229960578186594,-0.2427547696339211,-0.23274215893219724,0.536037459641923,0.32750739913038424,0.2766753245430277,0.11485106234907058,0.12901449892103423,-0.4665525305475867,-0.06704745828641666
36047,2016,11,2.0,2.0,0.0,0.0,298.5,300.5,Brooklyn,-2.5,30,3.4011973816621555,1.0986122886681098,1.0986122886681098,5.702114417555504,0.5076602318928857,0.530861117550339,0.5859957100040735,0.4706883343823766,0.38631741407448117,0.25229960578186594,-0.2427547696339211,-0.23274215893219724,-1.1468128533715314,0.32750739913038424,0.2766753245430277,0.11485106234907058,0.12901449892103423,-0.4665525305475867,-0.06704745828641666
36047,2016,12,8.0,4.53125,0.0,0.0,642.3677617521367,727.875,Brooklyn,-2.5,31,3.4339872044851463,2.1972245773362196,1.7104138297741025,6.466716507475805,0.5076602318928857,0.530861117550339,0.5859957100040735,0.4706883343823766,0.38631741407448117,0.25229960578186594,-0.2427547696339211,-0.23274215893219724,0.41272534657209137,0.32750739913038424,0.2766753245430277,0.11485106234907058,0.12901449892103423,-0.4665525305475867,-0.06704745828641666
36047,2017,1,15.0,7.133333333333334,0.0,0.0,356.62102238168904,482.4,Brooklyn,-1.5,31,3.4339872044851463,2.772588722239781,2.0959708436310467,5.879473828992277,0.5076602318928857,0.530861117550339,0.5859957100040735,0.4706883343823766,0.38631741407448117,0.25229960578186594,-0.2427547696339211,-0.23274215893219724,-0.7850576595242355,0.32750739913038424,0.2766753245430277,0.11485106234907058,0.12901449892103423,-0.4665525305475867,-0.06704745828641666
36047,2017,2,5.0,24.85,0.0,0.0,395.88510338357025,653.4,Brooklyn,-1.5,28,3.332204510175204,1.791759469228055,3.2523106009544382,5.983646826667353,0.5076602318928857,0.530861117550339,0.5859957100040735,0.4706883343823766,0.38631741407448117,0.25229960578186594,-0.2427547696339211,-0.23274215893219724,-0.5725788140977834,0.32750739913038424,0.2766753245430277,0.11485106234907058,0.12901449892103423,-0.4665525305475867,-0.06704745828641666
36047,2017,3,18.0,5.777777777777778,0.0,0.0,271.5574550395477,302.8888888888889,Brooklyn,-1.5,31,3.4339872044851463,2.9444389791664403,1.9136492868370918,5.607849436060614,0.5076602318928857,0.530861117550339,0.5859957100040735,0.4706883343823766,0.38631741407448117,0.25229960578186594,-0.2427547696339211,-0.23274215893219724,-1.3390825862120248,0.32750739913038424,0.2766753245430277,0.11485106234907058,0.12901449892103423,-0.4665525305475867,-0.06704745828641666
36047,2017,4,7.0,2.0714285714285716,0.0,0.0,324.3858818889875,362.0,Brooklyn,-1.5,30,3.4011973816621555,2.0794415416798357,1.122142786078304,5.785011806901434,0.5076602318928857,0.530861117550339,0.5859957100040735,0.4706883343823766,0.38631741407448117,0.25229960578186594,-0.2427547696339211,-0.23274215893219724,-0.9777292907382503,0.32750739913038424,0.2766753245430277,0.11485106234907058,0.12901449892103423,-0.4665525305475867,-0.06704745828641666
36047,2017,5,6.0,3.0833333333333335,0.0,0.0,230.7545948203843,239.5,Brooklyn,-1.5,31,3.4339872044851463,1.9459101490553132,1.4069136483226263,5.445679030874595,0.5076602318928857,0.530861117550339,0.5859957100040735,0.4706883343823766,0.38631741407448117,0.25229960578186594,-0.2427547696339211,-0.23274215893219724,-1.6698571748798312,0.32750739913038424,0.2766753245430277,0.11485106234907058,0.12901449892103423,-0.4665525305475867,-0.06704745828641666
36047,2017,6,9.0,4.888888888888889,0.0,0.0,499.2872869097134,729.8888888888889,Brooklyn,-1.5,30,3.4011973816621555,2.302585092994046,1.7730673362159026,6.215182507237283,0.5076602318928857,0.530861117550339,0.5859957100040735,0.4706883343823766,0.38631741407448117,0.25229960578186594,-0.2427547696339211,-0.23274215893219724,-0.10032174959461308,0.32750739913038424,0.2766753245430277,0.11485106234907058,0.12901449892103423,-0.4665525305475867,-0.06704745828641666
36047,2017,7,5.0,1.5,0.0,0.0,413.70476190476194,429.4,Brooklyn,-1.5,31,3.4339872044851463,1.791759469228055,0.9162907318741551,6.0275668499565125,0.5076602318928857,0.530861117550339,0.5859957100040735,0.4706883343823766,0.38631741407448117,0.25229960578186594,-0.2427547696339211,-0.23274215893219724,-0.4829963306533581,0.32750739913038424,0.2766753245430277,0.11485106234907058,0.12901449892103423,-0.4665525305475867,-0.06704745828641666
36047,2017,8,5.0,1.3,0.0,0.0,341.58909090909094,348.8,Brooklyn,-1.5,31,3.4339872044851463,1.791759469228055,0.832909122935104,5.836531743319685,0.5076602318928857,0.530861117550339,0.5859957100040735,0.4706883343823766,0.38631741407448117,0.25229960578186594,-0.2427547696339211,-0.23274215893219724,-0.8726454700658475,0.32750739913038424,0.2766753245430277,0.11485106234907058,0.12901449892103423,-0.4665525305475867,-0.06704745828641666
36047,2017,9,1.0,1.5,0.0,0.0,324.0,324.0,Brooklyn,-1.5,30,3.4011973816621555,0.6931471805599453,0.9162907318741551,5.783825182329737,0.5076602318928857,0.530861117550339,0.5859957100040735,0.4706883343823766,0.38631741407448117,0.25229960578186594,-0.2427547696339211,-0.23274215893219724,-0.9801496167783544,0.32750739913038424,0.2766753245430277,0.11485106234907058,0.12901449892103423,-0.4665525305475867,-0.06704745828641666
36047,2017,10,7.0,2.4642857142857144,0.0,0.0,393.9179138321996,402.42857142857144,Brooklyn,-1.5,31,3.4339872044851463,2.0794415416798357,1.242506468328179,5.978677930221952,0.5076602318928857,0.530861117550339,0.5859957100040735,0.4706883343823766,0.38631741407448117,0.25229960578186594,-0.2427547696339211,-0.23274215893219724,-0.5827137377663465,0.32750739913038424,0.2766753245430277,0.11485106234907058,0.12901449892103423,-0.4665525305475867,-0.06704745828641666
36047,2017,11,2.0,1.0,0.0,0.0,1718.1666666666667,2061.0,Brooklyn,-1.5,30,3.4011973816621555,1.0986122886681098,0.6931471805599453,7.449594956277298,0.5076602318928857,0.530861117550339,0.5859957100040735,0.4706883343823766,0.38631741407448117,0.25229960578186594,-0.2427547696339211,-0.23274215893219724,2.417475931241609,0.32750739913038424,0.2766753245430277,0.11485106234907058,0.12901449892103423,-0.4665525305475867,-0.06704745828641666
36047,2017,12,12.0,6.541666666666667,0.0,0.0,395.0529227459783,541.75,Brooklyn,-1.5,31,3.4339872044851463,2.5649493574615367,2.0204432009178803,5.981547845622936,0.5076602318928857,0.530861117550339,0.5859957100040735,0.4706883343823766,0.38631741407448117,0.25229960578186594,-0.2427547696339211,-0.23274215893219724,-0.5768600489555986,0.32750739913038424,0.2766753245430277,0.11485106234907058,0.12901449892103423,-0.4665525305475867,-0.06704745828641666
36047,2018,1,26.0,3.3846153846153846,0.0,0.0,336.57876403596833,367.0769230769231,Brooklyn,-0.5,31,3.4339872044851463,3.295836866004329,1.4781019103730133,5.821798858006281,0.5076602318928857,0.530861117550339,0.5859957100040735,0.4706883343823766,0.38631741407448117,0.25229960578186594,-0.2427547696339211,-0.23274215893219724,-0.9026957377077212,0.32750739913038424,0.2766753245430277,0.11485106234907058,0.12901449892103423,-0.4665525305475867,-0.06704745828641666
36047,2018,2,5.0,3.8,0.0,0.0,417.81693693693694,449.0,Brooklyn,-0.5,28,3.332204510175204,1.791759469228055,1.5686159179138452,6.037433919766363,0.5076602318928857,0.530861117550339,0.5859957100040735,0.4706883343823766,0.38631741407448117,0.25229960578186594,-0.2427547696339211,-0.23274215893219724,-0.46287073527135253,0.32750739913038424,0.2766753245430277,0.11485106234907058,0.12901449892103423,-0.4665525305475867,-0.06704745828641666
36047,2018,3,16.0,7.828125,4.0,0.25,518.9116264945069,624.6875,Brooklyn,-0.5,31,3.4339872044851463,2.833213344056216,2.177942647786769,6.253658848083472,0.5076602318928857,0.530861117550339,0.5859957100040735,0.4706883343823766,0.38631741407448117,0.25229960578186594,7.630372894168924,4.64585456767684,-0.02184259797479837,0.32750739913038424,0.2766753245430277,0.11485106234907058,0.12901449892103423,-0.4665525305475867,-0.06704745828641666
36047,2018,4,4.0,2.3125,0.0,0.0,311.23035714285714,422.75,Brooklyn,-0.5,30,3.4011973816621555,1.6094379124341003,1.1977031913123406,5.743741239558097,0.5076602318928857,0.530861117550339,0.5859957100040735,0.4706883343823766,0.38631741407448117,0.25229960578186594,-0.2427547696339211,-0.23274215893219724,-1.061907750559081,0.32750739913038424,0.2766753245430277,0.11485106234907058,0.12901449892103423,-0.4665525305475867,-0.06704745828641666
36047,2018,5,6.0,0.8333333333333334,2.0,0.3333333333333333,824.6666666666666,904.1666666666666,Brooklyn,-0.5,31,3.4339872044851463,1.9459101490553132,0.6061358035703156,6.71619114082125,0.5076602318928857,0.530861117550339,0.5859957100040735,0.4706883343823766,0.38631741407448117,0.25229960578186594,3.6938090622675017,6.272053476546518,0.9215720077938839,0.32750739913038424,0.2766753245430277,0.11485106234907058,0.12901449892103423,-0.4665525305475867,-0.06704745828641666
36047,2018,6,15.0,2.2333333333333334,0.0,0.0,704.9458719058719,810.8,Brooklyn,-0.5,30,3.4011973816621555,2.772588722239781,1.1735135968412274,6.5595385658654815,0.5076602318928857,0.530861117550339,0.5859957100040735,0.4706883343823766,0.38631741407448117,0.25229960578186594,-0.2427547696339211,-0.23274215893219724,0.6020519881866683,0.32750739913038424,0.2766753245430277,0.11485106234907058,0.12901449892103423,-0.4665525305475867,-0.06704745828641666
36047,2018,7,10.0,2.375,1.0,0.1,889.1585714285715,1047.0,Brooklyn,-0.5,31,3.4339872044851463,2.3978952727983707,1.2163953243244932,6.791399617000232,0.5076602318928857,0.530861117550339,0.5859957100040735,0.4706883343823766,0.38631741407448117,0.25229960578186594,1.7255271463167905,1.7186965317114176,1.074972702229468,0.32750739913038424,0.2766753245430277,0.11485106234907058,0.12901449892103423,-0.4665525305475867,-0.06704745828641666
36047,2018,8,15.0,6.216666666666667,0.0,0.0,424.0547573069632,507.26666666666665,Brooklyn,-0.5,31,3.4339872044851463,2.772588722239781,1.9763931657803893,6.0522180013474305,0.5076602318928857,0.530861117550339,0.5859957100040735,0.4706883343823766,0.38631741407448117,0.25229960578186594,-0.2427547696339211,-0.23274215893219724,-0.4327160439872083,0.32750739913038424,0.2766753245430277,0.11485106234907058,0.12901449892103423,-0.4665525305475867,-0.06704745828641666
36047,2018,9,2.0,4.875,0.0,0.0,307.17532467532465,439.0,Brooklyn,-0.5,30,3.4011973816621555,1.0986122886681098,1.7707060600302227,5.730668856979089,0.5076602318928857,0.530861117550339,0.5859957100040735,0.4706883343823766,0.38631741407448117,0.25229960578186594,-0.2427547696339211,-0.23274215893219724,-1.0885711356910328,0.32750739913038424,0.2766753245430277,0.11485106234907058,0.12901449892103423,-0.4665525305475867,-0.06704745828641666
36047,2018,10,2.0,1.25,0.0,0.0,391.9583333333333,393.5,Brooklyn,-0.5,31,3.4339872044851463,1.0986122886681098,0.8109302162163288,5.973703584195939,0.5076602318928857,0.530861117550339,0.5859957100040735,0.4706883343823766,0.38631741407448117,0.25229960578186594,-0.2427547696339211,-0.23274215893219724,-0.5928597767970711,0.32750739913038424,0.2766753245430277,0.11485106234907058,0.12901449892103423,-0.4665525305475867,-0.06704745828641666
36047,2018,11,4.0,2.8125,0.0,0.0,283.2505804953561,298.75,Brooklyn,-0.5,30,3.4011973816621555,1.6094379124341003,1.33828514193353,5.649856174828582,0.5076602318928857,0.530861117550339,0.5859957100040735,0.4706883343823766,0.38631741407448117,0.25229960578186594,-0.2427547696339211,-0.23274215893219724,-1.2534025774501778,0.32750739913038424,0.2766753245430277,0.11485106234907058,0.12901449892103423,-0.4665525305475867,-0.06704745828641666
36047,2018,12,2.0,1.375,0.0,0.0,846.1666666666666,852.5,Brooklyn,-0.5,31,3.4339872044851463,1.0986122886681098,0.8649974374866045,6.741897448218848,0.5076602318928857,0.530861117550339,0.5859957100040735,0.4706883343823766,0.38631741407448117,0.25229960578186594,-0.2427547696339211,-0.23274215893219724,0.9740044676243633,0.32750739913038424,0.2766753245430277,0.11485106234907058,0.12901449892103423,-0.4665525305475867,-0.06704745828641666
36047,2019,1,13.0,3.326923076923077,0.0,0.0,364.86175472227757,396.46153846153845,Brooklyn,0.5,31,3.4339872044851463,2.6390573296152584,1.4648566836229928,5.902255542709409,0.5076602318928857,0.530861117550339,0.5859957100040735,0.4706883343823766,0.38631741407448117,0.25229960578186594,-0.2427547696339211,-0.23274215893219724,-0.7385904143120886,0.32750739913038424,0.2766753245430277,0.11485106234907058,0.12901449892103423,-0.4665525305475867,-0.06704745828641666
36047,2019,2,24.0,4.697916666666667,0.0,0.0,467.80392404926874,579.4583333333334,Brooklyn,0.5,28,3.332204510175204,3.2188758248682006,1.740100610954145,6.150184608640034,0.5076602318928857,0.530861117550339,0.5859957100040735,0.4706883343823766,0.38631741407448117,0.25229960578186594,-0.2427547696339211,-0.23274215893219724,-0.2328962051379374,0.32750739913038424,0.2766753245430277,0.11485106234907058,0.12901449892103423,-0.4665525305475867,-0.06704745828641666
36047,2019,3,6.0,14.791666666666666,0.0,0.0,961.7704491725768,1087.6666666666667,Brooklyn,0.5,31,3.4339872044851463,1.9459101490553132,2.7594823747344805,6.8698150128460505,0.5076602318928857,0.530861117550339,0.5859957100040735,0.4706883343823766,0.38631741407448117,0.25229960578186594,-0.2427547696339211,-0.23274215893219724,1.2349144639607246,0.32750739913038424,0.2766753245430277,0.11485106234907058,0.12901449892103423,-0.4665525305475867,-0.06704745828641666
36047,2019,4,4.0,1.375,0.0,0.0,380.41875,503.75,Brooklyn,0.5,30,3.4011973816621555,1.6094379124341003,0.8649974374866045,5.943897852943799,0.5076602318928857,0.530861117550339,0.5859957100040735,0.4706883343823766,0.38631741407448117,0.25229960578186594,-0.2427547696339211,-0.23274215893219724,-0.653653720572207,0.32750739913038424,0.2766753245430277,0.11485106234907058,0.12901449892103423,-0.4665525305475867,-0.06704745828641666
36047,2019,5,5.0,1.3,0.0,0.0,221.1333333333333,223.2,Brooklyn,0.5,31,3.4339872044851463,1.791759469228055,0.832909122935104,5.403277802184523,0.5076602318928857,0.530861117550339,0.5859957100040735,0.4706883343823766,0.38631741407448117,0.25229960578186594,-0.2427547696339211,-0.23274215893219724,-1.7563418140646447,0.32750739913038424,0.2766753245430277,0.11485106234907058,0.12901449892103423,-0.4665525305475867,-0.06704745828641666
36047,2019,6,12.0,4.625,0.0,0.0,418.38201688281544,464.9166666666667,Brooklyn,0.5,30,3.4011973816621555,2.5649493574615367,1.7272209480904839,6.038782239348274,0.5076602318928857,0.530861117550339,0.5859957100040735,0.4706883343823766,0.38631741407448117,0.25229960578186594,-0.2427547696339211,-0.23274215893219724,-0.46012060429284335,0.32750739913038424,0.2766753245430277,0.11485106234907058,0.12901449892103423,-0.4665525305475867,-0.06704745828641666
36047,2019,7,20.0,7.0125,1.0,0.05,1329.931089436807,2881.4,Brooklyn,0.5,31,3.4339872044851463,3.044522437723423,2.0810028222467882,7.193634043528751,0.5076602318928857,0.530861117550339,0.5859957100040735,0.4706883343823766,0.38631741407448117,0.25229960578186594,1.7255271463167905,0.7429771863896102,1.8953993813783931,0.32750739913038424,0.2766753245430277,0.11485106234907058,0.12901449892103423,-0.4665525305475867,-0.06704745828641666
36047,2019,8,8.0,2.375,0.0,0.0,807.5089743589743,872.625,Brooklyn,0.5,31,3.4339872044851463,2.1972245773362196,1.2163953243244932,6.695191778966657,0.5076602318928857,0.530861117550339,0.5859957100040735,0.4706883343823766,0.38631741407448117,0.25229960578186594,-0.2427547696339211,-0.23274215893219724,0.8787401774622526,0.32750739913038424,0.2766753245430277,0.11485106234907058,0.12901449892103423,-0.4665525305475867,-0.06704745828641666
36047,2019,9,1.0,0.5,0.0,0.0,207.5,209.0,Brooklyn,0.5,30,3.4011973816621555,0.6931471805599453,0.4054651081081644,5.339939041238856,0.5076602318928857,0.530861117550339,0.5859957100040735,0.4706883343823766,0.38631741407448117,0.25229960578186594,-0.2427547696339211,-0.23274215893219724,-1.8855321714205364,0.32750739913038424,0.2766753245430277,0.11485106234907058,0.12901449892103423,-0.4665525305475867,-0.06704745828641666
36047,2019,10,4.0,2.0,0.0,0.0,358.48376623376623,466.25,Brooklyn,0.5,31,3.4339872044851463,1.6094379124341003,1.0986122886681098,5.884669019629043,0.5076602318928857,0.530861117550339,0.5859957100040735,0.4706883343823766,0.38631741407448117,0.25229960578186594,-0.2427547696339211,-0.23274215893219724,-0.7744611697149154,0.32750739913038424,0.2766753245430277,0.11485106234907058,0.12901449892103423,-0.4665525305475867,-0.06704745828641666
36047,2019,11,8.0,3.78125,2.0,0.25,382.771626984127,391.875,Brooklyn,0.5,30,3.4011973816621555,2.1972245773362196,1.564702018592709,5.950047654275307,0.5076602318928857,0.530861117550339,0.5859957100040735,0.4706883343823766,0.38631741407448117,0.25229960578186594,3.6938090622675017,4.64585456767684,-0.641110137151514,0.32750739913038424,0.2766753245430277,0.11485106234907058,0.12901449892103423,-0.4665525305475867,-0.06704745828641666
36047,2019,12,17.0,5.720588235294118,0.0,0.0,578.2394716338304,671.5294117647059,Brooklyn,0.5,31,3.4339872044851463,2.8903717578961645,1.905175685718098,6.361715987288572,0.5076602318928857,0.530861117550339,0.5859957100040735,0.4706883343823766,0.38631741407448117,0.25229960578186594,-0.2427547696339211,-0.23274215893219724,0.19855862586248596,0.32750739913038424,0.2766753245430277,0.11485106234907058,0.12901449892103423,-0.4665525305475867,-0.06704745828641666
36047,2020,1,10.0,1.525,0.0,0.0,316.12619047619046,339.4,Brooklyn,1.5,31,3.4339872044851463,2.3978952727983707,0.9262410627273231,5.759299771877526,0.5076602318928857,0.530861117550339,0.5859957100040735,0.4706883343823766,0.38631741407448117,0.25229960578186594,-0.2427547696339211,-0.23274215893219724,-1.0301734330531793,0.32750739913038424,0.2766753245430277,0.11485106234907058,0.12901449892103423,-0.4665525305475867,-0.06704745828641666
36047,2020,2,4.0,2.75,1.0,0.25,363.2142857142857,548.0,Brooklyn,1.5,29,3.367295829986474,1.6094379124341003,1.3217558399823195,5.897742391439897,0.5076602318928857,0.530861117550339,0.5859957100040735,0.4706883343823766,0.38631741407448117,0.25229960578186594,1.7255271463167905,4.64585456767684,-0.7477957668735252,0.32750739913038424,0.2766753245430277,0.11485106234907058,0.12901449892103423,-0.4665525305475867,-0.06704745828641666
36047,2020,3,5.0,4.3,0.0,0.0,660.2383597883597,904.4,Brooklyn,1.5,31,3.4339872044851463,1.791759469228055,1.667706820558076,6.494114379672933,0.5076602318928857,0.530861117550339,0.5859957100040735,0.4706883343823766,0.38631741407448117,0.25229960578186594,-0.2427547696339211,-0.23274215893219724,0.4686080453665028,0.32750739913038424,0.2766753245430277,0.11485106234907058,0.12901449892103423,-0.4665525305475867,-0.06704745828641666
36047,2020,4,0.0,,0.0,0.0,,,Brooklyn,1.5,30,3.4011973816621555,0.0,,,0.5076602318928857,0.530861117550339,0.5859957100040735,0.4706883343823766,0.38631741407448117,0.25229960578186594,-0.2427547696339211,-0.23274215893219724,,0.32750739913038424,0.2766753245430277,0.11485106234907058,0.12901449892103423,-0.4665525305475867,-0.06704745828641666
36047,2020,5,3.0,1.75,0.0,0.0,476.8142857142857,492.3333333333333,Brooklyn,1.5,31,3.4339872044851463,1.3862943611198906,1.0116009116784799,6.169222133386322,0.5076602318928857,0.530861117550339,0.5859957100040735,0.4706883343823766,0.38631741407448117,0.25229960578186594,-0.2427547696339211,-0.23274215893219724,-0.19406588088744636,0.32750739913038424,0.2766753245430277,0.11485106234907058,0.12901449892103423,-0.4665525305475867,-0.06704745828641666
36047,2020,6,4.0,7.875,0.0,0.0,548.1391141141141,989.5,Brooklyn,1.5,30,3.4011973816621555,1.6094379124341003,2.1832383353614797,6.308351804882295,0.5076602318928857,0.530861117550339,0.5859957100040735,0.4706883343823766,0.38631741407448117,0.25229960578186594,-0.2427547696339211,-0.23274215893219724,0.08971314653607827,0.32750739913038424,0.2766753245430277,0.11485106234907058,0.12901449892103423,-0.4665525305475867,-0.06704745828641666
36047,2020,7,24.0,6.010416666666667,0.0,0.0,425.4371334778297,584.2916666666666,Brooklyn,1.5,31,3.4339872044851463,3.2188758248682006,1.9473971381768915,6.055464955077292,0.5076602318928857,0.530861117550339,0.5859957100040735,0.4706883343823766,0.38631741407448117,0.25229960578186594,-0.2427547696339211,-0.23274215893219724,-0.4260933202961238,0.32750739913038424,0.2766753245430277,0.11485106234907058,0.12901449892103423,-0.4665525305475867,-0.06704745828641666
36047,2020,8,11.0,38.86363636363637,1.0,0.09090909090909091,703.5390159553261,4433.272727272727,Brooklyn,1.5,31,3.4339872044851463,2.4849066497880004,3.6854645390138674,6.557543710863211,0.5076602318928857,0.530861117550339,0.5859957100040735,0.4706883343823766,0.38631741407448117,0.25229960578186594,1.7255271463167905,1.5412930143801797,0.5979831364003569,0.32750739913038424,0.2766753245430277,0.11485106234907058,0.12901449892103423,-0.4665525305475867,-0.06704745828641666
36047,2020,9,4.0,1.0,0.0,0.0,664.25,665.75,Brooklyn,1.5,30,3.4011973816621555,1.6094379124341003,0.6931471805599453,6.500162909857798,0.5076602318928857,0.530861117550339,0.5859957100040735,0.4706883343823766,0.38631741407448117,0.25229960578186594,-0.2427547696339211,-0.23274215893219724,0.4809450687688234,0.32750739913038424,0.2766753245430277,0.11485106234907058,0.12901449892103423,-0.4665525305475867,-0.06704745828641666
36047,2020,10,7.0,1.8928571428571428,1.0,0.14285714285714285,452.97755102040816,470.42857142857144,Brooklyn,1.5,31,3.4339872044851463,2.0794415416798357,1.0622446444972349,6.118047749727189,0.5076602318928857,0.530861117550339,0.5859957100040735,0.4706883343823766,0.38631741407448117,0.25229960578186594,1.7255271463167905,2.5550273991301093,-0.2984448869444506,0.32750739913038424,0.2766753245430277,0.11485106234907058,0.12901449892103423,-0.4665525305475867,-0.06704745828641666
36047,2020,11,8.0,1.25,0.0,0.0,668.9932765151515,849.75,Brooklyn,1.5,30,3.4011973816621555,2.1972245773362196,0.8109302162163288,6.507267677282647,0.5076602318928857,0.530861117550339,0.5859957100040735,0.4706883343823766,0.38631741407448117,0.25229960578186594,-0.2427547696339211,-0.23274215893219724,0.49543647069779545,0.32750739913038424,0.2766753245430277,0.11485106234907058,0.12901449892103423,-0.4665525305475867,-0.06704745828641666
36047,2020,12,9.0,18.583333333333332,0.0,0.0,475.31620724897067,657.1111111111111,Brooklyn,1.5,31,3.4339872044851463,2.302585092994046,2.9746788643561586,6.166081934624433,0.5076602318928857,0.530861117550339,0.5859957100040735,0.4706883343823766,0.38631741407448117,0.25229960578186594,-0.2427547696339211,-0.23274215893219724,-0.20047085935813275,0.32750739913038424,0.2766753245430277,0.11485106234907058,0.12901449892103423,-0.4665525305475867,-0.06704745828641666
36047,2021,1,6.0,2.125,0.0,0.0,272.9527777777778,293.3333333333333,Brooklyn,2.5,31,3.4339872044851463,1.9459101490553132,1.1394342831883648,5.612955747658434,0.5076602318928857,0.530861117550339,0.5859957100040735,0.4706883343823766,0.38631741407448117,0.25229960578186594,-0.2427547696339211,-0.23274215893219724,-1.3286673805742195,0.32750739913038424,0.2766753245430277,0.11485106234907058,0.12901449892103423,-0.4665525305475867,-0.06704745828641666
36047,2021,2,30.0,11.916666666666666,0.0,0.0,362.9649884502836,477.06666666666666,Brooklyn,2.5,28,3.332204510175204,3.4339872044851463,2.5585184671312464,5.897057677434468,0.5076602318928857,0.530861117550339,0.5859957100040735,0.4706883343823766,0.38631741407448117,0.25229960578186594,-0.2427547696339211,-0.23274215893219724,-0.7491923595085456,0.32750739913038424,0.2766753245430277,0.11485106234907058,0.12901449892103423,-0.4665525305475867,-0.06704745828641666
36047,2021,3,6.0,1.7083333333333333,0.0,0.0,366.871164021164,386.5,Brooklyn,2.5,31,3.4339872044851463,1.9459101490553132,0.9963334395476915,5.907732779101824,0.5076602318928857,0.530861117550339,0.5859957100040735,0.4706883343823766,0.38631741407448117,0.25229960578186594,-0.2427547696339211,-0.23274215893219724,-0.7274186434044484,0.32750739913038424,0.2766753245430277,0.11485106234907058,0.12901449892103423,-0.4665525305475867,-0.06704745828641666
36047,2021,4,6.0,1.25,0.0,0.0,979.9523809523811,1047.6666666666667,Brooklyn,2.5,30,3.4011973816621555,1.9459101490553132,0.8109302162163288,6.88852391705425,0.5076602318928857,0.530861117550339,0.5859957100040735,0.4706883343823766,0.38631741407448117,0.25229960578186594,-0.2427547696339211,-0.23274215893219724,1.2730745097890244,0.32750739913038424,0.2766753245430277,0.11485106234907058,0.12901449892103423,-0.4665525305475867,-0.06704745828641666
36047,2021,5,6.0,3.9583333333333335,0.0,0.0,326.9745791245791,353.3333333333333,Brooklyn,2.5,31,3.4339872044851463,1.9459101490553132,1.6010696627635839,5.792936102711691,0.5076602318928857,0.530861117550339,0.5859957100040735,0.4706883343823766,0.38631741407448117,0.25229960578186594,-0.2427547696339211,-0.23274215893219724,-0.9615663189302116,0.32750739913038424,0.2766753245430277,0.11485106234907058,0.12901449892103423,-0.4665525305475867,-0.06704745828641666
36047,2021,6,17.0,5.588235294117647,0.0,0.0,543.5197071847158,717.4117647058823,Brooklyn,2.5,30,3.4011973816621555,2.8903717578961645,1.8852855272388784,6.299904134894763,0.5076602318928857,0.530861117550339,0.5859957100040735,0.4706883343823766,0.38631741407448117,0.25229960578186594,-0.2427547696339211,-0.23274215893219724,0.07248266257618308,0.32750739913038424,0.2766753245430277,0.11485106234907058,0.12901449892103423,-0.4665525305475867,-0.06704745828641666
36047,2021,7,12.0,2.8125,0.0,0.0,649.2436814411079,722.0833333333334,Brooklyn,2.5,31,3.4339872044851463,2.5649493574615367,1.33828514193353,6.47734718715907,0.5076602318928857,0.530861117550339,0.5859957100040735,0.4706883343823766,0.38631741407448117,0.25229960578186594,-0.2427547696339211,-0.23274215893219724,0.4344084563568746,0.32750739913038424,0.2766753245430277,0.11485106234907058,0.12901449892103423,-0.4665525305475867,-0.06704745828641666
36047,2021,8,20.0,4.525,0.0,0.0,330.67844580225227,380.15,Brooklyn,2.5,31,3.4339872044851463,3.044522437723423,1.7092832474038167,5.804165962841506,0.5076602318928857,0.530861117550339,0.5859957100040735,0.4706883343823766,0.38631741407448117,0.25229960578186594,-0.2427547696339211,-0.23274215893219724,-0.9386610769967287,0.32750739913038424,0.2766753245430277,0.11485106234907058,0.12901449892103423,-0.4665525305475867,-0.06704745828641666
36047,2021,9,10.0,6.25,0.0,0.0,399.7354186456412,497.0,Brooklyn,2.5,30,3.4011973816621555,2.3978952727983707,1.9810014688665833,5.993301405663991,0.5076602318928857,0.530861117550339,0.5859957100040735,0.4706883343823766,0.38631741407448117,0.25229960578186594,-0.2427547696339211,-0.23274215893219724,-0.5528866304795036,0.32750739913038424,0.2766753245430277,0.11485106234907058,0.12901449892103423,-0.4665525305475867,-0.06704745828641666
36047,2021,10,6.0,1.7916666666666667,0.0,0.0,514.3562499999999,535.6666666666666,Brooklyn,2.5,31,3.4339872044851463,1.9459101490553132,1.0266387890430204,6.244858409089479,0.5076602318928857,0.530861117550339,0.5859957100040735,0.4706883343823766,0.38631741407448117,0.25229960578186594,-0.2427547696339211,-0.23274215893219724,-0.03979261533459245,0.32750739913038424,0.2766753245430277,0.11485106234907058,0.12901449892103423,-0.4665525305475867,-0.06704745828641666
36047,2021,11,6.0,1.625,0.0,0.0,1038.486111111111,1049.5,Brooklyn,2.5,30,3.4011973816621555,1.9459101490553132,0.965080896043587,6.946481746084335,0.5076602318928857,0.530861117550339,0.5859957100040735,0.4706883343823766,0.38631741407448117,0.25229960578186594,-0.2427547696339211,-0.23274215893219724,1.3912895258735885,0.32750739913038424,0.2766753245430277,0.11485106234907058,0.12901449892103423,-0.4665525305475867,-0.06704745828641666
36047,2021,12,1.0,0.75,0.0,0.0,416.0,510.0,Brooklyn,2.5,31,3.4339872044851463,0.6931471805599453,0.5596157879354227,6.0330862217988015,0.5076602318928857,0.530861117550339,0.5859957100040735,0.4706883343823766,0.38631741407448117,0.25229960578186594,-0.2427547696339211,-0.23274215893219724,-0.47173861720839466,0.32750739913038424,0.2766753245430277,0.11485106234907058,0.12901449892103423,-0.4665525305475867,-0.06704745828641666
36047,2022,1,27.0,5.018518518518518,0.0,0.0,322.02218592832975,413.962962962963,Brooklyn,3.5,31,3.4339872044851463,3.332204510175204,1.794841135765463,5.777721007948419,0.5076602318928857,0.530861117550339,0.5859957100040735,0.4706883343823766,0.38631741407448117,0.25229960578186594,-0.2427547696339211,-0.23274215893219724,-0.9926001361429756,0.32750739913038424,0.2766753245430277,0.11485106234907058,0.12901449892103423,-0.4665525305475867,-0.06704745828641666
36047,2022,2,27.0,7.342592592592593,1.0,0.037037037037037035,265.67710038897894,314.48148148148147,Brooklyn,3.5,28,3.332204510175204,3.332204510175204,2.121374030484118,5.586038564693069,0.5076602318928857,0.530861117550339,0.5859957100040735,0.4706883343823766,0.38631741407448117,0.25229960578186594,1.7255271463167905,0.49001291167654887,-1.383569630545489,0.32750739913038424,0.2766753245430277,0.11485106234907058,0.12901449892103423,-0.4665525305475867,-0.06704745828641666
36047,2022,3,12.0,1.2083333333333333,0.0,0.0,281.0472222222222,291.75,Brooklyn,3.5,31,3.4339872044851463,2.5649493574615367,0.7922380832041762,5.642074511607873,0.5076602318928857,0.530861117550339,0.5859957100040735,0.4706883343823766,0.38631741407448117,0.25229960578186594,-0.2427547696339211,-0.23274215893219724,-1.2692746254235958,0.32750739913038424,0.2766753245430277,0.11485106234907058,0.12901449892103423,-0.4665525305475867,-0.06704745828641666
36047,2022,4,11.0,1.3181818181818181,2.0,0.18181818181818182,378.8618260527351,469.09090909090907,Brooklyn,3.5,30,3.4011973816621555,2.4849066497880004,0.8407831793660099,5.939807570945534,0.5076602318928857,0.530861117550339,0.5859957100040735,0.4706883343823766,0.38631741407448117,0.25229960578186594,3.6938090622675017,3.3153281876925567,-0.6619965581199064,0.32750739913038424,0.2766753245430277,0.11485106234907058,0.12901449892103423,-0.4665525305475867,-0.06704745828641666
36047,2022,5,8.0,5.375,0.0,0.0,505.52359271523176,542.125,Brooklyn,3.5,31,3.4339872044851463,2.1972245773362196,1.8523840910444898,6.227570902495798,0.5076602318928857,0.530861117550339,0.5859957100040735,0.4706883343823766,0.38631741407448117,0.25229960578186594,-0.2427547696339211,-0.23274215893219724,-0.07505347489807265,0.32750739913038424,0.2766753245430277,0.11485106234907058,0.12901449892103423,-0.4665525305475867,-0.06704745828641666
36047,2022,6,23.0,1.1195652173913044,0.0,0.0,385.538768115942,474.3478260869565,Brooklyn,3.5,30,3.4011973816621555,3.1780538303479458,0.7512109815147066,5.9572321686011955,0.5076602318928857,0.530861117550339,0.5859957100040735,0.4706883343823766,0.38631741407448117,0.25229960578186594,-0.2427547696339211,-0.23274215893219724,-0.6264560776256857,0.32750739913038424,0.2766753245430277,0.11485106234907058,0.12901449892103423,-0.4665525305475867,-0.06704745828641666
36047,2022,7,33.0,2.712121212121212,0.0,0.0,315.63367999802267,378.09090909090907,Brooklyn,3.5,31,3.4339872044851463,3.5263605246161616,1.3116034685183013,5.7577455220732725,0.5076602318928857,0.530861117550339,0.5859957100040735,0.4706883343823766,0.38631741407448117,0.25229960578186594,-0.2427547696339211,-0.23274215893219724,-1.0333435943356848,0.32750739913038424,0.2766753245430277,0.11485106234907058,0.12901449892103423,-0.4665525305475867,-0.06704745828641666
36047,2022,8,11.0,3.340909090909091,0.0,0.0,540.1566405074426,593.6363636363636,Brooklyn,3.5,31,3.4339872044851463,2.4849066497880004,1.4680837941283686,6.293708775768966,0.5076602318928857,0.530861117550339,0.5859957100040735,0.4706883343823766,0.38631741407448117,0.25229960578186594,-0.2427547696339211,-0.23274215893219724,0.05984615615484142,0.32750739913038424,0.2766753245430277,0.11485106234907058,0.12901449892103423,-0.4665525305475867,-0.06704745828641666
36047,2022,9,11.0,1.0454545454545454,0.0,0.0,298.6545454545454,341.6363636363636,Brooklyn,3.5,30,3.4011973816621555,2.4849066497880004,0.7156200364120039,5.702630296001709,0.5076602318928857,0.530861117550339,0.5859957100040735,0.4706883343823766,0.38631741407448117,0.25229960578186594,-0.2427547696339211,-0.23274215893219724,-1.1457606300595762,0.32750739913038424,0.2766753245430277,0.11485106234907058,0.12901449892103423,-0.4665525305475867,-0.06704745828641666
36047,2022,10,6.0,1.1666666666666667,0.0,0.0,280.2548076923077,283.5,Brooklyn,3.5,31,3.4339872044851463,1.9459101490553132,0.7731898882334818,5.639261047389623,0.5076602318928857,0.530861117550339,0.5859957100040735,0.4706883343823766,0.38631741407448117,0.25229960578186594,-0.2427547696339211,-0.23274215893219724,-1.2750131722839544,0.32750739913038424,0.2766753245430277,0.11485106234907058,0.12901449892103423,-0.4665525305475867,-0.06704745828641666
36047,2022,11,8.0,1.625,0.0,0.0,318.07320146958307,322.0,Brooklyn,3.5,30,3.4011973816621555,2.1972245773362196,0.965080896043587,5.765420548151726,0.5076602318928857,0.530861117550339,0.5859957100040735,0.4706883343823766,0.38631741407448117,0.25229960578186594,-0.2427547696339211,-0.23274215893219724,-1.017689051256735,0.32750739913038424,0.2766753245430277,0.11485106234907058,0.12901449892103423,-0.4665525305475867,-0.06704745828641666
36047,2022,12,13.0,1.3846153846153846,1.0,0.07692307692307693,700.3839461820231,843.7692307692307,Brooklyn,3.5,31,3.4339872044851463,2.6390573296152584,0.8690378470236095,6.553055449194955,0.5076602318928857,0.530861117550339,0.5859957100040735,0.4706883343823766,0.38631741407448117,0.25229960578186594,1.7255271463167905,1.2683645261782757,0.5888285504853251,0.32750739913038424,0.2766753245430277,0.11485106234907058,0.12901449892103423,-0.4665525305475867,-0.06704745828641666
36047,2023,1,3.0,1.5833333333333333,0.0,0.0,286.95959595959596,302.6666666666667,Brooklyn,4.5,31,3.4339872044851463,1.3862943611198906,0.9490805546971459,5.662820178487172,0.5076602318928857,0.530861117550339,0.5859957100040735,0.4706883343823766,0.38631741407448117,0.25229960578186594,-0.2427547696339211,-0.23274215893219724,-1.2269602498704983,0.32750739913038424,0.2766753245430277,0.11485106234907058,0.12901449892103423,-0.4665525305475867,-0.06704745828641666
36047,2023,2,1.0,26.0,0.0,0.0,405.74038461538464,647.0,Brooklyn,4.5,28,3.332204510175204,0.6931471805599453,3.295836866004329,6.008175106275499,0.5076602318928857,0.530861117550339,0.5859957100040735,0.4706883343823766,0.38631741407448117,0.25229960578186594,-0.2427547696339211,-0.23274215893219724,-0.5225491456832098,0.32750739913038424,0.2766753245430277,0.11485106234907058,0.12901449892103423,-0.4665525305475867,-0.06704745828641666
36047,2023,3,3.0,5.75,0.0,0.0,253.35195360195362,273.0,Brooklyn,4.5,31,3.4339872044851463,1.3862943611198906,1.9095425048844386,5.538718952001823,0.5076602318928857,0.530861117550339,0.5859957100040735,0.4706883343823766,0.38631741407448117,0.25229960578186594,-0.2427547696339211,-0.23274215893219724,-1.4800861645327636,0.32750739913038424,0.2766753245430277,0.11485106234907058,0.12901449892103423,-0.4665525305475867,-0.06704745828641666
36047,2023,4,1.0,1.5,0.0,0.0,479.3333333333333,544.0,Brooklyn,4.5,30,3.4011973816621555,0.6931471805599453,0.9162907318741551,6.174480307331413,0.5076602318928857,0.530861117550339,0.5859957100040735,0.4706883343823766,0.38631741407448117,0.25229960578186594,-0.2427547696339211,-0.23274215893219724,-0.18334092572786517,0.32750739913038424,0.2766753245430277,0.11485106234907058,0.12901449892103423,-0.4665525305475867,-0.06704745828641666
36047,2023,5,8.0,1.84375,0.0,0.0,285.9466911764706,302.125,Brooklyn,4.5,31,3.4339872044851463,2.1972245773362196,1.0451236037171234,5.6592964534771575,0.5076602318928857,0.530861117550339,0.5859957100040735,0.4706883343823766,0.38631741407448117,0.25229960578186594,-0.2427547696339211,-0.23274215893219724,-1.2341474964549102,0.32750739913038424,0.2766753245430277,0.11485106234907058,0.12901449892103423,-0.4665525305475867,-0.06704745828641666
36047,2023,6,1.0,1.75,0.0,0.0,1466.2857142857142,1467.0,Brooklyn,4.5,30,3.4011973816621555,0.6931471805599453,1.0116009116784799,7.291169520110491,0.5076602318928857,0.530861117550339,0.5859957100040735,0.4706883343823766,0.38631741407448117,0.25229960578186594,-0.2427547696339211,-0.23274215893219724,2.094339854579016,0.32750739913038424,0.2766753245430277,0.11485106234907058,0.12901449892103423,-0.4665525305475867,-0.06704745828641666
36047,2023,7,15.0,1.1333333333333333,0.0,0.0,308.23174603174607,364.26666666666665,Brooklyn,4.5,31,3.4339872044851463,2.772588722239781,0.7576857016975165,5.73409098295567,0.5076602318928857,0.530861117550339,0.5859957100040735,0.4706883343823766,0.38631741407448117,0.25229960578186594,-0.2427547696339211,-0.23274215893219724,-1.0815911179068107,0.32750739913038424,0.2766753245430277,0.11485106234907058,0.12901449892103423,-0.4665525305475867,-0.06704745828641666
36047,2023,8,1.0,1.25,0.0,0.0,318.4,345.0,Brooklyn,4.5,31,3.4339872044851463,0.6931471805599453,0.8109302162163288,5.766444235780912,0.5076602318928857,0.530861117550339,0.5859957100040735,0.4706883343823766,0.38631741407448117,0.25229960578186594,-0.2427547696339211,-0.23274215893219724,-1.0156010632907446,0.32750739913038424,0.2766753245430277,0.11485106234907058,0.12901449892103423,-0.4665525305475867,-0.06704745828641666
36047,2023,9,12.0,7.958333333333333,0.0,0.0,332.8253928170595,482.0,Brooklyn,4.5,30,3.4011973816621555,2.5649493574615367,2.192584197779717,5.810618080284859,0.5076602318928857,0.530861117550339,0.5859957100040735,0.4706883343823766,0.38631741407448117,0.25229960578186594,-0.2427547696339211,-0.23274215893219724,-0.925500867580509,0.32750739913038424,0.2766753245430277,0.11485106234907058,0.12901449892103423,-0.4665525305475867,-0.06704745828641666
36047,2023,10,5.0,3.7,0.0,0.0,295.28517213336943,323.6,Brooklyn,4.5,31,3.4339872044851463,1.791759469228055,1.547562508716013,5.691322409902971,0.5076602318928857,0.530861117550339,0.5859957100040735,0.4706883343823766,0.38631741407448117,0.25229960578186594,-0.2427547696339211,-0.23274215893219724,-1.1688250194512289,0.32750739913038424,0.2766753245430277,0.11485106234907058,0.12901449892103423,-0.4665525305475867,-0.06704745828641666
36047,2023,11,5.0,1.8,0.0,0.0,389.6934173669468,442.8,Brooklyn,4.5,30,3.4011973816621555,1.791759469228055,1.0296194171811583,5.9679231536133495,0.5076602318928857,0.530861117550339,0.5859957100040735,0.4706883343823766,0.38631741407448117,0.25229960578186594,-0.2427547696339211,-0.23274215893219724,-0.6046499646928571,0.32750739913038424,0.2766753245430277,0.11485106234907058,0.12901449892103423,-0.4665525305475867,-0.06704745828641666
36047,2023,12,4.0,3.0,0.0,0.0,482.6237745098039,655.25,Brooklyn,4.5,31,3.4339872044851463,1.6094379124341003,1.3862943611198906,6.181307279049627,0.5076602318928857,0.530861117550339,0.5859957100040735,0.4706883343823766,0.38631741407448117,0.25229960578186594,-0.2427547696339211,-0.23274215893219724,-0.1694161361872034,0.32750739913038424,0.2766753245430277,0.11485106234907058,0.12901449892103423,-0.4665525305475867,-0.06704745828641666
36061,2014,1,0.0,,0.0,0.0,,,Manhattan,-4.5,31,3.4339872044851463,0.0,,,0.446013671579636,0.4859475330910725,0.46239764506327696,0.45105250662787566,0.42601836244896674,0.09027777777777778,-0.2427547696339211,-0.23274215893219724,,-1.4732298889330053,-1.1861498822438452,-1.0603054537390293,-0.5411682166038927,0.1498330672820134,-0.7266169599872581
36061,2014,2,0.0,,0.0,0.0,,,Manhattan,-4.5,28,3.332204510175204,0.0,,,0.446013671579636,0.4859475330910725,0.46239764506327696,0.45105250662787566,0.42601836244896674,0.09027777777777778,-0.2427547696339211,-0.23274215893219724,,-1.4732298889330053,-1.1861498822438452,-1.0603054537390293,-0.5411682166038927,0.1498330672820134,-0.7266169599872581
36061,2014,3,0.0,,0.0,0.0,,,Manhattan,-4.5,31,3.4339872044851463,0.0,,,0.446013671579636,0.4859475330910725,0.46239764506327696,0.45105250662787566,0.42601836244896674,0.09027777777777778,-0.2427547696339211,-0.23274215893219724,,-1.4732298889330053,-1.1861498822438452,-1.0603054537390293,-0.5411682166038927,0.1498330672820134,-0.7266169599872581
36061,2014,4,0.0,,0.0,0.0,,,Manhattan,-4.5,30,3.4011973816621555,0.0,,,0.446013671579636,0.4859475330910725,0.46239764506327696,0.45105250662787566,0.42601836244896674,0.09027777777777778,-0.2427547696339211,-0.23274215893219724,,-1.4732298889330053,-1.1861498822438452,-1.0603054537390293,-0.5411682166038927,0.1498330672820134,-0.7266169599872581
36061,2014,5,0.0,,0.0,0.0,,,Manhattan,-4.5,31,3.4339872044851463,0.0,,,0.446013671579636,0.4859475330910725,0.46239764506327696,0.45105250662787566,0.42601836244896674,0.09027777777777778,-0.2427547696339211,-0.23274215893219724,,-1.4732298889330053,-1.1861498822438452,-1.0603054537390293,-0.5411682166038927,0.1498330672820134,-0.7266169599872581
36061,2014,6,0.0,,0.0,0.0,,,Manhattan,-4.5,30,3.4011973816621555,0.0,,,0.446013671579636,0.4859475330910725,0.46239764506327696,0.45105250662787566,0.42601836244896674,0.09027777777777778,-0.2427547696339211,-0.23274215893219724,,-1.4732298889330053,-1.1861498822438452,-1.0603054537390293,-0.5411682166038927,0.1498330672820134,-0.7266169599872581
36061,2014,7,0.0,,0.0,0.0,,,Manhattan,-4.5,31,3.4339872044851463,0.0,,,0.446013671579636,0.4859475330910725,0.46239764506327696,0.45105250662787566,0.42601836244896674,0.09027777777777778,-0.2427547696339211,-0.23274215893219724,,-1.4732298889330053,-1.1861498822438452,-1.0603054537390293,-0.5411682166038927,0.1498330672820134,-0.7266169599872581
36061,2014,8,0.0,,0.0,0.0,,,Manhattan,-4.5,31,3.4339872044851463,0.0,,,0.446013671579636,0.4859475330910725,0.46239764506327696,0.45105250662787566,0.42601836244896674,0.09027777777777778,-0.2427547696339211,-0.23274215893219724,,-1.4732298889330053,-1.1861498822438452,-1.0603054537390293,-0.5411682166038927,0.1498330672820134,-0.7266169599872581
36061,2014,9,0.0,,0.0,0.0,,,Manhattan,-4.5,30,3.4011973816621555,0.0,,,0.446013671579636,0.4859475330910725,0.46239764506327696,0.45105250662787566,0.42601836244896674,0.09027777777777778,-0.2427547696339211,-0.23274215893219724,,-1.4732298889330053,-1.1861498822438452,-1.0603054537390293,-0.5411682166038927,0.1498330672820134,-0.7266169599872581
36061,2014,10,0.0,,0.0,0.0,,,Manhattan,-4.5,31,3.4339872044851463,0.0,,,0.446013671579636,0.4859475330910725,0.46239764506327696,0.45105250662787566,0.42601836244896674,0.09027777777777778,-0.2427547696339211,-0.23274215893219724,,-1.4732298889330053,-1.1861498822438452,-1.0603054537390293,-0.5411682166038927,0.1498330672820134,-0.7266169599872581
36061,2014,11,0.0,,0.0,0.0,,,Manhattan,-4.5,30,3.4011973816621555,0.0,,,0.446013671579636,0.4859475330910725,0.46239764506327696,0.45105250662787566,0.42601836244896674,0.09027777777777778,-0.2427547696339211,-0.23274215893219724,,-1.4732298889330053,-1.1861498822438452,-1.0603054537390293,-0.5411682166038927,0.1498330672820134,-0.7266169599872581
36061,2014,12,0.0,,0.0,0.0,,,Manhattan,-4.5,31,3.4339872044851463,0.0,,,0.446013671579636,0.4859475330910725,0.46239764506327696,0.45105250662787566,0.42601836244896674,0.09027777777777778,-0.2427547696339211,-0.23274215893219724,,-1.4732298889330053,-1.1861498822438452,-1.0603054537390293,-0.5411682166038927,0.1498330672820134,-0.7266169599872581
36061,2015,1,9.0,4.138888888888889,0.0,0.0,256.5559983589395,294.8888888888889,Manhattan,-3.5,31,3.4339872044851463,2.302585092994046,1.636836886622215,5.551237165815864,0.446013671579636,0.4859475330910725,0.46239764506327696,0.45105250662787566,0.42601836244896674,0.09027777777777778,-0.2427547696339211,-0.23274215893219724,-1.4545531024401754,-1.4732298889330053,-1.1861498822438452,-1.0603054537390293,-0.5411682166038927,0.1498330672820134,-0.7266169599872581
36061,2015,2,17.0,6.911764705882353,0.0,0.0,293.38376046340767,359.3529411764706,Manhattan,-3.5,28,3.332204510175204,2.8903717578961645,2.068350854985678,5.684884223863868,0.446013671579636,0.4859475330910725,0.46239764506327696,0.45105250662787566,0.42601836244896674,0.09027777777777778,-0.2427547696339211,-0.23274215893219724,-1.1819568133590517,-1.4732298889330053,-1.1861498822438452,-1.0603054537390293,-0.5411682166038927,0.1498330672820134,-0.7266169599872581
36061,2015,3,16.0,4.859375,0.0,0.0,261.17626102900687,311.75,Manhattan,-3.5,31,3.4339872044851463,2.833213344056216,1.768042942610739,5.569017029584011,0.446013671579636,0.4859475330910725,0.46239764506327696,0.45105250662787566,0.42601836244896674,0.09027777777777778,-0.2427547696339211,-0.23274215893219724,-1.4182879952664424,-1.4732298889330053,-1.1861498822438452,-1.0603054537390293,-0.5411682166038927,0.1498330672820134,-0.7266169599872581
36061,2015,4,0.0,,0.0,0.0,,,Manhattan,-3.5,30,3.4011973816621555,0.0,,,0.446013671579636,0.4859475330910725,0.46239764506327696,0.45105250662787566,0.42601836244896674,0.09027777777777778,-0.2427547696339211,-0.23274215893219724,,-1.4732298889330053,-1.1861498822438452,-1.0603054537390293,-0.5411682166038927,0.1498330672820134,-0.7266169599872581
36061,2015,5,1.0,5.75,0.0,0.0,329.17391304347825,330.0,Manhattan,-3.5,31,3.4339872044851463,0.6931471805599453,1.9095425048844386,5.799619524862598,0.446013671579636,0.4859475330910725,0.46239764506327696,0.45105250662787566,0.42601836244896674,0.09027777777777778,-0.2427547696339211,-0.23274215893219724,-0.9479343235589001,-1.4732298889330053,-1.1861498822438452,-1.0603054537390293,-0.5411682166038927,0.1498330672820134,-0.7266169599872581
36061,2015,6,10.0,1.4,0.0,0.0,584.913842364532,585.5,Manhattan,-3.5,30,3.4011973816621555,2.3978952727983707,0.8754687373538999,6.3731727520858446,0.446013671579636,0.4859475330910725,0.46239764506327696,0.45105250662787566,0.42601836244896674,0.09027777777777778,-0.2427547696339211,-0.23274215893219724,0.22192667910829683,-1.4732298889330053,-1.1861498822438452,-1.0603054537390293,-0.5411682166038927,0.1498330672820134,-0.7266169599872581
36061,2015,7,9.0,4.555555555555555,0.0,0.0,413.5106586224233,449.77777777777777,Manhattan,-3.5,31,3.4339872044851463,2.302585092994046,1.7147984280919266,6.027098688653481,0.446013671579636,0.4859475330910725,0.46239764506327696,0.45105250662787566,0.42601836244896674,0.09027777777777778,-0.2427547696339211,-0.23274215893219724,-0.48395122659915446,-1.4732298889330053,-1.1861498822438452,-1.0603054537390293,-0.5411682166038927,0.1498330672820134,-0.7266169599872581
36061,2015,8,2.0,3.0,0.0,0.0,518.21875,533.0,Manhattan,-3.5,31,3.4339872044851463,1.0986122886681098,1.3862943611198906,6.252325277988968,0.446013671579636,0.4859475330910725,0.46239764506327696,0.45105250662787566,0.42601836244896674,0.09027777777777778,-0.2427547696339211,-0.23274215893219724,-0.02456264482282356,-1.4732298889330053,-1.1861498822438452,-1.0603054537390293,-0.5411682166038927,0.1498330672820134,-0.7266169599872581
36061,2015,9,5.0,2.0,0.0,0.0,338.64473684210526,342.8,Manhattan,-3.5,30,3.4011973816621555,1.791759469228055,1.0986122886681098,5.827900179689501,0.446013671579636,0.4859475330910725,0.46239764506327696,0.45105250662787566,0.42601836244896674,0.09027777777777778,-0.2427547696339211,-0.23274215893219724,-0.8902510369142439,-1.4732298889330053,-1.1861498822438452,-1.0603054537390293,-0.5411682166038927,0.1498330672820134,-0.7266169599872581
36061,2015,10,1.0,13.0,0.0,0.0,260.8076923076923,798.0,Manhattan,-3.5,31,3.4339872044851463,0.6931471805599453,2.6390573296152584,5.56761023542647,0.446013671579636,0.4859475330910725,0.46239764506327696,0.45105250662787566,0.42601836244896674,0.09027777777777778,-0.2427547696339211,-0.23274215893219724,-1.4211573952550989,-1.4732298889330053,-1.1861498822438452,-1.0603054537390293,-0.5411682166038927,0.1498330672820134,-0.7266169599872581
36061,2015,11,0.0,,0.0,0.0,,,Manhattan,-3.5,30,3.4011973816621555,0.0,,,0.446013671579636,0.4859475330910725,0.46239764506327696,0.45105250662787566,0.42601836244896674,0.09027777777777778,-0.2427547696339211,-0.23274215893219724,,-1.4732298889330053,-1.1861498822438452,-1.0603054537390293,-0.5411682166038927,0.1498330672820134,-0.7266169599872581
36061,2015,12,1.0,4.25,0.0,0.0,220.76470588235293,222.0,Manhattan,-3.5,31,3.4339872044851463,0.6931471805599453,1.6582280766035324,5.401616936385841,0.446013671579636,0.4859475330910725,0.46239764506327696,0.45105250662787566,0.42601836244896674,0.09027777777777778,-0.2427547696339211,-0.23274215893219724,-1.759729437106972,-1.4732298889330053,-1.1861498822438452,-1.0603054537390293,-0.5411682166038927,0.1498330672820134,-0.7266169599872581
36061,2016,1,7.0,3.75,0.0,0.0,356.4354308390023,402.57142857142856,Manhattan,-2.5,31,3.4339872044851463,2.0794415416798357,1.55814461804655,5.878954732783808,0.446013671579636,0.4859475330910725,0.46239764506327696,0.45105250662787566,0.42601836244896674,0.09027777777777778,-0.2427547696339211,-0.23274215893219724,-0.7861164460188398,-1.4732298889330053,-1.1861498822438452,-1.0603054537390293,-0.5411682166038927,0.1498330672820134,-0.7266169599872581
36061,2016,2,4.0,3.3125,0.0,0.0,293.14747983870967,308.75,Manhattan,-2.5,29,3.367295829986474,1.6094379124341003,1.461517782357478,5.684081273667813,0.446013671579636,0.4859475330910725,0.46239764506327696,0.45105250662787566,0.42601836244896674,0.09027777777777778,-0.2427547696339211,-0.23274215893219724,-1.1835945691537437,-1.4732298889330053,-1.1861498822438452,-1.0603054537390293,-0.5411682166038927,0.1498330672820134,-0.7266169599872581
36061,2016,3,0.0,,0.0,0.0,,,Manhattan,-2.5,31,3.4339872044851463,0.0,,,0.446013671579636,0.4859475330910725,0.46239764506327696,0.45105250662787566,0.42601836244896674,0.09027777777777778,-0.2427547696339211,-0.23274215893219724,,-1.4732298889330053,-1.1861498822438452,-1.0603054537390293,-0.5411682166038927,0.1498330672820134,-0.7266169599872581
36061,2016,4,2.0,6.5,0.0,0.0,285.1923076923077,296.5,Manhattan,-2.5,30,3.4011973816621555,1.0986122886681098,2.0149030205422647,5.6566639893757795,0.446013671579636,0.4859475330910725,0.46239764506327696,0.45105250662787566,0.42601836244896674,0.09027777777777778,-0.2427547696339211,-0.23274215893219724,-1.2395168622730277,-1.4732298889330053,-1.1861498822438452,-1.0603054537390293,-0.5411682166038927,0.1498330672820134,-0.7266169599872581
36061,2016,5,2.0,5.75,0.0,0.0,216.53186274509804,226.0,Manhattan,-2.5,31,3.4339872044851463,1.0986122886681098,1.9095425048844386,5.3823453351790995,0.446013671579636,0.4859475330910725,0.46239764506327696,0.45105250662787566,0.42601836244896674,0.09027777777777778,-0.2427547696339211,-0.23274215893219724,-1.7990372007819642,-1.4732298889330053,-1.1861498822438452,-1.0603054537390293,-0.5411682166038927,0.1498330672820134,-0.7266169599872581
36061,2016,6,1.0,5.5,0.0,0.0,220.45454545454547,221.0,Manhattan,-2.5,30,3.4011973816621555,0.6931471805599453,1.8718021769015913,5.400217356031417,0.446013671579636,0.4859475330910725,0.46239764506327696,0.45105250662787566,0.42601836244896674,0.09027777777777778,-0.2427547696339211,-0.23274215893219724,-1.7625841232965447,-1.4732298889330053,-1.1861498822438452,-1.0603054537390293,-0.5411682166038927,0.1498330672820134,-0.7266169599872581
36061,2016,7,3.0,8.75,0.0,0.0,722.4287626697266,799.0,Manhattan,-2.5,31,3.4339872044851463,1.3862943611198906,2.277267285009756,6.584002079122551,0.446013671579636,0.4859475330910725,0.46239764506327696,0.45105250662787566,0.42601836244896674,0.09027777777777778,-0.2427547696339211,-0.23274215893219724,0.6519495544269124,-1.4732298889330053,-1.1861498822438452,-1.0603054537390293,-0.5411682166038927,0.1498330672820134,-0.7266169599872581
36061,2016,8,6.0,4.625,0.0,0.0,508.68817878028403,593.5,Manhattan,-2.5,31,3.4339872044851463,1.9459101490553132,1.7272209480904839,6.233799124572208,0.446013671579636,0.4859475330910725,0.46239764506327696,0.45105250662787566,0.42601836244896674,0.09027777777777778,-0.2427547696339211,-0.23274215893219724,-0.06234993880532437,-1.4732298889330053,-1.1861498822438452,-1.0603054537390293,-0.5411682166038927,0.1498330672820134,-0.7266169599872581
36061,2016,9,2.0,8.25,0.0,0.0,217.84848484848484,220.0,Manhattan,-2.5,30,3.4011973816621555,1.0986122886681098,2.224623551524334,5.388379640370923,0.446013671579636,0.4859475330910725,0.46239764506327696,0.45105250662787566,0.42601836244896674,0.09027777777777778,-0.2427547696339211,-0.23274215893219724,-1.7867291917131587,-1.4732298889330053,-1.1861498822438452,-1.0603054537390293,-0.5411682166038927,0.1498330672820134,-0.7266169599872581
36061,2016,10,1.0,1.75,0.0,0.0,494.0,494.0,Manhattan,-2.5,31,3.4339872044851463,0.6931471805599453,1.0116009116784799,6.20455776256869,0.446013671579636,0.4859475330910725,0.46239764506327696,0.45105250662787566,0.42601836244896674,0.09027777777777778,-0.2427547696339211,-0.23274215893219724,-0.12199275389051366,-1.4732298889330053,-1.1861498822438452,-1.0603054537390293,-0.5411682166038927,0.1498330672820134,-0.7266169599872581
36061,2016,11,0.0,,0.0,0.0,,,Manhattan,-2.5,30,3.4011973816621555,0.0,,,0.446013671579636,0.4859475330910725,0.46239764506327696,0.45105250662787566,0.42601836244896674,0.09027777777777778,-0.2427547696339211,-0.23274215893219724,,-1.4732298889330053,-1.1861498822438452,-1.0603054537390293,-0.5411682166038927,0.1498330672820134,-0.7266169599872581
36061,2016,12,2.0,2.75,0.0,0.0,224.70535714285714,244.0,Manhattan,-2.5,31,3.4339872044851463,1.0986122886681098,1.3217558399823195,5.419230419221277,0.446013671579636,0.4859475330910725,0.46239764506327696,0.45105250662787566,0.42601836244896674,0.09027777777777778,-0.2427547696339211,-0.23274215893219724,-1.7238036926210034,-1.4732298889330053,-1.1861498822438452,-1.0603054537390293,-0.5411682166038927,0.1498330672820134,-0.7266169599872581
36061,2017,1,3.0,1.8333333333333333,0.0,0.0,223.53333333333333,229.0,Manhattan,-1.5,31,3.4339872044851463,1.3862943611198906,1.041453874828161,5.414024174260008,0.446013671579636,0.4859475330910725,0.46239764506327696,0.45105250662787566,0.42601836244896674,0.09027777777777778,-0.2427547696339211,-0.23274215893219724,-1.7344227296369887,-1.4732298889330053,-1.1861498822438452,-1.0603054537390293,-0.5411682166038927,0.1498330672820134,-0.7266169599872581
36061,2017,2,7.0,3.75,0.0,0.0,242.84073601987123,323.57142857142856,Manhattan,-1.5,28,3.332204510175204,2.0794415416798357,1.55814461804655,5.496515290947922,0.446013671579636,0.4859475330910725,0.46239764506327696,0.45105250662787566,0.42601836244896674,0.09027777777777778,-0.2427547696339211,-0.23274215893219724,-1.5661678303543838,-1.4732298889330053,-1.1861498822438452,-1.0603054537390293,-0.5411682166038927,0.1498330672820134,-0.7266169599872581
36061,2017,3,14.0,2.732142857142857,0.0,0.0,229.89985964635335,246.57142857142858,Manhattan,-1.5,31,3.4339872044851463,2.70805020110221,1.3169825612296617,5.44198410850558,0.446013671579636,0.4859475330910725,0.46239764506327696,0.45105250662787566,0.42601836244896674,0.09027777777777778,-0.2427547696339211,-0.23274215893219724,-1.677393608086422,-1.4732298889330053,-1.1861498822438452,-1.0603054537390293,-0.5411682166038927,0.1498330672820134,-0.7266169599872581
36061,2017,4,2.0,2.875,0.0,0.0,280.5,280.5,Manhattan,-1.5,30,3.4011973816621555,1.0986122886681098,1.3545456628053103,5.640132447579745,0.446013671579636,0.4859475330910725,0.46239764506327696,0.45105250662787566,0.42601836244896674,0.09027777777777778,-0.2427547696339211,-0.23274215893219724,-1.2732358008879712,-1.4732298889330053,-1.1861498822438452,-1.0603054537390293,-0.5411682166038927,0.1498330672820134,-0.7266169599872581
36061,2017,5,0.0,,0.0,0.0,,,Manhattan,-1.5,31,3.4339872044851463,0.0,,,0.446013671579636,0.4859475330910725,0.46239764506327696,0.45105250662787566,0.42601836244896674,0.09027777777777778,-0.2427547696339211,-0.23274215893219724,,-1.4732298889330053,-1.1861498822438452,-1.0603054537390293,-0.5411682166038927,0.1498330672820134,-0.7266169599872581
36061,2017,6,1.0,12.5,0.0,0.0,345.14,674.0,Manhattan,-1.5,30,3.4011973816621555,0.6931471805599453,2.6026896854443837,5.846843317496853,0.446013671579636,0.4859475330910725,0.46239764506327696,0.45105250662787566,0.42601836244896674,0.09027777777777778,-0.2427547696339211,-0.23274215893219724,-0.8516132311498884,-1.4732298889330053,-1.1861498822438452,-1.0603054537390293,-0.5411682166038927,0.1498330672820134,-0.7266169599872581
36061,2017,7,1.0,13.5,0.0,0.0,664.9444444444445,701.0,Manhattan,-1.5,31,3.4339872044851463,0.6931471805599453,2.6741486494265287,6.501206250310935,0.446013671579636,0.4859475330910725,0.46239764506327696,0.45105250662787566,0.42601836244896674,0.09027777777777778,-0.2427547696339211,-0.23274215893219724,0.4830731420682086,-1.4732298889330053,-1.1861498822438452,-1.0603054537390293,-0.5411682166038927,0.1498330672820134,-0.7266169599872581
36061,2017,8,1.0,8.5,0.0,0.0,247.47058823529412,249.0,Manhattan,-1.5,31,3.4339872044851463,0.6931471805599453,2.2512917986064953,5.515324481329881,0.446013671579636,0.4859475330910725,0.46239764506327696,0.45105250662787566,0.42601836244896674,0.09027777777777778,-0.2427547696339211,-0.23274215893219724,-1.5278032335302565,-1.4732298889330053,-1.1861498822438452,-1.0603054537390293,-0.5411682166038927,0.1498330672820134,-0.7266169599872581
36061,2017,9,0.0,,0.0,0.0,,,Manhattan,-1.5,30,3.4011973816621555,0.0,,,0.446013671579636,0.4859475330910725,0.46239764506327696,0.45105250662787566,0.42601836244896674,0.09027777777777778,-0.2427547696339211,-0.23274215893219724,,-1.4732298889330053,-1.1861498822438452,-1.0603054537390293,-0.5411682166038927,0.1498330672820134,-0.7266169599872581
36061,2017,10,0.0,,0.0,0.0,,,Manhattan,-1.5,31,3.4339872044851463,0.0,,,0.446013671579636,0.4859475330910725,0.46239764506327696,0.45105250662787566,0.42601836244896674,0.09027777777777778,-0.2427547696339211,-0.23274215893219724,,-1.4732298889330053,-1.1861498822438452,-1.0603054537390293,-0.5411682166038927,0.1498330672820134,-0.7266169599872581
36061,2017,11,0.0,,0.0,0.0,,,Manhattan,-1.5,30,3.4011973816621555,0.0,,,0.446013671579636,0.4859475330910725,0.46239764506327696,0.45105250662787566,0.42601836244896674,0.09027777777777778,-0.2427547696339211,-0.23274215893219724,,-1.4732298889330053,-1.1861498822438452,-1.0603054537390293,-0.5411682166038927,0.1498330672820134,-0.7266169599872581
36061,2017,12,0.0,,0.0,0.0,,,Manhattan,-1.5,31,3.4339872044851463,0.0,,,0.446013671579636,0.4859475330910725,0.46239764506327696,0.45105250662787566,0.42601836244896674,0.09027777777777778,-0.2427547696339211,-0.23274215893219724,,-1.4732298889330053,-1.1861498822438452,-1.0603054537390293,-0.5411682166038927,0.1498330672820134,-0.7266169599872581
36061,2018,1,0.0,,0.0,0.0,,,Manhattan,-0.5,31,3.4339872044851463,0.0,,,0.446013671579636,0.4859475330910725,0.46239764506327696,0.45105250662787566,0.42601836244896674,0.09027777777777778,-0.2427547696339211,-0.23274215893219724,,-1.4732298889330053,-1.1861498822438452,-1.0603054537390293,-0.5411682166038927,0.1498330672820134,-0.7266169599872581
36061,2018,2,0.0,,0.0,0.0,,,Manhattan,-0.5,28,3.332204510175204,0.0,,,0.446013671579636,0.4859475330910725,0.46239764506327696,0.45105250662787566,0.42601836244896674,0.09027777777777778,-0.2427547696339211,-0.23274215893219724,,-1.4732298889330053,-1.1861498822438452,-1.0603054537390293,-0.5411682166038927,0.1498330672820134,-0.7266169599872581
36061,2018,3,0.0,,0.0,0.0,,,Manhattan,-0.5,31,3.4339872044851463,0.0,,,0.446013671579636,0.4859475330910725,0.46239764506327696,0.45105250662787566,0.42601836244896674,0.09027777777777778,-0.2427547696339211,-0.23274215893219724,,-1.4732298889330053,-1.1861498822438452,-1.0603054537390293,-0.5411682166038927,0.1498330672820134,-0.7266169599872581
36061,2018,4,0.0,,0.0,0.0,,,Manhattan,-0.5,30,3.4011973816621555,0.0,,,0.446013671579636,0.4859475330910725,0.46239764506327696,0.45105250662787566,0.42601836244896674,0.09027777777777778,-0.2427547696339211,-0.23274215893219724,,-1.4732298889330053,-1.1861498822438452,-1.0603054537390293,-0.5411682166038927,0.1498330672820134,-0.7266169599872581
36061,2018,5,0.0,,0.0,0.0,,,Manhattan,-0.5,31,3.4339872044851463,0.0,,,0.446013671579636,0.4859475330910725,0.46239764506327696,0.45105250662787566,0.42601836244896674,0.09027777777777778,-0.2427547696339211,-0.23274215893219724,,-1.4732298889330053,-1.1861498822438452,-1.0603054537390293,-0.5411682166038927,0.1498330672820134,-0.7266169599872581
36061,2018,6,0.0,,0.0,0.0,,,Manhattan,-0.5,30,3.4011973816621555,0.0,,,0.446013671579636,0.4859475330910725,0.46239764506327696,0.45105250662787566,0.42601836244896674,0.09027777777777778,-0.2427547696339211,-0.23274215893219724,,-1.4732298889330053,-1.1861498822438452,-1.0603054537390293,-0.5411682166038927,0.1498330672820134,-0.7266169599872581
36061,2018,7,0.0,,0.0,0.0,,,Manhattan,-0.5,31,3.4339872044851463,0.0,,,0.446013671579636,0.4859475330910725,0.46239764506327696,0.45105250662787566,0.42601836244896674,0.09027777777777778,-0.2427547696339211,-0.23274215893219724,,-1.4732298889330053,-1.1861498822438452,-1.0603054537390293,-0.5411682166038927,0.1498330672820134,-0.7266169599872581
36061,2018,8,0.0,,0.0,0.0,,,Manhattan,-0.5,31,3.4339872044851463,0.0,,,0.446013671579636,0.4859475330910725,0.46239764506327696,0.45105250662787566,0.42601836244896674,0.09027777777777778,-0.2427547696339211,-0.23274215893219724,,-1.4732298889330053,-1.1861498822438452,-1.0603054537390293,-0.5411682166038927,0.1498330672820134,-0.7266169599872581
36061,2018,9,0.0,,0.0,0.0,,,Manhattan,-0.5,30,3.4011973816621555,0.0,,,0.446013671579636,0.4859475330910725,0.46239764506327696,0.45105250662787566,0.42601836244896674,0.09027777777777778,-0.2427547696339211,-0.23274215893219724,,-1.4732298889330053,-1.1861498822438452,-1.0603054537390293,-0.5411682166038927,0.1498330672820134,-0.7266169599872581
36061,2018,10,0.0,,0.0,0.0,,,Manhattan,-0.5,31,3.4339872044851463,0.0,,,0.446013671579636,0.4859475330910725,0.46239764506327696,0.45105250662787566,0.42601836244896674,0.09027777777777778,-0.2427547696339211,-0.23274215893219724,,-1.4732298889330053,-1.1861498822438452,-1.0603054537390293,-0.5411682166038927,0.1498330672820134,-0.7266169599872581
36061,2018,11,0.0,,0.0,0.0,,,Manhattan,-0.5,30,3.4011973816621555,0.0,,,0.446013671579636,0.4859475330910725,0.46239764506327696,0.45105250662787566,0.42601836244896674,0.09027777777777778,-0.2427547696339211,-0.23274215893219724,,-1.4732298889330053,-1.1861498822438452,-1.0603054537390293,-0.5411682166038927,0.1498330672820134,-0.7266169599872581
36061,2018,12,0.0,,0.0,0.0,,,Manhattan,-0.5,31,3.4339872044851463,0.0,,,0.446013671579636,0.4859475330910725,0.46239764506327696,0.45105250662787566,0.42601836244896674,0.09027777777777778,-0.2427547696339211,-0.23274215893219724,,-1.4732298889330053,-1.1861498822438452,-1.0603054537390293,-0.5411682166038927,0.1498330672820134,-0.7266169599872581
36061,2019,1,0.0,,0.0,0.0,,,Manhattan,0.5,31,3.4339872044851463,0.0,,,0.446013671579636,0.4859475330910725,0.46239764506327696,0.45105250662787566,0.42601836244896674,0.09027777777777778,-0.2427547696339211,-0.23274215893219724,,-1.4732298889330053,-1.1861498822438452,-1.0603054537390293,-0.5411682166038927,0.1498330672820134,-0.7266169599872581
36061,2019,2,0.0,,0.0,0.0,,,Manhattan,0.5,28,3.332204510175204,0.0,,,0.446013671579636,0.4859475330910725,0.46239764506327696,0.45105250662787566,0.42601836244896674,0.09027777777777778,-0.2427547696339211,-0.23274215893219724,,-1.4732298889330053,-1.1861498822438452,-1.0603054537390293,-0.5411682166038927,0.1498330672820134,-0.7266169599872581
36061,2019,3,0.0,,0.0,0.0,,,Manhattan,0.5,31,3.4339872044851463,0.0,,,0.446013671579636,0.4859475330910725,0.46239764506327696,0.45105250662787566,0.42601836244896674,0.09027777777777778,-0.2427547696339211,-0.23274215893219724,,-1.4732298889330053,-1.1861498822438452,-1.0603054537390293,-0.5411682166038927,0.1498330672820134,-0.7266169599872581
36061,2019,4,0.0,,0.0,0.0,,,Manhattan,0.5,30,3.4011973816621555,0.0,,,0.446013671579636,0.4859475330910725,0.46239764506327696,0.45105250662787566,0.42601836244896674,0.09027777777777778,-0.2427547696339211,-0.23274215893219724,,-1.4732298889330053,-1.1861498822438452,-1.0603054537390293,-0.5411682166038927,0.1498330672820134,-0.7266169599872581
36061,2019,5,0.0,,0.0,0.0,,,Manhattan,0.5,31,3.4339872044851463,0.0,,,0.446013671579636,0.4859475330910725,0.46239764506327696,0.45105250662787566,0.42601836244896674,0.09027777777777778,-0.2427547696339211,-0.23274215893219724,,-1.4732298889330053,-1.1861498822438452,-1.0603054537390293,-0.5411682166038927,0.1498330672820134,-0.7266169599872581
36061,2019,6,0.0,,0.0,0.0,,,Manhattan,0.5,30,3.4011973816621555,0.0,,,0.446013671579636,0.4859475330910725,0.46239764506327696,0.45105250662787566,0.42601836244896674,0.09027777777777778,-0.2427547696339211,-0.23274215893219724,,-1.4732298889330053,-1.1861498822438452,-1.0603054537390293,-0.5411682166038927,0.1498330672820134,-0.7266169599872581
36061,2019,7,0.0,,0.0,0.0,,,Manhattan,0.5,31,3.4339872044851463,0.0,,,0.446013671579636,0.4859475330910725,0.46239764506327696,0.45105250662787566,0.42601836244896674,0.09027777777777778,-0.2427547696339211,-0.23274215893219724,,-1.4732298889330053,-1.1861498822438452,-1.0603054537390293,-0.5411682166038927,0.1498330672820134,-0.7266169599872581
36061,2019,8,0.0,,0.0,0.0,,,Manhattan,0.5,31,3.4339872044851463,0.0,,,0.446013671579636,0.4859475330910725,0.46239764506327696,0.45105250662787566,0.42601836244896674,0.09027777777777778,-0.2427547696339211,-0.23274215893219724,,-1.4732298889330053,-1.1861498822438452,-1.0603054537390293,-0.5411682166038927,0.1498330672820134,-0.7266169599872581
36061,2019,9,0.0,,0.0,0.0,,,Manhattan,0.5,30,3.4011973816621555,0.0,,,0.446013671579636,0.4859475330910725,0.46239764506327696,0.45105250662787566,0.42601836244896674,0.09027777777777778,-0.2427547696339211,-0.23274215893219724,,-1.4732298889330053,-1.1861498822438452,-1.0603054537390293,-0.5411682166038927,0.1498330672820134,-0.7266169599872581
36061,2019,10,3.0,4.916666666666667,0.0,0.0,236.09717868338558,247.33333333333334,Manhattan,0.5,31,3.4339872044851463,1.3862943611198906,1.777773227253315,5.468470093731839,0.446013671579636,0.4859475330910725,0.46239764506327696,0.45105250662787566,0.42601836244896674,0.09027777777777778,-0.2427547696339211,-0.23274215893219724,-1.6233708604794952,-1.4732298889330053,-1.1861498822438452,-1.0603054537390293,-0.5411682166038927,0.1498330672820134,-0.7266169599872581
36061,2019,11,0.0,,0.0,0.0,,,Manhattan,0.5,30,3.4011973816621555,0.0,,,0.446013671579636,0.4859475330910725,0.46239764506327696,0.45105250662787566,0.42601836244896674,0.09027777777777778,-0.2427547696339211,-0.23274215893219724,,-1.4732298889330053,-1.1861498822438452,-1.0603054537390293,-0.5411682166038927,0.1498330672820134,-0.7266169599872581
36061,2019,12,0.0,,0.0,0.0,,,Manhattan,0.5,31,3.4339872044851463,0.0,,,0.446013671579636,0.4859475330910725,0.46239764506327696,0.45105250662787566,0.42601836244896674,0.09027777777777778,-0.2427547696339211,-0.23274215893219724,,-1.4732298889330053,-1.1861498822438452,-1.0603054537390293,-0.5411682166038927,0.1498330672820134,-0.7266169599872581
36061,2020,1,0.0,,0.0,0.0,,,Manhattan,1.5,31,3.4339872044851463,0.0,,,0.446013671579636,0.4859475330910725,0.46239764506327696,0.45105250662787566,0.42601836244896674,0.09027777777777778,-0.2427547696339211,-0.23274215893219724,,-1.4732298889330053,-1.1861498822438452,-1.0603054537390293,-0.5411682166038927,0.1498330672820134,-0.7266169599872581
36061,2020,2,1.0,4.0,0.0,0.0,527.25,528.0,Manhattan,1.5,29,3.367295829986474,0.6931471805599453,1.6094379124341003,6.2695696564961665,0.446013671579636,0.4859475330910725,0.46239764506327696,0.45105250662787566,0.42601836244896674,0.09027777777777778,-0.2427547696339211,-0.23274215893219724,0.010610247549294384,-1.4732298889330053,-1.1861498822438452,-1.0603054537390293,-0.5411682166038927,0.1498330672820134,-0.7266169599872581
36061,2020,3,0.0,,0.0,0.0,,,Manhattan,1.5,31,3.4339872044851463,0.0,,,0.446013671579636,0.4859475330910725,0.46239764506327696,0.45105250662787566,0.42601836244896674,0.09027777777777778,-0.2427547696339211,-0.23274215893219724,,-1.4732298889330053,-1.1861498822438452,-1.0603054537390293,-0.5411682166038927,0.1498330672820134,-0.7266169599872581
36061,2020,4,2.0,1.125,0.0,0.0,232.55,237.5,Manhattan,1.5,30,3.4011973816621555,1.0986122886681098,0.7537718023763802,5.453396186948117,0.446013671579636,0.4859475330910725,0.46239764506327696,0.45105250662787566,0.42601836244896674,0.09027777777777778,-0.2427547696339211,-0.23274215893219724,-1.6541167003895774,-1.4732298889330053,-1.1861498822438452,-1.0603054537390293,-0.5411682166038927,0.1498330672820134,-0.7266169599872581
36061,2020,5,1.0,8.0,0.0,0.0,421.84375,612.0,Manhattan,1.5,31,3.4339872044851463,0.6931471805599453,2.1972245773362196,6.047002725463917,0.446013671579636,0.4859475330910725,0.46239764506327696,0.45105250662787566,0.42601836244896674,0.09027777777777778,-0.2427547696339211,-0.23274215893219724,-0.44335350113100347,-1.4732298889330053,-1.1861498822438452,-1.0603054537390293,-0.5411682166038927,0.1498330672820134,-0.7266169599872581
36061,2020,6,2.0,7.125,0.0,0.0,291.02272727272725,378.0,Manhattan,1.5,30,3.4011973816621555,1.0986122886681098,2.094945728215801,5.67683163236522,0.446013671579636,0.4859475330910725,0.46239764506327696,0.45105250662787566,0.42601836244896674,0.09027777777777778,-0.2427547696339211,-0.23274215893219724,-1.1983814664122399,-1.4732298889330053,-1.1861498822438452,-1.0603054537390293,-0.5411682166038927,0.1498330672820134,-0.7266169599872581
36061,2020,7,0.0,,0.0,0.0,,,Manhattan,1.5,31,3.4339872044851463,0.0,,,0.446013671579636,0.4859475330910725,0.46239764506327696,0.45105250662787566,0.42601836244896674,0.09027777777777778,-0.2427547696339211,-0.23274215893219724,,-1.4732298889330053,-1.1861498822438452,-1.0603054537390293,-0.5411682166038927,0.1498330672820134,-0.7266169599872581
36061,2020,8,10.0,5.6,6.0,0.6,13832.277855477854,96347.1,Manhattan,1.5,31,3.4339872044851463,2.3978952727983707,1.8870696490323797,9.534832407095253,0.446013671579636,0.4859475330910725,0.46239764506327696,0.45105250662787566,0.42601836244896674,0.09027777777777778,11.566936726070347,11.47588998492949,6.670678352964832,-1.4732298889330053,-1.1861498822438452,-1.0603054537390293,-0.5411682166038927,0.1498330672820134,-0.7266169599872581
36061,2020,9,0.0,,0.0,0.0,,,Manhattan,1.5,30,3.4011973816621555,0.0,,,0.446013671579636,0.4859475330910725,0.46239764506327696,0.45105250662787566,0.42601836244896674,0.09027777777777778,-0.2427547696339211,-0.23274215893219724,,-1.4732298889330053,-1.1861498822438452,-1.0603054537390293,-0.5411682166038927,0.1498330672820134,-0.7266169599872581
36061,2020,10,0.0,,0.0,0.0,,,Manhattan,1.5,31,3.4339872044851463,0.0,,,0.446013671579636,0.4859475330910725,0.46239764506327696,0.45105250662787566,0.42601836244896674,0.09027777777777778,-0.2427547696339211,-0.23274215893219724,,-1.4732298889330053,-1.1861498822438452,-1.0603054537390293,-0.5411682166038927,0.1498330672820134,-0.7266169599872581
36061,2020,11,0.0,,0.0,0.0,,,Manhattan,1.5,30,3.4011973816621555,0.0,,,0.446013671579636,0.4859475330910725,0.46239764506327696,0.45105250662787566,0.42601836244896674,0.09027777777777778,-0.2427547696339211,-0.23274215893219724,,-1.4732298889330053,-1.1861498822438452,-1.0603054537390293,-0.5411682166038927,0.1498330672820134,-0.7266169599872581
36061,2020,12,5.0,3.45,0.0,0.0,229.95142857142855,244.0,Manhattan,1.5,31,3.4339872044851463,1.791759469228055,1.4929040961781488,5.442207422488263,0.446013671579636,0.4859475330910725,0.46239764506327696,0.45105250662787566,0.42601836244896674,0.09027777777777778,-0.2427547696339211,-0.23274215893219724,-1.6769381205966987,-1.4732298889330053,-1.1861498822438452,-1.0603054537390293,-0.5411682166038927,0.1498330672820134,-0.7266169599872581
36061,2021,1,0.0,,0.0,0.0,,,Manhattan,2.5,31,3.4339872044851463,0.0,,,0.446013671579636,0.4859475330910725,0.46239764506327696,0.45105250662787566,0.42601836244896674,0.09027777777777778,-0.2427547696339211,-0.23274215893219724,,-1.4732298889330053,-1.1861498822438452,-1.0603054537390293,-0.5411682166038927,0.1498330672820134,-0.7266169599872581
36061,2021,2,14.0,8.660714285714286,0.0,0.0,346.28462839990937,418.7142857142857,Manhattan,2.5,28,3.332204510175204,2.70805020110221,2.2680675881113324,5.850144698476558,0.446013671579636,0.4859475330910725,0.46239764506327696,0.45105250662787566,0.42601836244896674,0.09027777777777778,-0.2427547696339211,-0.23274215893219724,-0.8448794936695814,-1.4732298889330053,-1.1861498822438452,-1.0603054537390293,-0.5411682166038927,0.1498330672820134,-0.7266169599872581
36061,2021,3,1.0,8.25,0.0,0.0,857.6060606060606,1230.0,Manhattan,2.5,31,3.4339872044851463,0.6931471805599453,2.224623551524334,6.755310214472816,0.446013671579636,0.4859475330910725,0.46239764506327696,0.45105250662787566,0.42601836244896674,0.09027777777777778,-0.2427547696339211,-0.23274215893219724,1.0013621241305846,-1.4732298889330053,-1.1861498822438452,-1.0603054537390293,-0.5411682166038927,0.1498330672820134,-0.7266169599872581
36061,2021,4,1.0,5.5,0.0,0.0,366.3181818181818,423.0,Manhattan,2.5,30,3.4011973816621555,0.6931471805599453,1.8718021769015913,5.906228452875132,0.446013671579636,0.4859475330910725,0.46239764506327696,0.45105250662787566,0.42601836244896674,0.09027777777777778,-0.2427547696339211,-0.23274215893219724,-0.7304869769162605,-1.4732298889330053,-1.1861498822438452,-1.0603054537390293,-0.5411682166038927,0.1498330672820134,-0.7266169599872581
36061,2021,5,0.0,,0.0,0.0,,,Manhattan,2.5,31,3.4339872044851463,0.0,,,0.446013671579636,0.4859475330910725,0.46239764506327696,0.45105250662787566,0.42601836244896674,0.09027777777777778,-0.2427547696339211,-0.23274215893219724,,-1.4732298889330053,-1.1861498822438452,-1.0603054537390293,-0.5411682166038927,0.1498330672820134,-0.7266169599872581
36061,2021,6,10.0,2.9,0.0,0.0,245.05,256.7,Manhattan,2.5,30,3.4011973816621555,2.3978952727983707,1.3609765531356006,5.505534767311987,0.446013671579636,0.4859475330910725,0.46239764506327696,0.45105250662787566,0.42601836244896674,0.09027777777777778,-0.2427547696339211,-0.23274215893219724,-1.5477710483959222,-1.4732298889330053,-1.1861498822438452,-1.0603054537390293,-0.5411682166038927,0.1498330672820134,-0.7266169599872581
36061,2021,7,5.0,2.6,0.0,0.0,844.9131578947369,998.4,Manhattan,2.5,31,3.4339872044851463,1.791759469228055,1.2809338454620642,6.740416704094699,0.446013671579636,0.4859475330910725,0.46239764506327696,0.45105250662787566,0.42601836244896674,0.09027777777777778,-0.2427547696339211,-0.23274215893219724,0.9709842338892019,-1.4732298889330053,-1.1861498822438452,-1.0603054537390293,-0.5411682166038927,0.1498330672820134,-0.7266169599872581
36061,2021,8,3.0,0.5833333333333334,0.0,0.0,327.8888888888889,329.3333333333333,Manhattan,2.5,31,3.4339872044851463,1.3862943611198906,0.4595323293784402,5.795719969981887,0.446013671579636,0.4859475330910725,0.46239764506327696,0.45105250662787566,0.42601836244896674,0.09027777777777778,-0.2427547696339211,-0.23274215893219724,-0.9558881401641869,-1.4732298889330053,-1.1861498822438452,-1.0603054537390293,-0.5411682166038927,0.1498330672820134,-0.7266169599872581
36061,2021,9,3.0,5.666666666666667,0.0,0.0,398.38357843137254,538.6666666666666,Manhattan,2.5,30,3.4011973816621555,1.3862943611198906,1.8971199848858813,5.989922304541484,0.446013671579636,0.4859475330910725,0.46239764506327696,0.45105250662787566,0.42601836244896674,0.09027777777777778,-0.2427547696339211,-0.23274215893219724,-0.5597788916327143,-1.4732298889330053,-1.1861498822438452,-1.0603054537390293,-0.5411682166038927,0.1498330672820134,-0.7266169599872581
36061,2021,10,0.0,,0.0,0.0,,,Manhattan,2.5,31,3.4339872044851463,0.0,,,0.446013671579636,0.4859475330910725,0.46239764506327696,0.45105250662787566,0.42601836244896674,0.09027777777777778,-0.2427547696339211,-0.23274215893219724,,-1.4732298889330053,-1.1861498822438452,-1.0603054537390293,-0.5411682166038927,0.1498330672820134,-0.7266169599872581
36061,2021,11,0.0,,0.0,0.0,,,Manhattan,2.5,30,3.4011973816621555,0.0,,,0.446013671579636,0.4859475330910725,0.46239764506327696,0.45105250662787566,0.42601836244896674,0.09027777777777778,-0.2427547696339211,-0.23274215893219724,,-1.4732298889330053,-1.1861498822438452,-1.0603054537390293,-0.5411682166038927,0.1498330672820134,-0.7266169599872581
36061,2021,12,5.0,3.75,0.0,0.0,315.47234893957585,337.2,Manhattan,2.5,31,3.4339872044851463,1.791759469228055,1.55814461804655,5.757235872647853,0.446013671579636,0.4859475330910725,0.46239764506327696,0.45105250662787566,0.42601836244896674,0.09027777777777778,-0.2427547696339211,-0.23274215893219724,-1.034383112482442,-1.4732298889330053,-1.1861498822438452,-1.0603054537390293,-0.5411682166038927,0.1498330672820134,-0.7266169599872581
36061,2022,1,9.0,2.5277777777777777,0.0,0.0,293.78162503588857,308.0,Manhattan,3.5,31,3.4339872044851463,2.302585092994046,1.2606681480024813,5.686234828100821,0.446013671579636,0.4859475330910725,0.46239764506327696,0.45105250662787566,0.42601836244896674,0.09027777777777778,-0.2427547696339211,-0.23274215893219724,-1.1792020224314563,-1.4732298889330053,-1.1861498822438452,-1.0603054537390293,-0.5411682166038927,0.1498330672820134,-0.7266169599872581
36061,2022,2,6.0,1.625,0.0,0.0,397.33816425120773,405.5,Manhattan,3.5,28,3.332204510175204,1.9459101490553132,0.965080896043587,5.987301303451259,0.446013671579636,0.4859475330910725,0.46239764506327696,0.45105250662787566,0.42601836244896674,0.09027777777777778,-0.2427547696339211,-0.23274215893219724,-0.5651248766570637,-1.4732298889330053,-1.1861498822438452,-1.0603054537390293,-0.5411682166038927,0.1498330672820134,-0.7266169599872581
36061,2022,3,3.0,0.8333333333333334,0.0,0.0,329.3333333333333,335.6666666666667,Manhattan,3.5,31,3.4339872044851463,1.3862943611198906,0.6061358035703156,5.800102245661878,0.446013671579636,0.4859475330910725,0.46239764506327696,0.45105250662787566,0.42601836244896674,0.09027777777777778,-0.2427547696339211,-0.23274215893219724,-0.9469497310024452,-1.4732298889330053,-1.1861498822438452,-1.0603054537390293,-0.5411682166038927,0.1498330672820134,-0.7266169599872581
36061,2022,4,4.0,0.6875,2.0,0.5,1778.53125,1778.75,Manhattan,3.5,30,3.4011973816621555,1.6094379124341003,0.5232481437645479,7.484105265908725,0.446013671579636,0.4859475330910725,0.46239764506327696,0.45105250662787566,0.42601836244896674,0.09027777777777778,3.6938090622675017,9.524451294285875,2.4878656762757916,-1.4732298889330053,-1.1861498822438452,-1.0603054537390293,-0.5411682166038927,0.1498330672820134,-0.7266169599872581
36061,2022,5,4.0,0.875,0.0,0.0,243.27272727272725,251.5,Manhattan,3.5,31,3.4339872044851463,1.6094379124341003,0.6286086594223741,5.498285335817121,0.446013671579636,0.4859475330910725,0.46239764506327696,0.45105250662787566,0.42601836244896674,0.09027777777777778,-0.2427547696339211,-0.23274215893219724,-1.5625575177152735,-1.4732298889330053,-1.1861498822438452,-1.0603054537390293,-0.5411682166038927,0.1498330672820134,-0.7266169599872581
36061,2022,6,0.0,,0.0,0.0,,,Manhattan,3.5,30,3.4011973816621555,0.0,,,0.446013671579636,0.4859475330910725,0.46239764506327696,0.45105250662787566,0.42601836244896674,0.09027777777777778,-0.2427547696339211,-0.23274215893219724,,-1.4732298889330053,-1.1861498822438452,-1.0603054537390293,-0.5411682166038927,0.1498330672820134,-0.7266169599872581
36061,2022,7,7.0,5.678571428571429,0.0,0.0,440.6483601831274,490.42857142857144,Manhattan,3.5,31,3.4339872044851463,2.0794415416798357,1.8989041066793828,6.090514000251218,0.446013671579636,0.4859475330910725,0.46239764506327696,0.45105250662787566,0.42601836244896674,0.09027777777777778,-0.2427547696339211,-0.23274215893219724,-0.3546047309489695,-1.4732298889330053,-1.1861498822438452,-1.0603054537390293,-0.5411682166038927,0.1498330672820134,-0.7266169599872581
36061,2022,8,2.0,2.875,0.0,0.0,244.0,244.0,Manhattan,3.5,31,3.4339872044851463,1.0986122886681098,1.3545456628053103,5.501258210544727,0.446013671579636,0.4859475330910725,0.46239764506327696,0.45105250662787566,0.42601836244896674,0.09027777777777778,-0.2427547696339211,-0.23274215893219724,-1.5564938255511143,-1.4732298889330053,-1.1861498822438452,-1.0603054537390293,-0.5411682166038927,0.1498330672820134,-0.7266169599872581
36061,2022,9,8.0,1.8125,0.0,0.0,289.9246031746032,302.25,Manhattan,3.5,30,3.4011973816621555,2.1972245773362196,1.0340737675305385,5.673064137980504,0.446013671579636,0.4859475330910725,0.46239764506327696,0.45105250662787566,0.42601836244896674,0.09027777777777778,-0.2427547696339211,-0.23274215893219724,-1.2060659227961485,-1.4732298889330053,-1.1861498822438452,-1.0603054537390293,-0.5411682166038927,0.1498330672820134,-0.7266169599872581
36061,2022,10,0.0,,0.0,0.0,,,Manhattan,3.5,31,3.4339872044851463,0.0,,,0.446013671579636,0.4859475330910725,0.46239764506327696,0.45105250662787566,0.42601836244896674,0.09027777777777778,-0.2427547696339211,-0.23274215893219724,,-1.4732298889330053,-1.1861498822438452,-1.0603054537390293,-0.5411682166038927,0.1498330672820134,-0.7266169599872581
36061,2022,11,0.0,,0.0,0.0,,,Manhattan,3.5,30,3.4011973816621555,0.0,,,0.446013671579636,0.4859475330910725,0.46239764506327696,0.45105250662787566,0.42601836244896674,0.09027777777777778,-0.2427547696339211,-0.23274215893219724,,-1.4732298889330053,-1.1861498822438452,-1.0603054537390293,-0.5411682166038927,0.1498330672820134,-0.7266169599872581
36061,2022,12,1.0,6.0,0.0,0.0,468.7916666666667,495.0,Manhattan,3.5,31,3.4339872044851463,0.6931471805599453,1.9459101490553132,6.152289334022933,0.446013671579636,0.4859475330910725,0.46239764506327696,0.45105250662787566,0.42601836244896674,0.09027777777777778,-0.2427547696339211,-0.23274215893219724,-0.22860325370830545,-1.4732298889330053,-1.1861498822438452,-1.0603054537390293,-0.5411682166038927,0.1498330672820134,-0.7266169599872581
36061,2023,1,1.0,1.75,0.0,0.0,286.7142857142857,338.0,Manhattan,4.5,31,3.4339872044851463,0.6931471805599453,1.0116009116784799,5.661967924223195,0.446013671579636,0.4859475330910725,0.46239764506327696,0.45105250662787566,0.42601836244896674,0.09027777777777778,-0.2427547696339211,-0.23274215893219724,-1.2286985698388306,-1.4732298889330053,-1.1861498822438452,-1.0603054537390293,-0.5411682166038927,0.1498330672820134,-0.7266169599872581
36061,2023,2,0.0,,0.0,0.0,,,Manhattan,4.5,28,3.332204510175204,0.0,,,0.446013671579636,0.4859475330910725,0.46239764506327696,0.45105250662787566,0.42601836244896674,0.09027777777777778,-0.2427547696339211,-0.23274215893219724,,-1.4732298889330053,-1.1861498822438452,-1.0603054537390293,-0.5411682166038927,0.1498330672820134,-0.7266169599872581
36061,2023,3,4.0,2.0,0.0,0.0,497.0881578947368,511.75,Manhattan,4.5,31,3.4339872044851463,1.6094379124341003,1.0986122886681098,6.210777085242787,0.446013671579636,0.4859475330910725,0.46239764506327696,0.45105250662787566,0.42601836244896674,0.09027777777777778,-0.2427547696339211,-0.23274215893219724,-0.10930736966792964,-1.4732298889330053,-1.1861498822438452,-1.0603054537390293,-0.5411682166038927,0.1498330672820134,-0.7266169599872581
36061,2023,4,2.0,5.5,0.0,0.0,250.26470588235293,286.0,Manhattan,4.5,30,3.4011973816621555,1.0986122886681098,1.8718021769015913,5.526506988535457,0.446013671579636,0.4859475330910725,0.46239764506327696,0.45105250662787566,0.42601836244896674,0.09027777777777778,-0.2427547696339211,-0.23274215893219724,-1.5049945760754249,-1.4732298889330053,-1.1861498822438452,-1.0603054537390293,-0.5411682166038927,0.1498330672820134,-0.7266169599872581
36061,2023,5,0.0,,0.0,0.0,,,Manhattan,4.5,31,3.4339872044851463,0.0,,,0.446013671579636,0.4859475330910725,0.46239764506327696,0.45105250662787566,0.42601836244896674,0.09027777777777778,-0.2427547696339211,-0.23274215893219724,,-1.4732298889330053,-1.1861498822438452,-1.0603054537390293,-0.5411682166038927,0.1498330672820134,-0.7266169599872581
36061,2023,6,0.0,,0.0,0.0,,,Manhattan,4.5,30,3.4011973816621555,0.0,,,0.446013671579636,0.4859475330910725,0.46239764506327696,0.45105250662787566,0.42601836244896674,0.09027777777777778,-0.2427547696339211,-0.23274215893219724,,-1.4732298889330053,-1.1861498822438452,-1.0603054537390293,-0.5411682166038927,0.1498330672820134,-0.7266169599872581
36061,2023,7,1.0,8.0,0.0,0.0,322.625,346.0,Manhattan,4.5,31,3.4339872044851463,0.6931471805599453,2.1972245773362196,5.7795854380717016,0.446013671579636,0.4859475330910725,0.46239764506327696,0.45105250662787566,0.42601836244896674,0.09027777777777778,-0.2427547696339211,-0.23274215893219724,-0.988797308454279,-1.4732298889330053,-1.1861498822438452,-1.0603054537390293,-0.5411682166038927,0.1498330672820134,-0.7266169599872581
36061,2023,8,1.0,5.75,0.0,0.0,404.0869565217391,538.0,Manhattan,4.5,31,3.4339872044851463,0.6931471805599453,1.9095425048844386,6.004101751521275,0.446013671579636,0.4859475330910725,0.46239764506327696,0.45105250662787566,0.42601836244896674,0.09027777777777778,-0.2427547696339211,-0.23274215893219724,-0.5308574571891289,-1.4732298889330053,-1.1861498822438452,-1.0603054537390293,-0.5411682166038927,0.1498330672820134,-0.7266169599872581
36061,2023,9,4.0,1.0625,0.0,0.0,267.04545454545456,267.25,Manhattan,4.5,30,3.4011973816621555,1.6094379124341003,0.723918839226699,5.591156572642189,0.446013671579636,0.4859475330910725,0.46239764506327696,0.45105250662787566,0.42601836244896674,0.09027777777777778,-0.2427547696339211,-0.23274215893219724,-1.3731305681763295,-1.4732298889330053,-1.1861498822438452,-1.0603054537390293,-0.5411682166038927,0.1498330672820134,-0.7266169599872581
36061,2023,10,3.0,1.0833333333333333,0.0,0.0,264.6666666666667,264.6666666666667,Manhattan,4.5,31,3.4339872044851463,1.3862943611198906,0.7339691750802004,5.582242390122105,0.446013671579636,0.4859475330910725,0.46239764506327696,0.45105250662787566,0.42601836244896674,0.09027777777777778,-0.2427547696339211,-0.23274215893219724,-1.3913125851294728,-1.4732298889330053,-1.1861498822438452,-1.0603054537390293,-0.5411682166038927,0.1498330672820134,-0.7266169599872581
36061,2023,11,2.0,0.875,0.0,0.0,292.0,292.0,Manhattan,4.5,30,3.4011973816621555,1.0986122886681098,0.6286086594223741,5.680172609017068,0.446013671579636,0.4859475330910725,0.46239764506327696,0.45105250662787566,0.42601836244896674,0.09027777777777778,-0.2427547696339211,-0.23274215893219724,-1.1915669667105457,-1.4732298889330053,-1.1861498822438452,-1.0603054537390293,-0.5411682166038927,0.1498330672820134,-0.7266169599872581
36061,2023,12,4.0,3.3125,0.0,0.0,261.59999999999997,271.0,Manhattan,4.5,31,3.4339872044851463,1.6094379124341003,1.461517782357478,5.5706319618686955,0.446013671579636,0.4859475330910725,0.46239764506327696,0.45105250662787566,0.42601836244896674,0.09027777777777778,-0.2427547696339211,-0.23274215893219724,-1.4149940615700938,-1.4732298889330053,-1.1861498822438452,-1.0603054537390293,-0.5411682166038927,0.1498330672820134,-0.7266169599872581
36081,2014,1,0.0,,0.0,0.0,,,Queens,-4.5,31,3.4339872044851463,0.0,,,0.48349489981555227,0.505534734693562,0.5750860820260865,0.4558175748462379,0.36168008008874525,0.07772795216741404,-0.2427547696339211,-0.23274215893219724,,-0.3783781252033366,-0.5481991913894151,0.011123545153963216,-0.37853354705136866,-0.8490647490084672,-0.7777056455441893
36081,2014,2,0.0,,0.0,0.0,,,Queens,-4.5,28,3.332204510175204,0.0,,,0.48349489981555227,0.505534734693562,0.5750860820260865,0.4558175748462379,0.36168008008874525,0.07772795216741404,-0.2427547696339211,-0.23274215893219724,,-0.3783781252033366,-0.5481991913894151,0.011123545153963216,-0.37853354705136866,-0.8490647490084672,-0.7777056455441893
36081,2014,3,0.0,,0.0,0.0,,,Queens,-4.5,31,3.4339872044851463,0.0,,,0.48349489981555227,0.505534734693562,0.5750860820260865,0.4558175748462379,0.36168008008874525,0.07772795216741404,-0.2427547696339211,-0.23274215893219724,,-0.3783781252033366,-0.5481991913894151,0.011123545153963216,-0.37853354705136866,-0.8490647490084672,-0.7777056455441893
36081,2014,4,0.0,,0.0,0.0,,,Queens,-4.5,30,3.4011973816621555,0.0,,,0.48349489981555227,0.505534734693562,0.5750860820260865,0.4558175748462379,0.36168008008874525,0.07772795216741404,-0.2427547696339211,-0.23274215893219724,,-0.3783781252033366,-0.5481991913894151,0.011123545153963216,-0.37853354705136866,-0.8490647490084672,-0.7777056455441893
36081,2014,5,0.0,,0.0,0.0,,,Queens,-4.5,31,3.4339872044851463,0.0,,,0.48349489981555227,0.505534734693562,0.5750860820260865,0.4558175748462379,0.36168008008874525,0.07772795216741404,-0.2427547696339211,-0.23274215893219724,,-0.3783781252033366,-0.5481991913894151,0.011123545153963216,-0.37853354705136866,-0.8490647490084672,-0.7777056455441893
36081,2014,6,0.0,,0.0,0.0,,,Queens,-4.5,30,3.4011973816621555,0.0,,,0.48349489981555227,0.505534734693562,0.5750860820260865,0.4558175748462379,0.36168008008874525,0.07772795216741404,-0.2427547696339211,-0.23274215893219724,,-0.3783781252033366,-0.5481991913894151,0.011123545153963216,-0.37853354705136866,-0.8490647490084672,-0.7777056455441893
36081,2014,7,0.0,,0.0,0.0,,,Queens,-4.5,31,3.4339872044851463,0.0,,,0.48349489981555227,0.505534734693562,0.5750860820260865,0.4558175748462379,0.36168008008874525,0.07772795216741404,-0.2427547696339211,-0.23274215893219724,,-0.3783781252033366,-0.5481991913894151,0.011123545153963216,-0.37853354705136866,-0.8490647490084672,-0.7777056455441893
36081,2014,8,0.0,,0.0,0.0,,,Queens,-4.5,31,3.4339872044851463,0.0,,,0.48349489981555227,0.505534734693562,0.5750860820260865,0.4558175748462379,0.36168008008874525,0.07772795216741404,-0.2427547696339211,-0.23274215893219724,,-0.3783781252033366,-0.5481991913894151,0.011123545153963216,-0.37853354705136866,-0.8490647490084672,-0.7777056455441893
36081,2014,9,0.0,,0.0,0.0,,,Queens,-4.5,30,3.4011973816621555,0.0,,,0.48349489981555227,0.505534734693562,0.5750860820260865,0.4558175748462379,0.36168008008874525,0.07772795216741404,-0.2427547696339211,-0.23274215893219724,,-0.3783781252033366,-0.5481991913894151,0.011123545153963216,-0.37853354705136866,-0.8490647490084672,-0.7777056455441893
36081,2014,10,0.0,,0.0,0.0,,,Queens,-4.5,31,3.4339872044851463,0.0,,,0.48349489981555227,0.505534734693562,0.5750860820260865,0.4558175748462379,0.36168008008874525,0.07772795216741404,-0.2427547696339211,-0.23274215893219724,,-0.3783781252033366,-0.5481991913894151,0.011123545153963216,-0.37853354705136866,-0.8490647490084672,-0.7777056455441893
36081,2014,11,9.0,2.7222222222222223,0.0,0.0,720.5287561146051,949.2222222222222,Queens,-4.5,30,3.4011973816621555,2.302585092994046,1.3143208614948014,6.5813722334343945,0.48349489981555227,0.505534734693562,0.5750860820260865,0.4558175748462379,0.36168008008874525,0.07772795216741404,-0.2427547696339211,-0.23274215893219724,0.6465855293154132,-0.3783781252033366,-0.5481991913894151,0.011123545153963216,-0.37853354705136866,-0.8490647490084672,-0.7777056455441893
36081,2014,12,5.0,1.55,0.0,0.0,407.04436974789917,413.6,Queens,-4.5,31,3.4339872044851463,1.791759469228055,0.9360933591703348,6.011375917873482,0.48349489981555227,0.505534734693562,0.5750860820260865,0.4558175748462379,0.36168008008874525,0.07772795216741404,-0.2427547696339211,-0.23274215893219724,-0.5160205368503493,-0.3783781252033366,-0.5481991913894151,0.011123545153963216,-0.37853354705136866,-0.8490647490084672,-0.7777056455441893
36081,2015,1,16.0,3.875,0.0,0.0,433.2577361115382,653.25,Queens,-3.5,31,3.4339872044851463,2.833213344056216,1.5841201044498106,6.073638219842297,0.48349489981555227,0.505534734693562,0.5750860820260865,0.4558175748462379,0.36168008008874525,0.07772795216741404,-0.2427547696339211,-0.23274215893219724,-0.3890258037507927,-0.3783781252033366,-0.5481991913894151,0.011123545153963216,-0.37853354705136866,-0.8490647490084672,-0.7777056455441893
36081,2015,2,27.0,5.546296296296297,0.0,0.0,296.86536705853604,397.8888888888889,Queens,-3.5,28,3.332204510175204,3.332204510175204,1.8788994387723532,5.696641596024104,0.48349489981555227,0.505534734693562,0.5750860820260865,0.4558175748462379,0.36168008008874525,0.07772795216741404,-0.2427547696339211,-0.23274215893219724,-1.1579756194065827,-0.3783781252033366,-0.5481991913894151,0.011123545153963216,-0.37853354705136866,-0.8490647490084672,-0.7777056455441893
36081,2015,3,21.0,6.273809523809524,0.0,0.0,365.19464190674,425.9047619047619,Queens,-3.5,31,3.4339872044851463,3.091042453358316,1.9842801603282818,5.903165000529708,0.48349489981555227,0.505534734693562,0.5750860820260865,0.4558175748462379,0.36168008008874525,0.07772795216741404,-0.2427547696339211,-0.23274215893219724,-0.736735417797311,-0.3783781252033366,-0.5481991913894151,0.011123545153963216,-0.37853354705136866,-0.8490647490084672,-0.7777056455441893
36081,2015,4,8.0,2.21875,0.0,0.0,385.67878151260504,528.625,Queens,-3.5,30,3.4011973816621555,2.1972245773362196,1.1689930854299093,5.957594326439596,0.48349489981555227,0.505534734693562,0.5750860820260865,0.4558175748462379,0.36168008008874525,0.07772795216741404,-0.2427547696339211,-0.23274215893219724,-0.6257173940792506,-0.3783781252033366,-0.5481991913894151,0.011123545153963216,-0.37853354705136866,-0.8490647490084672,-0.7777056455441893
36081,2015,5,15.0,2.1666666666666665,0.0,0.0,483.750509357972,695.6,Queens,-3.5,31,3.4339872044851463,2.772588722239781,1.1526795099383853,6.183634344886463,0.48349489981555227,0.505534734693562,0.5750860820260865,0.4558175748462379,0.36168008008874525,0.07772795216741404,-0.2427547696339211,-0.23274215893219724,-0.1646696829480978,-0.3783781252033366,-0.5481991913894151,0.011123545153963216,-0.37853354705136866,-0.8490647490084672,-0.7777056455441893
36081,2015,6,24.0,2.0416666666666665,0.0,0.0,408.12581512073433,462.9583333333333,Queens,-3.5,30,3.4011973816621555,3.2188758248682006,1.1124056108004454,6.0140227251706815,0.48349489981555227,0.505534734693562,0.5750860820260865,0.4558175748462379,0.36168008008874525,0.07772795216741404,-0.2427547696339211,-0.23274215893219724,-0.5106219156037058,-0.3783781252033366,-0.5481991913894151,0.011123545153963216,-0.37853354705136866,-0.8490647490084672,-0.7777056455441893
36081,2015,7,8.0,1.125,0.0,0.0,299.4732142857143,338.5,Queens,-3.5,31,3.4339872044851463,2.1972245773362196,0.7537718023763802,5.705358612849945,0.48349489981555227,0.505534734693562,0.5750860820260865,0.4558175748462379,0.36168008008874525,0.07772795216741404,-0.2427547696339211,-0.23274215893219724,-1.1401957559865552,-0.3783781252033366,-0.5481991913894151,0.011123545153963216,-0.37853354705136866,-0.8490647490084672,-0.7777056455441893
36081,2015,8,15.0,1.6833333333333333,0.0,0.0,511.14023809523803,620.8,Queens,-3.5,31,3.4339872044851463,2.772588722239781,0.9870598027623623,6.2385984900648195,0.48349489981555227,0.505534734693562,0.5750860820260865,0.4558175748462379,0.36168008008874525,0.07772795216741404,-0.2427547696339211,-0.23274215893219724,-0.052560802835268275,-0.3783781252033366,-0.5481991913894151,0.011123545153963216,-0.37853354705136866,-0.8490647490084672,-0.7777056455441893
36081,2015,9,11.0,1.0909090909090908,0.0,0.0,371.542663476874,380.27272727272725,Queens,-3.5,30,3.4011973816621555,2.4849066497880004,0.7375989431307791,5.9203515640850535,0.48349489981555227,0.505534734693562,0.5750860820260865,0.4558175748462379,0.36168008008874525,0.07772795216741404,-0.2427547696339211,-0.23274215893219724,-0.7016804490185654,-0.3783781252033366,-0.5481991913894151,0.011123545153963216,-0.37853354705136866,-0.8490647490084672,-0.7777056455441893
36081,2015,10,12.0,1.0833333333333333,0.0,0.0,601.2689814814815,652.9166666666666,Queens,-3.5,31,3.4339872044851463,2.5649493574615367,0.7339691750802004,6.400704158609738,0.48349489981555227,0.505534734693562,0.5750860820260865,0.4558175748462379,0.36168008008874525,0.07772795216741404,-0.2427547696339211,-0.23274215893219724,0.2780817442568427,-0.3783781252033366,-0.5481991913894151,0.011123545153963216,-0.37853354705136866,-0.8490647490084672,-0.7777056455441893
36081,2015,11,10.0,1.025,0.0,0.0,747.7,791.2,Queens,-3.5,30,3.4011973816621555,2.3978952727983707,0.7055697005585024,6.61833836923664,0.48349489981555227,0.505534734693562,0.5750860820260865,0.4558175748462379,0.36168008008874525,0.07772795216741404,-0.2427547696339211,-0.23274215893219724,0.7219843565588944,-0.3783781252033366,-0.5481991913894151,0.011123545153963216,-0.37853354705136866,-0.8490647490084672,-0.7777056455441893
36081,2015,12,5.0,1.95,0.0,0.0,431.8759259259259,560.4,Queens,-3.5,31,3.4339872044851463,1.791759469228055,1.0818051703517284,6.070451141734854,0.48349489981555227,0.505534734693562,0.5750860820260865,0.4558175748462379,0.36168008008874525,0.07772795216741404,-0.2427547696339211,-0.23274215893219724,-0.3955264007544958,-0.3783781252033366,-0.5481991913894151,0.011123545153963216,-0.37853354705136866,-0.8490647490084672,-0.7777056455441893
36081,2016,1,18.0,2.6805555555555554,0.0,0.0,304.43507642184113,328.8888888888889,Queens,-2.5,31,3.4339872044851463,2.9444389791664403,1.303063706970167,5.721737240222846,0.48349489981555227,0.505534734693562,0.5750860820260865,0.4558175748462379,0.36168008008874525,0.07772795216741404,-0.2427547696339211,-0.23274215893219724,-1.106788712784066,-0.3783781252033366,-0.5481991913894151,0.011123545153963216,-0.37853354705136866,-0.8490647490084672,-0.7777056455441893
36081,2016,2,18.0,2.638888888888889,0.0,0.0,876.6099830255628,1151.2777777777778,Queens,-2.5,29,3.367295829986474,2.9444389791664403,1.2916783847450415,6.7772022842672905,0.48349489981555227,0.505534734693562,0.5750860820260865,0.4558175748462379,0.36168008008874525,0.07772795216741404,-0.2427547696339211,-0.23274215893219724,1.046014786698998,-0.3783781252033366,-0.5481991913894151,0.011123545153963216,-0.37853354705136866,-0.8490647490084672,-0.7777056455441893
36081,2016,3,11.0,2.522727272727273,0.0,0.0,648.0568364008496,837.2727272727273,Queens,-2.5,31,3.4339872044851463,2.4849066497880004,1.2592354830009855,6.47552028821759,0.48349489981555227,0.505534734693562,0.5750860820260865,0.4558175748462379,0.36168008008874525,0.07772795216741404,-0.2427547696339211,-0.23274215893219724,0.4306821800044614,-0.3783781252033366,-0.5481991913894151,0.011123545153963216,-0.37853354705136866,-0.8490647490084672,-0.7777056455441893
36081,2016,4,7.0,2.8214285714285716,0.0,0.0,779.9062585034014,1124.0,Queens,-2.5,30,3.4011973816621555,2.0794415416798357,1.3406243242867022,6.660455115111352,0.48349489981555227,0.505534734693562,0.5750860820260865,0.4558175748462379,0.36168008008874525,0.07772795216741404,-0.2427547696339211,-0.23274215893219724,0.8078887438406218,-0.3783781252033366,-0.5481991913894151,0.011123545153963216,-0.37853354705136866,-0.8490647490084672,-0.7777056455441893
36081,2016,5,8.0,2.90625,0.0,0.0,891.7970004286494,1163.25,Queens,-2.5,31,3.4339872044851463,2.1972245773362196,1.3625778345025745,6.7943592318864665,0.48349489981555227,0.505534734693562,0.5750860820260865,0.4558175748462379,0.36168008008874525,0.07772795216741404,-0.2427547696339211,-0.23274215893219724,1.0810093486538648,-0.3783781252033366,-0.5481991913894151,0.011123545153963216,-0.37853354705136866,-0.8490647490084672,-0.7777056455441893
36081,2016,6,3.0,1.25,0.0,0.0,383.3666666666666,383.6666666666667,Queens,-2.5,30,3.4011973816621555,1.3862943611198906,0.8109302162163288,5.9515969581089605,0.48349489981555227,0.505534734693562,0.5750860820260865,0.4558175748462379,0.36168008008874525,0.07772795216741404,-0.2427547696339211,-0.23274215893219724,-0.6379500640314509,-0.3783781252033366,-0.5481991913894151,0.011123545153963216,-0.37853354705136866,-0.8490647490084672,-0.7777056455441893
36081,2016,7,11.0,3.090909090909091,0.0,0.0,707.2876634308452,884.3636363636364,Queens,-2.5,31,3.4339872044851463,2.4849066497880004,1.4087672169719492,6.562850315455341,0.48349489981555227,0.505534734693562,0.5750860820260865,0.4558175748462379,0.36168008008874525,0.07772795216741404,-0.2427547696339211,-0.23274215893219724,0.6088068742406313,-0.3783781252033366,-0.5481991913894151,0.011123545153963216,-0.37853354705136866,-0.8490647490084672,-0.7777056455441893
36081,2016,8,24.0,3.0104166666666665,0.0,0.0,548.8076850677977,766.8333333333334,Queens,-2.5,31,3.4339872044851463,3.2188758248682006,1.3888951428199479,6.309568553566881,0.48349489981555227,0.505534734693562,0.5750860820260865,0.4558175748462379,0.36168008008874525,0.07772795216741404,-0.2427547696339211,-0.23274215893219724,0.09219491591437078,-0.3783781252033366,-0.5481991913894151,0.011123545153963216,-0.37853354705136866,-0.8490647490084672,-0.7777056455441893
36081,2016,9,11.0,1.9545454545454546,0.0,0.0,664.9126651126652,964.6363636363636,Queens,-2.5,30,3.4011973816621555,2.4849066497880004,1.0833448165373212,6.501158528477178,0.48349489981555227,0.505534734693562,0.5750860820260865,0.4558175748462379,0.36168008008874525,0.07772795216741404,-0.2427547696339211,-0.23274215893219724,0.48297580513479266,-0.3783781252033366,-0.5481991913894151,0.011123545153963216,-0.37853354705136866,-0.8490647490084672,-0.7777056455441893
36081,2016,10,9.0,2.388888888888889,0.0,0.0,1261.7153820487156,1458.7777777777778,Queens,-2.5,31,3.4339872044851463,2.302585092994046,1.2205021062771466,7.141019746241597,0.48349489981555227,0.505534734693562,0.5750860820260865,0.4558175748462379,0.36168008008874525,0.07772795216741404,-0.2427547696339211,-0.23274215893219724,1.7880834224446964,-0.3783781252033366,-0.5481991913894151,0.011123545153963216,-0.37853354705136866,-0.8490647490084672,-0.7777056455441893
36081,2016,11,7.0,1.0,0.0,0.0,441.260544217687,445.14285714285717,Queens,-2.5,30,3.4011973816621555,2.0794415416798357,0.6931471805599453,6.091899174966385,0.48349489981555227,0.505534734693562,0.5750860820260865,0.4558175748462379,0.36168008008874525,0.07772795216741404,-0.2427547696339211,-0.23274215893219724,-0.35177942755210884,-0.3783781252033366,-0.5481991913894151,0.011123545153963216,-0.37853354705136866,-0.8490647490084672,-0.7777056455441893
36081,2016,12,13.0,4.3076923076923075,0.0,0.0,604.0433608137593,776.8461538461538,Queens,-2.5,31,3.4339872044851463,2.6390573296152584,1.6691571471357225,6.405300126229159,0.48349489981555227,0.505534734693562,0.5750860820260865,0.4558175748462379,0.36168008008874525,0.07772795216741404,-0.2427547696339211,-0.23274215893219724,0.28745601508696605,-0.3783781252033366,-0.5481991913894151,0.011123545153963216,-0.37853354705136866,-0.8490647490084672,-0.7777056455441893
36081,2017,1,20.0,1.675,0.0,0.0,496.1852362914863,689.2,Queens,-1.5,31,3.4339872044851463,3.044522437723423,0.9839493803479699,6.2089626654939325,0.48349489981555227,0.505534734693562,0.5750860820260865,0.4558175748462379,0.36168008008874525,0.07772795216741404,-0.2427547696339211,-0.23274215893219724,-0.11300819254871208,-0.3783781252033366,-0.5481991913894151,0.011123545153963216,-0.37853354705136866,-0.8490647490084672,-0.7777056455441893
36081,2017,2,13.0,7.0576923076923075,0.0,0.0,476.8307192807193,762.5384615384615,Queens,-1.5,28,3.332204510175204,2.6390573296152584,2.0866272013407103,6.169256526003558,0.48349489981555227,0.505534734693562,0.5750860820260865,0.4558175748462379,0.36168008008874525,0.07772795216741404,-0.2427547696339211,-0.23274215893219724,-0.19399573119640764,-0.3783781252033366,-0.5481991913894151,0.011123545153963216,-0.37853354705136866,-0.8490647490084672,-0.7777056455441893
36081,2017,3,22.0,2.215909090909091,2.0,0.09090909090909091,567.3354978354978,670.5,Queens,-1.5,31,3.4339872044851463,3.1354942159291497,1.168110083165031,6.342711909550462,0.48349489981555227,0.505534734693562,0.5750860820260865,0.4558175748462379,0.36168008008874525,0.07772795216741404,3.6938090622675017,1.5412930143801797,0.15979652256981777,-0.3783781252033366,-0.5481991913894151,0.011123545153963216,-0.37853354705136866,-0.8490647490084672,-0.7777056455441893
36081,2017,4,12.0,1.9166666666666667,0.0,0.0,728.2771125116714,888.6666666666666,Queens,-1.5,30,3.4011973816621555,2.5649493574615367,1.0704414117014134,6.592053786680887,0.48349489981555227,0.505534734693562,0.5750860820260865,0.4558175748462379,0.36168008008874525,0.07772795216741404,-0.2427547696339211,-0.23274215893219724,0.6683724045309553,-0.3783781252033366,-0.5481991913894151,0.011123545153963216,-0.37853354705136866,-0.8490647490084672,-0.7777056455441893
36081,2017,5,11.0,1.4545454545454546,0.0,0.0,627.3432817182817,734.6363636363636,Queens,-1.5,31,3.4339872044851463,2.4849066497880004,0.8979415932059586,6.443086644062054,0.48349489981555227,0.505534734693562,0.5750860820260865,0.4558175748462379,0.36168008008874525,0.07772795216741404,-0.2427547696339211,-0.23274215893219724,0.3645281533666199,-0.3783781252033366,-0.5481991913894151,0.011123545153963216,-0.37853354705136866,-0.8490647490084672,-0.7777056455441893
36081,2017,6,12.0,3.75,0.0,0.0,549.7439677290274,738.3333333333334,Queens,-1.5,30,3.4011973816621555,2.5649493574615367,1.55814461804655,6.311270032792742,0.48349489981555227,0.505534734693562,0.5750860820260865,0.4558175748462379,0.36168008008874525,0.07772795216741404,-0.2427547696339211,-0.23274215893219724,0.09566537706550095,-0.3783781252033366,-0.5481991913894151,0.011123545153963216,-0.37853354705136866,-0.8490647490084672,-0.7777056455441893
36081,2017,7,17.0,2.2058823529411766,0.0,0.0,711.8898689771188,921.0,Queens,-1.5,31,3.4339872044851463,2.8903717578961645,1.1649873576129823,6.569326947021229,0.48349489981555227,0.505534734693562,0.5750860820260865,0.4558175748462379,0.36168008008874525,0.07772795216741404,-0.2427547696339211,-0.23274215893219724,0.6220170844494675,-0.3783781252033366,-0.5481991913894151,0.011123545153963216,-0.37853354705136866,-0.8490647490084672,-0.7777056455441893
36081,2017,8,10.0,1.2,0.0,0.0,588.349304029304,649.4,Queens,-1.5,31,3.4339872044851463,2.3978952727983707,0.7884573603642702,6.379019053759527,0.48349489981555227,0.505534734693562,0.5750860820260865,0.4558175748462379,0.36168008008874525,0.07772795216741404,-0.2427547696339211,-0.23274215893219724,0.23385122248673904,-0.3783781252033366,-0.5481991913894151,0.011123545153963216,-0.37853354705136866,-0.8490647490084672,-0.7777056455441893
36081,2017,9,12.0,0.875,0.0,0.0,1276.9049145299145,1345.0833333333333,Queens,-1.5,30,3.4011973816621555,2.5649493574615367,0.6286086594223741,7.152977230393251,0.48349489981555227,0.505534734693562,0.5750860820260865,0.4558175748462379,0.36168008008874525,0.07772795216741404,-0.2427547696339211,-0.23274215893219724,1.812472779412931,-0.3783781252033366,-0.5481991913894151,0.011123545153963216,-0.37853354705136866,-0.8490647490084672,-0.7777056455441893
36081,2017,10,10.0,1.575,0.0,0.0,726.5137426900585,885.9,Queens,-1.5,31,3.4339872044851463,2.3978952727983707,0.9458495341156995,6.589632889162841,0.48349489981555227,0.505534734693562,0.5750860820260865,0.4558175748462379,0.36168008008874525,0.07772795216741404,-0.2427547696339211,-0.23274215893219724,0.6634345653498798,-0.3783781252033366,-0.5481991913894151,0.011123545153963216,-0.37853354705136866,-0.8490647490084672,-0.7777056455441893
36081,2017,11,15.0,2.4833333333333334,0.0,0.0,562.7843702496334,630.6666666666666,Queens,-1.5,30,3.4011973816621555,2.772588722239781,1.2479896897427103,6.33467185614185,0.48349489981555227,0.505534734693562,0.5750860820260865,0.4558175748462379,0.36168008008874525,0.07772795216741404,-0.2427547696339211,-0.23274215893219724,0.14339744311971533,-0.3783781252033366,-0.5481991913894151,0.011123545153963216,-0.37853354705136866,-0.8490647490084672,-0.7777056455441893
36081,2017,12,21.0,1.0595238095238095,0.0,0.0,529.3164399092971,626.952380952381,Queens,-1.5,31,3.4339872044851463,3.091042453358316,0.7224747956544654,6.2734738848115255,0.48349489981555227,0.505534734693562,0.5750860820260865,0.4558175748462379,0.36168008008874525,0.07772795216741404,-0.2427547696339211,-0.23274215893219724,0.018573596432814334,-0.3783781252033366,-0.5481991913894151,0.011123545153963216,-0.37853354705136866,-0.8490647490084672,-0.7777056455441893
36081,2018,1,33.0,2.7803030303030303,0.0,0.0,645.3939975749195,791.5151515151515,Queens,-0.5,31,3.4339872044851463,3.5263605246161616,1.3298041731651478,6.471409221233881,0.48349489981555227,0.505534734693562,0.5750860820260865,0.4558175748462379,0.36168008008874525,0.07772795216741404,-0.2427547696339211,-0.23274215893219724,0.4222969478841981,-0.3783781252033366,-0.5481991913894151,0.011123545153963216,-0.37853354705136866,-0.8490647490084672,-0.7777056455441893
36081,2018,2,11.0,1.8863636363636365,0.0,0.0,534.0267148181587,588.3636363636364,Queens,-0.5,28,3.332204510175204,2.4849066497880004,1.0599974525403302,6.282316679888883,0.48349489981555227,0.505534734693562,0.5750860820260865,0.4558175748462379,0.36168008008874525,0.07772795216741404,-0.2427547696339211,-0.23274215893219724,0.03661000635009511,-0.3783781252033366,-0.5481991913894151,0.011123545153963216,-0.37853354705136866,-0.8490647490084672,-0.7777056455441893
36081,2018,3,29.0,6.612068965517241,4.0,0.13793103448275862,2425.5390163602574,3313.689655172414,Queens,-0.5,31,3.4339872044851463,3.4011973816621555,2.029735009497595,7.794221247990782,0.48349489981555227,0.505534734693562,0.5750860820260865,0.4558175748462379,0.36168008008874525,0.07772795216741404,7.630372894168924,2.45889741436934,3.1204008561370085,-0.3783781252033366,-0.5481991913894151,0.011123545153963216,-0.37853354705136866,-0.8490647490084672,-0.7777056455441893
36081,2018,4,9.0,2.5833333333333335,1.0,0.1111111111111111,648.1863734002623,876.7777777777778,Queens,-0.5,30,3.4011973816621555,2.302585092994046,1.2762934659055623,6.475719845586909,0.48349489981555227,0.505534734693562,0.5750860820260865,0.4558175748462379,0.36168008008874525,0.07772795216741404,1.7255271463167905,1.9355230528940413,0.43108921177253523,-0.3783781252033366,-0.5481991913894151,0.011123545153963216,-0.37853354705136866,-0.8490647490084672,-0.7777056455441893
36081,2018,5,17.0,1.8088235294117647,2.0,0.11764705882352941,640.4466386554623,693.6470588235294,Queens,-0.5,31,3.4339872044851463,2.8903717578961645,1.0327657228705232,6.463725998453172,0.48349489981555227,0.505534734693562,0.5750860820260865,0.4558175748462379,0.36168008008874525,0.07772795216741404,3.6938090622675017,2.063068065354408,0.4066256862133824,-0.3783781252033366,-0.5481991913894151,0.011123545153963216,-0.37853354705136866,-0.8490647490084672,-0.7777056455441893
36081,2018,6,15.0,2.216666666666667,0.0,0.0,597.7517147034253,707.6,Queens,-0.5,30,3.4011973816621555,2.772588722239781,1.168345626682785,6.394847012526327,0.48349489981555227,0.505534734693562,0.5750860820260865,0.4558175748462379,0.36168008008874525,0.07772795216741404,-0.2427547696339211,-0.23274215893219724,0.2661350818292241,-0.3783781252033366,-0.5481991913894151,0.011123545153963216,-0.37853354705136866,-0.8490647490084672,-0.7777056455441893
36081,2018,7,28.0,2.3482142857142856,1.0,0.03571428571428571,471.7559481527245,642.0,Queens,-0.5,31,3.4339872044851463,3.367295829986474,1.2084271546753163,6.158579289485272,0.48349489981555227,0.505534734693562,0.5750860820260865,0.4558175748462379,0.36168008008874525,0.07772795216741404,1.7255271463167905,0.4642002305833794,-0.21577380169819757,-0.3783781252033366,-0.5481991913894151,0.011123545153963216,-0.37853354705136866,-0.8490647490084672,-0.7777056455441893
36081,2018,8,25.0,3.01,0.0,0.0,439.7813640367252,726.44,Queens,-0.5,31,3.4339872044851463,3.258096538021482,1.3887912413184778,6.088548979351346,0.48349489981555227,0.505534734693562,0.5750860820260865,0.4558175748462379,0.36168008008874525,0.07772795216741404,-0.2427547696339211,-0.23274215893219724,-0.3586127309236463,-0.3783781252033366,-0.5481991913894151,0.011123545153963216,-0.37853354705136866,-0.8490647490084672,-0.7777056455441893
36081,2018,9,7.0,2.5,0.0,0.0,453.4523809523809,512.0,Queens,-0.5,30,3.4011973816621555,2.0794415416798357,1.252762968495368,6.119093135746524,0.48349489981555227,0.505534734693562,0.5750860820260865,0.4558175748462379,0.36168008008874525,0.07772795216741404,-0.2427547696339211,-0.23274215893219724,-0.2963126413590245,-0.3783781252033366,-0.5481991913894151,0.011123545153963216,-0.37853354705136866,-0.8490647490084672,-0.7777056455441893
36081,2018,10,14.0,1.2142857142857142,0.0,0.0,598.8633771929825,642.0,Queens,-0.5,31,3.4339872044851463,2.70805020110221,0.7949298748698876,6.396701924609138,0.48349489981555227,0.505534734693562,0.5750860820260865,0.4558175748462379,0.36168008008874525,0.07772795216741404,-0.2427547696339211,-0.23274215893219724,0.269918495828239,-0.3783781252033366,-0.5481991913894151,0.011123545153963216,-0.37853354705136866,-0.8490647490084672,-0.7777056455441893
36081,2018,11,17.0,2.1323529411764706,0.0,0.0,454.2996927411273,623.4117647058823,Queens,-0.5,30,3.4011973816621555,2.8903717578961645,1.1417844605333185,6.120955867491238,0.48349489981555227,0.505534734693562,0.5750860820260865,0.4558175748462379,0.36168008008874525,0.07772795216741404,-0.2427547696339211,-0.23274215893219724,-0.29251327780715025,-0.3783781252033366,-0.5481991913894151,0.011123545153963216,-0.37853354705136866,-0.8490647490084672,-0.7777056455441893
36081,2018,12,11.0,1.8409090909090908,0.0,0.0,565.6050636232454,655.0,Queens,-0.5,31,3.4339872044851463,2.4849066497880004,1.0441241033840398,6.339662524213605,0.48349489981555227,0.505534734693562,0.5750860820260865,0.4558175748462379,0.36168008008874525,0.07772795216741404,-0.2427547696339211,-0.23274215893219724,0.15357677378561976,-0.3783781252033366,-0.5481991913894151,0.011123545153963216,-0.37853354705136866,-0.8490647490084672,-0.7777056455441893
36081,2019,1,9.0,1.5555555555555556,0.0,0.0,455.74934640522883,533.5555555555555,Queens,0.5,31,3.4339872044851463,2.302585092994046,0.9382696385929303,6.124134764288792,0.48349489981555227,0.505534734693562,0.5750860820260865,0.4558175748462379,0.36168008008874525,0.07772795216741404,-0.2427547696339211,-0.23274215893219724,-0.2860293679999194,-0.3783781252033366,-0.5481991913894151,0.011123545153963216,-0.37853354705136866,-0.8490647490084672,-0.7777056455441893
36081,2019,2,22.0,2.2613636363636362,0.0,0.0,371.9425480885409,449.40909090909093,Queens,0.5,28,3.332204510175204,3.1354942159291497,1.1821454012814145,5.921424381208229,0.48349489981555227,0.505534734693562,0.5750860820260865,0.4558175748462379,0.36168008008874525,0.07772795216741404,-0.2427547696339211,-0.23274215893219724,-0.699492252952662,-0.3783781252033366,-0.5481991913894151,0.011123545153963216,-0.37853354705136866,-0.8490647490084672,-0.7777056455441893
36081,2019,3,10.0,8.575,0.0,0.0,443.2427990708478,559.4,Queens,0.5,31,3.4339872044851463,2.3978952727983707,2.2591555350667094,6.096371257721281,0.48349489981555227,0.505534734693562,0.5750860820260865,0.4558175748462379,0.36168008008874525,0.07772795216741404,-0.2427547696339211,-0.23274215893219724,-0.34265784132901006,-0.3783781252033366,-0.5481991913894151,0.011123545153963216,-0.37853354705136866,-0.8490647490084672,-0.7777056455441893
36081,2019,4,19.0,1.6710526315789473,0.0,0.0,441.6635756056809,468.36842105263156,Queens,0.5,30,3.4011973816621555,2.995732273553991,0.9824726387554562,6.092810058525398,0.48349489981555227,0.505534734693562,0.5750860820260865,0.4558175748462379,0.36168008008874525,0.07772795216741404,-0.2427547696339211,-0.23274215893219724,-0.34992152299664375,-0.3783781252033366,-0.5481991913894151,0.011123545153963216,-0.37853354705136866,-0.8490647490084672,-0.7777056455441893
36081,2019,5,11.0,1.2272727272727273,0.0,0.0,533.4350649350649,608.9090909090909,Queens,0.5,31,3.4339872044851463,2.4849066497880004,0.8007778447523107,6.2812102355920345,0.48349489981555227,0.505534734693562,0.5750860820260865,0.4558175748462379,0.36168008008874525,0.07772795216741404,-0.2427547696339211,-0.23274215893219724,0.03435322184768227,-0.3783781252033366,-0.5481991913894151,0.011123545153963216,-0.37853354705136866,-0.8490647490084672,-0.7777056455441893
36081,2019,6,24.0,2.125,1.0,0.041666666666666664,400.37772607022606,466.875,Queens,0.5,30,3.4011973816621555,3.2188758248682006,1.1394342831883648,5.9949029442152675,0.48349489981555227,0.505534734693562,0.5750860820260865,0.4558175748462379,0.36168008008874525,0.07772795216741404,1.7255271463167905,0.5803572955026421,-0.5496200156188794,-0.3783781252033366,-0.5481991913894151,0.011123545153963216,-0.37853354705136866,-0.8490647490084672,-0.7777056455441893
36081,2019,7,25.0,6.25,1.0,0.04,872.0665701256023,2077.4,Queens,0.5,31,3.4339872044851463,3.258096538021482,1.9810014688665833,6.772011807371787,0.48349489981555227,0.505534734693562,0.5750860820260865,0.4558175748462379,0.36168008008874525,0.07772795216741404,1.7255271463167905,0.5478333173252486,1.0354279113802214,-0.3783781252033366,-0.5481991913894151,0.011123545153963216,-0.37853354705136866,-0.8490647490084672,-0.7777056455441893
36081,2019,8,14.0,1.4107142857142858,0.0,0.0,602.7248299319727,680.7142857142857,Queens,0.5,31,3.4339872044851463,2.70805020110221,0.8799230877032802,6.40311851454408,0.48349489981555227,0.505534734693562,0.5750860820260865,0.4558175748462379,0.36168008008874525,0.07772795216741404,-0.2427547696339211,-0.23274215893219724,0.283006240746592,-0.3783781252033366,-0.5481991913894151,0.011123545153963216,-0.37853354705136866,-0.8490647490084672,-0.7777056455441893
36081,2019,9,2.0,0.875,0.0,0.0,368.1,368.5,Queens,0.5,30,3.4011973816621555,1.0986122886681098,0.6286086594223741,5.911067610035953,0.48349489981555227,0.505534734693562,0.5750860820260865,0.4558175748462379,0.36168008008874525,0.07772795216741404,-0.2427547696339211,-0.23274215893219724,-0.7206166789569404,-0.3783781252033366,-0.5481991913894151,0.011123545153963216,-0.37853354705136866,-0.8490647490084672,-0.7777056455441893
36081,2019,10,16.0,3.046875,1.0,0.0625,550.0274302572376,785.625,Queens,0.5,31,3.4339872044851463,2.833213344056216,1.3979449783398659,6.31178459059481,0.48349489981555227,0.505534734693562,0.5750860820260865,0.4558175748462379,0.36168008008874525,0.07772795216741404,1.7255271463167905,0.9869070227200619,0.09671490669533367,-0.3783781252033366,-0.5481991913894151,0.011123545153963216,-0.37853354705136866,-0.8490647490084672,-0.7777056455441893
36081,2019,11,11.0,4.4772727272727275,1.0,0.09090909090909091,825.2032828282828,1460.4545454545455,Queens,0.5,30,3.4011973816621555,2.4849066497880004,1.700607299572394,6.716840848361067,0.48349489981555227,0.505534734693562,0.5750860820260865,0.4558175748462379,0.36168008008874525,0.07772795216741404,1.7255271463167905,1.5412930143801797,0.9228971986879367,-0.3783781252033366,-0.5481991913894151,0.011123545153963216,-0.37853354705136866,-0.8490647490084672,-0.7777056455441893
36081,2019,12,25.0,1.82,0.0,0.0,480.1052222222222,525.44,Queens,0.5,31,3.4339872044851463,3.258096538021482,1.0367368849500223,6.176086003400647,0.48349489981555227,0.505534734693562,0.5750860820260865,0.4558175748462379,0.36168008008874525,0.07772795216741404,-0.2427547696339211,-0.23274215893219724,-0.1800658308903261,-0.3783781252033366,-0.5481991913894151,0.011123545153963216,-0.37853354705136866,-0.8490647490084672,-0.7777056455441893
36081,2020,1,15.0,2.066666666666667,0.0,0.0,397.05735517568854,444.0,Queens,1.5,31,3.4339872044851463,2.772588722239781,1.120591195386885,5.986596103383437,0.48349489981555227,0.505534734693562,0.5750860820260865,0.4558175748462379,0.36168008008874525,0.07772795216741404,-0.2427547696339211,-0.23274215893219724,-0.5665632541593872,-0.3783781252033366,-0.5481991913894151,0.011123545153963216,-0.37853354705136866,-0.8490647490084672,-0.7777056455441893
36081,2020,2,7.0,3.0714285714285716,1.0,0.14285714285714285,641.417970521542,947.5714285714286,Queens,1.5,29,3.367295829986474,2.0794415416798357,1.4039939382192916,6.465239136278555,0.48349489981555227,0.505534734693562,0.5750860820260865,0.4558175748462379,0.36168008008874525,0.07772795216741404,1.7255271463167905,2.5550273991301093,0.40971199250468576,-0.3783781252033366,-0.5481991913894151,0.011123545153963216,-0.37853354705136866,-0.8490647490084672,-0.7777056455441893
36081,2020,3,12.0,2.0833333333333335,0.0,0.0,464.3233679057209,502.0,Queens,1.5,31,3.4339872044851463,2.5649493574615367,1.1260112628562242,6.142732578749504,0.48349489981555227,0.505534734693562,0.5750860820260865,0.4558175748462379,0.36168008008874525,0.07772795216741404,-0.2427547696339211,-0.23274215893219724,-0.24809590892453626,-0.3783781252033366,-0.5481991913894151,0.011123545153963216,-0.37853354705136866,-0.8490647490084672,-0.7777056455441893
36081,2020,4,9.0,2.25,0.0,0.0,498.4904761904761,629.8888888888889,Queens,1.5,30,3.4011973816621555,2.302585092994046,1.1786549963416462,6.213588531221103,0.48349489981555227,0.505534734693562,0.5750860820260865,0.4558175748462379,0.36168008008874525,0.07772795216741404,-0.2427547696339211,-0.23274215893219724,-0.10357293935697062,-0.3783781252033366,-0.5481991913894151,0.011123545153963216,-0.37853354705136866,-0.8490647490084672,-0.7777056455441893
36081,2020,5,11.0,1.0227272727272727,1.0,0.09090909090909091,404.1753246753247,446.8181818181818,Queens,1.5,31,3.4339872044851463,2.4849066497880004,0.7044467358138786,6.0043198738650805,0.48349489981555227,0.505534734693562,0.5750860820260865,0.4558175748462379,0.36168008008874525,0.07772795216741404,1.7255271463167905,1.5412930143801797,-0.5304125589447866,-0.3783781252033366,-0.5481991913894151,0.011123545153963216,-0.37853354705136866,-0.8490647490084672,-0.7777056455441893
36081,2020,6,16.0,1.6875,0.0,0.0,418.90422181984684,546.75,Queens,1.5,30,3.4011973816621555,2.833213344056216,0.9886113934537812,6.040026641985511,0.48349489981555227,0.505534734693562,0.5750860820260865,0.4558175748462379,0.36168008008874525,0.07772795216741404,-0.2427547696339211,-0.23274215893219724,-0.45758242989538106,-0.3783781252033366,-0.5481991913894151,0.011123545153963216,-0.37853354705136866,-0.8490647490084672,-0.7777056455441893
36081,2020,7,34.0,4.727941176470588,0.0,0.0,547.5963177849385,795.9117647058823,Queens,1.5,31,3.4339872044851463,3.5553480614894135,1.7453561601346963,6.307362866459355,0.48349489981555227,0.505534734693562,0.5750860820260865,0.4558175748462379,0.36168008008874525,0.07772795216741404,-0.2427547696339211,-0.23274215893219724,0.08769603558608419,-0.3783781252033366,-0.5481991913894151,0.011123545153963216,-0.37853354705136866,-0.8490647490084672,-0.7777056455441893
36081,2020,8,24.0,12.760416666666666,0.0,0.0,1343.664721396204,3053.0416666666665,Queens,1.5,31,3.4339872044851463,3.2188758248682006,2.621796113054489,7.203899983188732,0.48349489981555227,0.505534734693562,0.5750860820260865,0.4558175748462379,0.36168008008874525,0.07772795216741404,-0.2427547696339211,-0.23274215893219724,1.9163385408040834,-0.3783781252033366,-0.5481991913894151,0.011123545153963216,-0.37853354705136866,-0.8490647490084672,-0.7777056455441893
36081,2020,9,8.0,2.0625,0.0,0.0,429.60074404761906,566.75,Queens,1.5,30,3.4011973816621555,2.1972245773362196,1.1192315758708453,6.065181312861002,0.48349489981555227,0.505534734693562,0.5750860820260865,0.4558175748462379,0.36168008008874525,0.07772795216741404,-0.2427547696339211,-0.23274215893219724,-0.40627512815700056,-0.3783781252033366,-0.5481991913894151,0.011123545153963216,-0.37853354705136866,-0.8490647490084672,-0.7777056455441893
36081,2020,10,11.0,1.1136363636363635,1.0,0.09090909090909091,369.58852813852815,376.3636363636364,Queens,1.5,31,3.4339872044851463,2.4849066497880004,0.7484098592349947,5.915092358538172,0.48349489981555227,0.505534734693562,0.5750860820260865,0.4558175748462379,0.36168008008874525,0.07772795216741404,1.7255271463167905,1.5412930143801797,-0.7124075083084137,-0.3783781252033366,-0.5481991913894151,0.011123545153963216,-0.37853354705136866,-0.8490647490084672,-0.7777056455441893
36081,2020,11,11.0,3.0,0.0,0.0,665.64173553719,983.1818181818181,Queens,1.5,30,3.4011973816621555,2.4849066497880004,1.3862943611198906,6.502252773480484,0.48349489981555227,0.505534734693562,0.5750860820260865,0.4558175748462379,0.36168008008874525,0.07772795216741404,-0.2427547696339211,-0.23274215893219724,0.4852077070681639,-0.3783781252033366,-0.5481991913894151,0.011123545153963216,-0.37853354705136866,-0.8490647490084672,-0.7777056455441893
36081,2020,12,21.0,9.607142857142858,0.0,0.0,431.46451139706517,535.4285714285714,Queens,1.5,31,3.4339872044851463,3.091042453358316,2.3615276286274955,6.069500268432013,0.48349489981555227,0.505534734693562,0.5750860820260865,0.4558175748462379,0.36168008008874525,0.07772795216741404,-0.2427547696339211,-0.23274215893219724,-0.39746587130870514,-0.3783781252033366,-0.5481991913894151,0.011123545153963216,-0.37853354705136866,-0.8490647490084672,-0.7777056455441893
36081,2021,1,14.0,1.5892857142857142,0.0,0.0,603.657214214357,693.5,Queens,2.5,31,3.4339872044851463,2.70805020110221,0.9513820516854251,6.40466170938372,0.48349489981555227,0.505534734693562,0.5750860820260865,0.4558175748462379,0.36168008008874525,0.07772795216741404,-0.2427547696339211,-0.23274215893219724,0.2861538535168165,-0.3783781252033366,-0.5481991913894151,0.011123545153963216,-0.37853354705136866,-0.8490647490084672,-0.7777056455441893
36081,2021,2,29.0,9.862068965517242,0.0,0.0,358.5627459233277,576.5172413793103,Queens,2.5,28,3.332204510175204,3.4011973816621555,2.385276808839159,5.884888698574824,0.48349489981555227,0.505534734693562,0.5750860820260865,0.4558175748462379,0.36168008008874525,0.07772795216741404,-0.2427547696339211,-0.23274215893219724,-0.7740130965116309,-0.3783781252033366,-0.5481991913894151,0.011123545153963216,-0.37853354705136866,-0.8490647490084672,-0.7777056455441893
36081,2021,3,18.0,1.5277777777777777,0.0,0.0,638.6787718454385,737.3333333333334,Queens,2.5,31,3.4339872044851463,2.9444389791664403,0.9273405680607401,6.460966131358714,0.48349489981555227,0.505534734693562,0.5750860820260865,0.4558175748462379,0.36168008008874525,0.07772795216741404,-0.2427547696339211,-0.23274215893219724,0.4009964599565945,-0.3783781252033366,-0.5481991913894151,0.011123545153963216,-0.37853354705136866,-0.8490647490084672,-0.7777056455441893
36081,2021,4,14.0,2.5535714285714284,0.0,0.0,672.7093190374441,819.4285714285714,Queens,2.5,30,3.4011973816621555,2.70805020110221,1.267953133989343,6.512798740492948,0.48349489981555227,0.505534734693562,0.5750860820260865,0.4558175748462379,0.36168008008874525,0.07772795216741404,-0.2427547696339211,-0.23274215893219724,0.5067180307098346,-0.3783781252033366,-0.5481991913894151,0.011123545153963216,-0.37853354705136866,-0.8490647490084672,-0.7777056455441893
36081,2021,5,31.0,1.3306451612903225,0.0,0.0,483.6236791881953,498.258064516129,Queens,2.5,31,3.4339872044851463,3.4657359027997265,0.8461451225073953,6.183372670556778,0.48349489981555227,0.505534734693562,0.5750860820260865,0.4558175748462379,0.36168008008874525,0.07772795216741404,-0.2427547696339211,-0.23274215893219724,-0.16520341299993474,-0.3783781252033366,-0.5481991913894151,0.011123545153963216,-0.37853354705136866,-0.8490647490084672,-0.7777056455441893
36081,2021,6,22.0,5.034090909090909,0.0,0.0,558.7786281364802,775.1363636363636,Queens,2.5,30,3.4011973816621555,3.1354942159291497,1.7974252067637324,6.327541398675683,0.48349489981555227,0.505534734693562,0.5750860820260865,0.4558175748462379,0.36168008008874525,0.07772795216741404,-0.2427547696339211,-0.23274215893219724,0.12885364190839488,-0.3783781252033366,-0.5481991913894151,0.011123545153963216,-0.37853354705136866,-0.8490647490084672,-0.7777056455441893
36081,2021,7,20.0,3.5625,0.0,0.0,675.1596774467363,1186.05,Queens,2.5,31,3.4339872044851463,3.044522437723423,1.5178707189086098,6.516429257390688,0.48349489981555227,0.505534734693562,0.5750860820260865,0.4558175748462379,0.36168008008874525,0.07772795216741404,-0.2427547696339211,-0.23274215893219724,0.514123097818867,-0.3783781252033366,-0.5481991913894151,0.011123545153963216,-0.37853354705136866,-0.8490647490084672,-0.7777056455441893
36081,2021,8,17.0,2.661764705882353,0.0,0.0,445.7416162845229,534.9411764705883,Queens,2.5,31,3.4339872044851463,2.8903717578961645,1.2979451912886009,6.101980387852313,0.48349489981555227,0.505534734693562,0.5750860820260865,0.4558175748462379,0.36168008008874525,0.07772795216741404,-0.2427547696339211,-0.23274215893219724,-0.3312170503305041,-0.3783781252033366,-0.5481991913894151,0.011123545153963216,-0.37853354705136866,-0.8490647490084672,-0.7777056455441893
36081,2021,9,13.0,4.230769230769231,0.0,0.0,547.454495641872,677.2307692307693,Queens,2.5,30,3.4011973816621555,2.6390573296152584,1.65455834771457,6.307104314818683,0.48349489981555227,0.505534734693562,0.5750860820260865,0.4558175748462379,0.36168008008874525,0.07772795216741404,-0.2427547696339211,-0.23274215893219724,0.08716867479855528,-0.3783781252033366,-0.5481991913894151,0.011123545153963216,-0.37853354705136866,-0.8490647490084672,-0.7777056455441893
36081,2021,10,12.0,1.2916666666666667,0.0,0.0,549.856247918748,841.8333333333334,Queens,2.5,31,3.4339872044851463,2.5649493574615367,0.8292793548845253,6.311473882044974,0.48349489981555227,0.505534734693562,0.5750860820260865,0.4558175748462379,0.36168008008874525,0.07772795216741404,-0.2427547696339211,-0.23274215893219724,0.096081162871055,-0.3783781252033366,-0.5481991913894151,0.011123545153963216,-0.37853354705136866,-0.8490647490084672,-0.7777056455441893
36081,2021,11,12.0,3.0,0.0,0.0,424.0335705730606,527.25,Queens,2.5,30,3.4011973816621555,2.5649493574615367,1.3862943611198906,6.052168155388576,0.48349489981555227,0.505534734693562,0.5750860820260865,0.4558175748462379,0.36168008008874525,0.07772795216741404,-0.2427547696339211,-0.23274215893219724,-0.4328177134411263,-0.3783781252033366,-0.5481991913894151,0.011123545153963216,-0.37853354705136866,-0.8490647490084672,-0.7777056455441893
36081,2021,12,16.0,1.4375,0.0,0.0,453.0269230769231,528.4375,Queens,2.5,31,3.4339872044851463,2.833213344056216,0.8909729238898652,6.118156498214606,0.48349489981555227,0.505534734693562,0.5750860820260865,0.4558175748462379,0.36168008008874525,0.07772795216741404,-0.2427547696339211,-0.23274215893219724,-0.2982230755963652,-0.3783781252033366,-0.5481991913894151,0.011123545153963216,-0.37853354705136866,-0.8490647490084672,-0.7777056455441893
36081,2022,1,35.0,1.1857142857142857,0.0,0.0,617.0296365196366,711.5714285714286,Queens,3.5,31,3.4339872044851463,3.58351893845611,0.7819426793430765,6.426536411841253,0.48349489981555227,0.505534734693562,0.5750860820260865,0.4558175748462379,0.36168008008874525,0.07772795216741404,-0.2427547696339211,-0.23274215893219724,0.3307710923978663,-0.3783781252033366,-0.5481991913894151,0.011123545153963216,-0.37853354705136866,-0.8490647490084672,-0.7777056455441893
36081,2022,2,27.0,5.166666666666667,1.0,0.037037037037037035,363.417243169363,509.8888888888889,Queens,3.5,28,3.332204510175204,3.332204510175204,1.8191584434161694,5.898299483611402,0.48349489981555227,0.505534734693562,0.5750860820260865,0.4558175748462379,0.36168008008874525,0.07772795216741404,1.7255271463167905,0.49001291167654887,-0.7466594810409273,-0.3783781252033366,-0.5481991913894151,0.011123545153963216,-0.37853354705136866,-0.8490647490084672,-0.7777056455441893
36081,2022,3,25.0,0.82,0.0,0.0,541.7375613275613,560.28,Queens,3.5,31,3.4339872044851463,3.258096538021482,0.598836501088704,6.296625890628554,0.48349489981555227,0.505534734693562,0.5750860820260865,0.4558175748462379,0.36168008008874525,0.07772795216741404,-0.2427547696339211,-0.23274215893219724,0.06579611642453459,-0.3783781252033366,-0.5481991913894151,0.011123545153963216,-0.37853354705136866,-0.8490647490084672,-0.7777056455441893
36081,2022,4,17.0,1.0588235294117647,2.0,0.11764705882352941,343.50756302521006,371.94117647058823,Queens,3.5,30,3.4011973816621555,2.8903717578961645,0.7221347174331976,5.842116043841792,0.48349489981555227,0.505534734693562,0.5750860820260865,0.4558175748462379,0.36168008008874525,0.07772795216741404,3.6938090622675017,2.063068065354408,-0.8612553233490114,-0.3783781252033366,-0.5481991913894151,0.011123545153963216,-0.37853354705136866,-0.8490647490084672,-0.7777056455441893
36081,2022,5,17.0,0.8529411764705882,0.0,0.0,333.9343137254902,337.11764705882354,Queens,3.5,31,3.4339872044851463,2.8903717578961645,0.6167742017753712,5.813934434167805,0.48349489981555227,0.505534734693562,0.5750860820260865,0.4558175748462379,0.36168008008874525,0.07772795216741404,-0.2427547696339211,-0.23274215893219724,-0.9187365902744843,-0.3783781252033366,-0.5481991913894151,0.011123545153963216,-0.37853354705136866,-0.8490647490084672,-0.7777056455441893
36081,2022,6,29.0,2.3448275862068964,0.0,0.0,289.4597239082026,341.41379310344826,Queens,3.5,30,3.4011973816621555,3.4011973816621555,1.2074151485169087,5.671464922646267,0.48349489981555227,0.505534734693562,0.5750860820260865,0.4558175748462379,0.36168008008874525,0.07772795216741404,-0.2427547696339211,-0.23274215893219724,-1.2093277990538203,-0.3783781252033366,-0.5481991913894151,0.011123545153963216,-0.37853354705136866,-0.8490647490084672,-0.7777056455441893
36081,2022,7,36.0,1.9305555555555556,0.0,0.0,516.0409854335435,631.5833333333334,Queens,3.5,31,3.4339872044851463,3.6109179126442243,1.0751920144600111,6.248122146866377,0.48349489981555227,0.505534734693562,0.5750860820260865,0.4558175748462379,0.36168008008874525,0.07772795216741404,-0.2427547696339211,-0.23274215893219724,-0.0331356576767841,-0.3783781252033366,-0.5481991913894151,0.011123545153963216,-0.37853354705136866,-0.8490647490084672,-0.7777056455441893
36081,2022,8,28.0,2.5982142857142856,0.0,0.0,411.5816305150023,594.6785714285714,Queens,3.5,31,3.4339872044851463,3.367295829986474,1.2804376906515884,6.022434078354247,0.48349489981555227,0.505534734693562,0.5750860820260865,0.4558175748462379,0.36168008008874525,0.07772795216741404,-0.2427547696339211,-0.23274215893219724,-0.493465506046474,-0.3783781252033366,-0.5481991913894151,0.011123545153963216,-0.37853354705136866,-0.8490647490084672,-0.7777056455441893
36081,2022,9,13.0,1.3846153846153846,0.0,0.0,483.1929487179487,575.3846153846154,Queens,3.5,30,3.4011973816621555,2.6390573296152584,0.8690378470236095,6.1824834816510155,0.48349489981555227,0.505534734693562,0.5750860820260865,0.4558175748462379,0.36168008008874525,0.07772795216741404,-0.2427547696339211,-0.23274215893219724,-0.1670170675580173,-0.3783781252033366,-0.5481991913894151,0.011123545153963216,-0.37853354705136866,-0.8490647490084672,-0.7777056455441893
36081,2022,10,28.0,1.2857142857142858,0.0,0.0,417.4109887136673,440.35714285714283,Queens,3.5,31,3.4339872044851463,3.367295829986474,0.826678573184468,6.036464176061822,0.48349489981555227,0.505534734693562,0.5750860820260865,0.4558175748462379,0.36168008008874525,0.07772795216741404,-0.2427547696339211,-0.23274215893219724,-0.4648486952734554,-0.3783781252033366,-0.5481991913894151,0.011123545153963216,-0.37853354705136866,-0.8490647490084672,-0.7777056455441893
36081,2022,11,21.0,2.4642857142857144,0.0,0.0,646.1963447367251,845.2380952380952,Queens,3.5,30,3.4011973816621555,3.091042453358316,1.242506468328179,6.4726497179173395,0.48349489981555227,0.505534734693562,0.5750860820260865,0.4558175748462379,0.36168008008874525,0.07772795216741404,-0.2427547696339211,-0.23274215893219724,0.4248271554133952,-0.3783781252033366,-0.5481991913894151,0.011123545153963216,-0.37853354705136866,-0.8490647490084672,-0.7777056455441893
36081,2022,12,29.0,2.0344827586206895,1.0,0.034482758620689655,513.6007183908046,686.2758620689655,Queens,3.5,31,3.4339872044851463,3.4011973816621555,1.1100409844917325,6.243391295864556,0.48349489981555227,0.505534734693562,0.5750860820260865,0.4558175748462379,0.36168008008874525,0.07772795216741404,1.7255271463167905,0.4401677343931871,-0.04278504649332658,-0.3783781252033366,-0.5481991913894151,0.011123545153963216,-0.37853354705136866,-0.8490647490084672,-0.7777056455441893
36081,2023,1,14.0,1.0178571428571428,0.0,0.0,481.67302102659244,509.57142857142856,Queens,4.5,31,3.4339872044851463,2.70805020110221,0.7020361279771913,6.179339449301236,0.48349489981555227,0.505534734693562,0.5750860820260865,0.4558175748462379,0.36168008008874525,0.07772795216741404,-0.2427547696339211,-0.23274215893219724,-0.17342986529422386,-0.3783781252033366,-0.5481991913894151,0.011123545153963216,-0.37853354705136866,-0.8490647490084672,-0.7777056455441893
36081,2023,2,22.0,1.1477272727272727,0.0,0.0,725.0934388528138,756.0,Queens,4.5,28,3.332204510175204,3.1354942159291497,0.7644102005814359,6.5876787101972045,0.48349489981555227,0.505534734693562,0.5750860820260865,0.4558175748462379,0.36168008008874525,0.07772795216741404,-0.2427547696339211,-0.23274215893219724,0.6594486793751838,-0.3783781252033366,-0.5481991913894151,0.011123545153963216,-0.37853354705136866,-0.8490647490084672,-0.7777056455441893
36081,2023,3,10.0,2.0,1.0,0.1,552.2622222222222,640.6,Queens,4.5,31,3.4339872044851463,2.3978952727983707,1.0986122886681098,6.315832070367615,0.48349489981555227,0.505534734693562,0.5750860820260865,0.4558175748462379,0.36168008008874525,0.07772795216741404,1.7255271463167905,1.7186965317114176,0.10497044170158391,-0.3783781252033366,-0.5481991913894151,0.011123545153963216,-0.37853354705136866,-0.8490647490084672,-0.7777056455441893
36081,2023,4,17.0,1.1323529411764706,0.0,0.0,523.2739630467572,557.9411764705883,Queens,4.5,30,3.4011973816621555,2.8903717578961645,0.7572260372444677,6.262014377934834,0.48349489981555227,0.505534734693562,0.5750860820260865,0.4558175748462379,0.36168008008874525,0.07772795216741404,-0.2427547696339211,-0.23274215893219724,-0.004800049758212118,-0.3783781252033366,-0.5481991913894151,0.011123545153963216,-0.37853354705136866,-0.8490647490084672,-0.7777056455441893
36081,2023,5,19.0,0.5263157894736842,0.0,0.0,425.781328320802,436.2105263157895,Queens,4.5,31,3.4339872044851463,2.995732273553991,0.42285685082003355,6.056271770393777,0.48349489981555227,0.505534734693562,0.5750860820260865,0.4558175748462379,0.36168008008874525,0.07772795216741404,-0.2427547696339211,-0.23274215893219724,-0.4244476809198443,-0.3783781252033366,-0.5481991913894151,0.011123545153963216,-0.37853354705136866,-0.8490647490084672,-0.7777056455441893
36081,2023,6,7.0,1.6071428571428572,0.0,0.0,423.98506069094304,459.14285714285717,Queens,4.5,30,3.4011973816621555,2.0794415416798357,0.9582549309731873,6.052054016991167,0.48349489981555227,0.505534734693562,0.5750860820260865,0.4558175748462379,0.36168008008874525,0.07772795216741404,-0.2427547696339211,-0.23274215893219724,-0.43305051844282105,-0.3783781252033366,-0.5481991913894151,0.011123545153963216,-0.37853354705136866,-0.8490647490084672,-0.7777056455441893
36081,2023,7,25.0,2.01,0.0,0.0,500.8981629381371,595.44,Queens,4.5,31,3.4339872044851463,3.258096538021482,1.1019400787607843,6.21839723643928,0.48349489981555227,0.505534734693562,0.5750860820260865,0.4558175748462379,0.36168008008874525,0.07772795216741404,-0.2427547696339211,-0.23274215893219724,-0.09376475340132304,-0.3783781252033366,-0.5481991913894151,0.011123545153963216,-0.37853354705136866,-0.8490647490084672,-0.7777056455441893
36081,2023,8,21.0,2.130952380952381,0.0,0.0,497.3224537037037,559.3809523809524,Queens,4.5,31,3.4339872044851463,3.091042453358316,1.141337233334451,6.211247364885653,0.48349489981555227,0.505534734693562,0.5750860820260865,0.4558175748462379,0.36168008008874525,0.07772795216741404,-0.2427547696339211,-0.23274215893219724,-0.10834815300167376,-0.3783781252033366,-0.5481991913894151,0.011123545153963216,-0.37853354705136866,-0.8490647490084672,-0.7777056455441893
36081,2023,9,17.0,4.397058823529412,0.0,0.0,453.3358008372869,692.8235294117648,Queens,4.5,30,3.4011973816621555,2.8903717578961645,1.6858541428784637,6.11883657405686,0.48349489981555227,0.505534734693562,0.5750860820260865,0.4558175748462379,0.36168008008874525,0.07772795216741404,-0.2427547696339211,-0.23274215893219724,-0.2968359432973107,-0.3783781252033366,-0.5481991913894151,0.011123545153963216,-0.37853354705136866,-0.8490647490084672,-0.7777056455441893
36081,2023,10,8.0,1.03125,0.0,0.0,327.9744047619048,355.875,Queens,4.5,31,3.4339872044851463,2.1972245773362196,0.7086513670959106,5.795979950662745,0.48349489981555227,0.505534734693562,0.5750860820260865,0.4558175748462379,0.36168008008874525,0.07772795216741404,-0.2427547696339211,-0.23274215893219724,-0.9553578646020474,-0.3783781252033366,-0.5481991913894151,0.011123545153963216,-0.37853354705136866,-0.8490647490084672,-0.7777056455441893
36081,2023,11,3.0,1.25,0.0,0.0,331.3333333333333,352.0,Queens,4.5,30,3.4011973816621555,1.3862943611198906,0.8109302162163288,5.806138481293728,0.48349489981555227,0.505534734693562,0.5750860820260865,0.4558175748462379,0.36168008008874525,0.07772795216741404,-0.2427547696339211,-0.23274215893219724,-0.9346377844673369,-0.3783781252033366,-0.5481991913894151,0.011123545153963216,-0.37853354705136866,-0.8490647490084672,-0.7777056455441893
36081,2023,12,16.0,2.84375,0.0,0.0,532.6510397588523,866.375,Queens,4.5,31,3.4339872044851463,2.833213344056216,1.346448452572691,6.279742141749066,0.48349489981555227,0.505534734693562,0.5750860820260865,0.4558175748462379,0.36168008008874525,0.07772795216741404,-0.2427547696339211,-0.23274215893219724,0.03135879054884888,-0.3783781252033366,-0.5481991913894151,0.011123545153963216,-0.37853354705136866,-0.8490647490084672,-0.7777056455441893
36085,2014,1,0.0,,0.0,0.0,,,Staten Island,-4.5,31,3.4339872044851463,0.0,,,0.49371342025667836,0.5128836787972979,0.4853958153570898,0.5211247535929626,0.5373884004741083,0.18018018018018017,-0.2427547696339211,-0.23274215893219724,,-0.07988830365170632,-0.3088457572861472,-0.841641434267336,1.8504400894544435,1.8789325039229066,-0.36063613206594314
36085,2014,2,0.0,,0.0,0.0,,,Staten Island,-4.5,28,3.332204510175204,0.0,,,0.49371342025667836,0.5128836787972979,0.4853958153570898,0.5211247535929626,0.5373884004741083,0.18018018018018017,-0.2427547696339211,-0.23274215893219724,,-0.07988830365170632,-0.3088457572861472,-0.841641434267336,1.8504400894544435,1.8789325039229066,-0.36063613206594314
36085,2014,3,0.0,,0.0,0.0,,,Staten Island,-4.5,31,3.4339872044851463,0.0,,,0.49371342025667836,0.5128836787972979,0.4853958153570898,0.5211247535929626,0.5373884004741083,0.18018018018018017,-0.2427547696339211,-0.23274215893219724,,-0.07988830365170632,-0.3088457572861472,-0.841641434267336,1.8504400894544435,1.8789325039229066,-0.36063613206594314
36085,2014,4,0.0,,0.0,0.0,,,Staten Island,-4.5,30,3.4011973816621555,0.0,,,0.49371342025667836,0.5128836787972979,0.4853958153570898,0.5211247535929626,0.5373884004741083,0.18018018018018017,-0.2427547696339211,-0.23274215893219724,,-0.07988830365170632,-0.3088457572861472,-0.841641434267336,1.8504400894544435,1.8789325039229066,-0.36063613206594314
36085,2014,5,0.0,,0.0,0.0,,,Staten Island,-4.5,31,3.4339872044851463,0.0,,,0.49371342025667836,0.5128836787972979,0.4853958153570898,0.5211247535929626,0.5373884004741083,0.18018018018018017,-0.2427547696339211,-0.23274215893219724,,-0.07988830365170632,-0.3088457572861472,-0.841641434267336,1.8504400894544435,1.8789325039229066,-0.36063613206594314
36085,2014,6,0.0,,0.0,0.0,,,Staten Island,-4.5,30,3.4011973816621555,0.0,,,0.49371342025667836,0.5128836787972979,0.4853958153570898,0.5211247535929626,0.5373884004741083,0.18018018018018017,-0.2427547696339211,-0.23274215893219724,,-0.07988830365170632,-0.3088457572861472,-0.841641434267336,1.8504400894544435,1.8789325039229066,-0.36063613206594314
36085,2014,7,0.0,,0.0,0.0,,,Staten Island,-4.5,31,3.4339872044851463,0.0,,,0.49371342025667836,0.5128836787972979,0.4853958153570898,0.5211247535929626,0.5373884004741083,0.18018018018018017,-0.2427547696339211,-0.23274215893219724,,-0.07988830365170632,-0.3088457572861472,-0.841641434267336,1.8504400894544435,1.8789325039229066,-0.36063613206594314
36085,2014,8,0.0,,0.0,0.0,,,Staten Island,-4.5,31,3.4339872044851463,0.0,,,0.49371342025667836,0.5128836787972979,0.4853958153570898,0.5211247535929626,0.5373884004741083,0.18018018018018017,-0.2427547696339211,-0.23274215893219724,,-0.07988830365170632,-0.3088457572861472,-0.841641434267336,1.8504400894544435,1.8789325039229066,-0.36063613206594314
36085,2014,9,0.0,,0.0,0.0,,,Staten Island,-4.5,30,3.4011973816621555,0.0,,,0.49371342025667836,0.5128836787972979,0.4853958153570898,0.5211247535929626,0.5373884004741083,0.18018018018018017,-0.2427547696339211,-0.23274215893219724,,-0.07988830365170632,-0.3088457572861472,-0.841641434267336,1.8504400894544435,1.8789325039229066,-0.36063613206594314
36085,2014,10,0.0,,0.0,0.0,,,Staten Island,-4.5,31,3.4339872044851463,0.0,,,0.49371342025667836,0.5128836787972979,0.4853958153570898,0.5211247535929626,0.5373884004741083,0.18018018018018017,-0.2427547696339211,-0.23274215893219724,,-0.07988830365170632,-0.3088457572861472,-0.841641434267336,1.8504400894544435,1.8789325039229066,-0.36063613206594314
36085,2014,11,1.0,1.5,0.0,0.0,1341.1666666666667,1343.0,Staten Island,-4.5,30,3.4011973816621555,0.6931471805599453,0.9162907318741551,7.20204050256749,0.49371342025667836,0.5128836787972979,0.4853958153570898,0.5211247535929626,0.5373884004741083,0.18018018018018017,-0.2427547696339211,-0.23274215893219724,1.9125458084808118,-0.07988830365170632,-0.3088457572861472,-0.841641434267336,1.8504400894544435,1.8789325039229066,-0.36063613206594314
36085,2014,12,3.0,1.1666666666666667,0.0,0.0,863.8055555555555,868.6666666666666,Staten Island,-4.5,31,3.4339872044851463,1.3862943611198906,0.7731898882334818,6.762504690397282,0.49371342025667836,0.5128836787972979,0.4853958153570898,0.5211247535929626,0.5373884004741083,0.18018018018018017,-0.2427547696339211,-0.23274215893219724,1.0160365020595663,-0.07988830365170632,-0.3088457572861472,-0.841641434267336,1.8504400894544435,1.8789325039229066,-0.36063613206594314
36085,2015,1,3.0,1.6666666666666667,0.0,0.0,495.8888888888889,516.3333333333334,Staten Island,-3.5,31,3.4339872044851463,1.3862943611198906,0.9808292530117263,6.208366437498716,0.49371342025667836,0.5128836787972979,0.4853958153570898,0.5211247535929626,0.5373884004741083,0.18018018018018017,-0.2427547696339211,-0.23274215893219724,-0.11422430266229097,-0.07988830365170632,-0.3088457572861472,-0.841641434267336,1.8504400894544435,1.8789325039229066,-0.36063613206594314
36085,2015,2,2.0,2.0,0.0,0.0,540.1363636363636,555.5,Staten Island,-3.5,28,3.332204510175204,1.0986122886681098,1.0986122886681098,6.293671305562647,0.49371342025667836,0.5128836787972979,0.4853958153570898,0.5211247535929626,0.5373884004741083,0.18018018018018017,-0.2427547696339211,-0.23274215893219724,0.05976972918860016,-0.07988830365170632,-0.3088457572861472,-0.841641434267336,1.8504400894544435,1.8789325039229066,-0.36063613206594314
36085,2015,3,5.0,1.5,0.0,0.0,1557.0733333333333,1926.0,Staten Island,-3.5,31,3.4339872044851463,1.791759469228055,0.9162907318741551,7.351205294214729,0.49371342025667836,0.5128836787972979,0.4853958153570898,0.5211247535929626,0.5373884004741083,0.18018018018018017,-0.2427547696339211,-0.23274215893219724,2.2167931990218825,-0.07988830365170632,-0.3088457572861472,-0.841641434267336,1.8504400894544435,1.8789325039229066,-0.36063613206594314
36085,2015,4,8.0,1.03125,0.0,0.0,669.0496031746031,803.25,Staten Island,-3.5,30,3.4011973816621555,2.1972245773362196,0.7086513670959106,6.507351744233547,0.49371342025667836,0.5128836787972979,0.4853958153570898,0.5211247535929626,0.5373884004741083,0.18018018018018017,-0.2427547696339211,-0.23274215893219724,0.49560793978349177,-0.07988830365170632,-0.3088457572861472,-0.841641434267336,1.8504400894544435,1.8789325039229066,-0.36063613206594314
36085,2015,5,5.0,1.4,0.0,0.0,382.0514285714286,544.4,Staten Island,-3.5,31,3.4339872044851463,1.791759469228055,0.8754687373538999,5.948169258420511,0.49371342025667836,0.5128836787972979,0.4853958153570898,0.5211247535929626,0.5373884004741083,0.18018018018018017,-0.2427547696339211,-0.23274215893219724,-0.6449414503650004,-0.07988830365170632,-0.3088457572861472,-0.841641434267336,1.8504400894544435,1.8789325039229066,-0.36063613206594314
36085,2015,6,11.0,1.9545454545454546,0.0,0.0,1005.4811507936508,1348.3636363636363,Staten Island,-3.5,30,3.4011973816621555,2.4849066497880004,1.0833448165373212,6.914215517426741,0.49371342025667836,0.5128836787972979,0.4853958153570898,0.5211247535929626,0.5373884004741083,0.18018018018018017,-0.2427547696339211,-0.23274215893219724,1.325476972098227,-0.07988830365170632,-0.3088457572861472,-0.841641434267336,1.8504400894544435,1.8789325039229066,-0.36063613206594314
36085,2015,7,5.0,5.85,0.0,0.0,1912.760215599239,4550.8,Staten Island,-3.5,31,3.4339872044851463,1.791759469228055,1.9242486522741338,7.556825284958555,0.49371342025667836,0.5128836787972979,0.4853958153570898,0.5211247535929626,0.5373884004741083,0.18018018018018017,-0.2427547696339211,-0.23274215893219724,2.6361907320190476,-0.07988830365170632,-0.3088457572861472,-0.841641434267336,1.8504400894544435,1.8789325039229066,-0.36063613206594314
36085,2015,8,7.0,1.0357142857142858,0.0,0.0,726.4673469387756,930.5714285714286,Staten Island,-3.5,31,3.4339872044851463,2.0794415416798357,0.7108467576593462,6.589569114105379,0.49371342025667836,0.5128836787972979,0.4853958153570898,0.5211247535929626,0.5373884004741083,0.18018018018018017,-0.2427547696339211,-0.23274215893219724,0.6633044850903221,-0.07988830365170632,-0.3088457572861472,-0.841641434267336,1.8504400894544435,1.8789325039229066,-0.36063613206594314
36085,2015,9,7.0,1.3571428571428572,0.0,0.0,1003.1077922077922,1004.4285714285714,Staten Island,-3.5,30,3.4011973816621555,2.0794415416798357,0.8574502318512216,6.911854657245471,0.49371342025667836,0.5128836787972979,0.4853958153570898,0.5211247535929626,0.5373884004741083,0.18018018018018017,-0.2427547696339211,-0.23274215893219724,1.3206615894489333,-0.07988830365170632,-0.3088457572861472,-0.841641434267336,1.8504400894544435,1.8789325039229066,-0.36063613206594314
36085,2015,10,4.0,1.5625,0.0,0.0,566.0416666666666,682.75,Staten Island,-3.5,31,3.4339872044851463,1.6094379124341003,0.9409833444645266,6.340432787212372,0.49371342025667836,0.5128836787972979,0.4853958153570898,0.5211247535929626,0.5373884004741083,0.18018018018018017,-0.2427547696339211,-0.23274215893219724,0.15514785838820744,-0.07988830365170632,-0.3088457572861472,-0.841641434267336,1.8504400894544435,1.8789325039229066,-0.36063613206594314
36085,2015,11,5.0,1.3,0.0,0.0,551.5277777777777,760.4,Staten Island,-3.5,30,3.4011973816621555,1.791759469228055,0.832909122935104,6.31450370864895,0.49371342025667836,0.5128836787972979,0.4853958153570898,0.5211247535929626,0.5373884004741083,0.18018018018018017,-0.2427547696339211,-0.23274215893219724,0.1022610182368685,-0.07988830365170632,-0.3088457572861472,-0.841641434267336,1.8504400894544435,1.8789325039229066,-0.36063613206594314
36085,2015,12,0.0,,0.0,0.0,,,Staten Island,-3.5,31,3.4339872044851463,0.0,,,0.49371342025667836,0.5128836787972979,0.4853958153570898,0.5211247535929626,0.5373884004741083,0.18018018018018017,-0.2427547696339211,-0.23274215893219724,,-0.07988830365170632,-0.3088457572861472,-0.841641434267336,1.8504400894544435,1.8789325039229066,-0.36063613206594314
36085,2016,1,4.0,0.9375,0.0,0.0,651.6833333333334,756.0,Staten Island,-2.5,31,3.4339872044851463,1.6094379124341003,0.661398482245365,6.481092070357793,0.49371342025667836,0.5128836787972979,0.4853958153570898,0.5211247535929626,0.5373884004741083,0.18018018018018017,-0.2427547696339211,-0.23274215893219724,0.44204679331635544,-0.07988830365170632,-0.3088457572861472,-0.841641434267336,1.8504400894544435,1.8789325039229066,-0.36063613206594314
36085,2016,2,5.0,1.25,0.0,0.0,551.36,688.4,Staten Island,-2.5,29,3.367295829986474,1.791759469228055,0.8109302162163288,6.31420000761715,0.49371342025667836,0.5128836787972979,0.4853958153570898,0.5211247535929626,0.5373884004741083,0.18018018018018017,-0.2427547696339211,-0.23274215893219724,0.10164156745756933,-0.07988830365170632,-0.3088457572861472,-0.841641434267336,1.8504400894544435,1.8789325039229066,-0.36063613206594314
36085,2016,3,6.0,0.8333333333333334,0.0,0.0,563.0916666666667,563.3333333333334,Staten Island,-2.5,31,3.4339872044851463,1.9459101490553132,0.6061358035703156,6.33521676784239,0.49371342025667836,0.5128836787972979,0.4853958153570898,0.5211247535929626,0.5373884004741083,0.18018018018018017,-0.2427547696339211,-0.23274215893219724,0.14450888477517346,-0.07988830365170632,-0.3088457572861472,-0.841641434267336,1.8504400894544435,1.8789325039229066,-0.36063613206594314
36085,2016,4,4.0,1.0625,0.0,0.0,460.6696428571429,568.5,Staten Island,-2.5,30,3.4011973816621555,1.6094379124341003,0.723918839226699,6.13484957655452,0.49371342025667836,0.5128836787972979,0.4853958153570898,0.5211247535929626,0.5373884004741083,0.18018018018018017,-0.2427547696339211,-0.23274215893219724,-0.2641746552625156,-0.07988830365170632,-0.3088457572861472,-0.841641434267336,1.8504400894544435,1.8789325039229066,-0.36063613206594314
36085,2016,5,4.0,0.4375,0.0,0.0,386.5,386.5,Staten Island,-2.5,31,3.4339872044851463,1.6094379124341003,0.3629054936893685,5.959715848793402,0.49371342025667836,0.5128836787972979,0.4853958153570898,0.5211247535929626,0.5373884004741083,0.18018018018018017,-0.2427547696339211,-0.23274215893219724,-0.6213901823224268,-0.07988830365170632,-0.3088457572861472,-0.841641434267336,1.8504400894544435,1.8789325039229066,-0.36063613206594314
36085,2016,6,4.0,0.5625,0.0,0.0,320.75,320.75,Staten Island,-2.5,30,3.4011973816621555,1.6094379124341003,0.44628710262841953,5.773774846476236,0.49371342025667836,0.5128836787972979,0.4853958153570898,0.5211247535929626,0.5373884004741083,0.18018018018018017,-0.2427547696339211,-0.23274215893219724,-1.0006490149521572,-0.07988830365170632,-0.3088457572861472,-0.841641434267336,1.8504400894544435,1.8789325039229066,-0.36063613206594314
36085,2016,7,11.0,1.9772727272727273,0.0,0.0,978.7414910979504,1577.0,Staten Island,-2.5,31,3.4339872044851463,2.4849066497880004,1.0910076892828904,6.887288752273414,0.49371342025667836,0.5128836787972979,0.4853958153570898,0.5211247535929626,0.5373884004741083,0.18018018018018017,-0.2427547696339211,-0.23274215893219724,1.2705551775973758,-0.07988830365170632,-0.3088457572861472,-0.841641434267336,1.8504400894544435,1.8789325039229066,-0.36063613206594314
36085,2016,8,14.0,0.9107142857142857,0.0,0.0,688.7313492063493,806.8571428571429,Staten Island,-2.5,31,3.4339872044851463,2.70805020110221,0.6474771437267569,6.536302172799007,0.49371342025667836,0.5128836787972979,0.4853958153570898,0.5211247535929626,0.5373884004741083,0.18018018018018017,-0.2427547696339211,-0.23274215893219724,0.5546573458049701,-0.07988830365170632,-0.3088457572861472,-0.841641434267336,1.8504400894544435,1.8789325039229066,-0.36063613206594314
36085,2016,9,8.0,0.96875,0.0,0.0,684.8321428571428,734.625,Staten Island,-2.5,30,3.4011973816621555,2.1972245773362196,0.6773988235918061,6.530632908071853,0.49371342025667836,0.5128836787972979,0.4853958153570898,0.5211247535929626,0.5373884004741083,0.18018018018018017,-0.2427547696339211,-0.23274215893219724,0.5430938998974243,-0.07988830365170632,-0.3088457572861472,-0.841641434267336,1.8504400894544435,1.8789325039229066,-0.36063613206594314
36085,2016,10,4.0,1.1875,0.0,0.0,894.3839285714286,967.75,Staten Island,-2.5,31,3.4339872044851463,1.6094379124341003,0.7827593392496325,6.797252596764197,0.49371342025667836,0.5128836787972979,0.4853958153570898,0.5211247535929626,0.5373884004741083,0.18018018018018017,-0.2427547696339211,-0.23274215893219724,1.0869108667280118,-0.07988830365170632,-0.3088457572861472,-0.841641434267336,1.8504400894544435,1.8789325039229066,-0.36063613206594314
36085,2016,11,6.0,0.875,0.0,0.0,536.6999999999999,555.5,Staten Island,-2.5,30,3.4011973816621555,1.9459101490553132,0.6286086594223741,6.287300783815632,0.49371342025667836,0.5128836787972979,0.4853958153570898,0.5211247535929626,0.5373884004741083,0.18018018018018017,-0.2427547696339211,-0.23274215893219724,0.04677594830699555,-0.07988830365170632,-0.3088457572861472,-0.841641434267336,1.8504400894544435,1.8789325039229066,-0.36063613206594314
36085,2016,12,3.0,1.5833333333333333,0.0,0.0,478.4666666666667,654.3333333333334,Staten Island,-2.5,31,3.4339872044851463,1.3862943611198906,0.9490805546971459,6.1726743750492465,0.49371342025667836,0.5128836787972979,0.4853958153570898,0.5211247535929626,0.5373884004741083,0.18018018018018017,-0.2427547696339211,-0.23274215893219724,-0.1870244369524331,-0.07988830365170632,-0.3088457572861472,-0.841641434267336,1.8504400894544435,1.8789325039229066,-0.36063613206594314
36085,2017,1,7.0,1.2142857142857142,0.0,0.0,725.0831890331891,745.2857142857143,Staten Island,-1.5,31,3.4339872044851463,2.0794415416798357,0.7949298748698876,6.58766459370555,0.49371342025667836,0.5128836787972979,0.4853958153570898,0.5211247535929626,0.5373884004741083,0.18018018018018017,-0.2427547696339211,-0.23274215893219724,0.6594198863490138,-0.07988830365170632,-0.3088457572861472,-0.841641434267336,1.8504400894544435,1.8789325039229066,-0.36063613206594314
36085,2017,2,5.0,0.9,0.0,0.0,906.7,953.2,Staten Island,-1.5,28,3.332204510175204,1.791759469228055,0.6418538861723948,6.810913927532582,0.49371342025667836,0.5128836787972979,0.4853958153570898,0.5211247535929626,0.5373884004741083,0.18018018018018017,-0.2427547696339211,-0.23274215893219724,1.114775513550495,-0.07988830365170632,-0.3088457572861472,-0.841641434267336,1.8504400894544435,1.8789325039229066,-0.36063613206594314
36085,2017,3,11.0,0.9318181818181818,2.0,0.18181818181818182,582.75,635.8181818181819,Staten Island,-1.5,31,3.4339872044851463,2.4849066497880004,0.6584616225720553,6.369472808983107,0.49371342025667836,0.5128836787972979,0.4853958153570898,0.5211247535929626,0.5373884004741083,0.18018018018018017,3.6938090622675017,3.3153281876925567,0.2143800052469446,-0.07988830365170632,-0.3088457572861472,-0.841641434267336,1.8504400894544435,1.8789325039229066,-0.36063613206594314
36085,2017,4,4.0,1.5,0.0,0.0,796.0875,1124.5,Staten Island,-1.5,30,3.4011973816621555,1.6094379124341003,0.9162907318741551,6.680964459464222,0.49371342025667836,0.5128836787972979,0.4853958153570898,0.5211247535929626,0.5373884004741083,0.18018018018018017,-0.2427547696339211,-0.23274215893219724,0.8497210987292043,-0.07988830365170632,-0.3088457572861472,-0.841641434267336,1.8504400894544435,1.8789325039229066,-0.36063613206594314
36085,2017,5,2.0,1.5,0.0,0.0,962.0833333333334,1090.0,Staten Island,-1.5,31,3.4339872044851463,1.0986122886681098,0.9162907318741551,6.870139943187441,0.49371342025667836,0.5128836787972979,0.4853958153570898,0.5211247535929626,0.5373884004741083,0.18018018018018017,-0.2427547696339211,-0.23274215893219724,1.2355772155885316,-0.07988830365170632,-0.3088457572861472,-0.841641434267336,1.8504400894544435,1.8789325039229066,-0.36063613206594314
36085,2017,6,4.0,1.375,0.0,0.0,770.88125,880.5,Staten Island,-1.5,30,3.4011973816621555,1.6094379124341003,0.8649974374866045,6.648830716949552,0.49371342025667836,0.5128836787972979,0.4853958153570898,0.5211247535929626,0.5373884004741083,0.18018018018018017,-0.2427547696339211,-0.23274215893219724,0.7841787733557505,-0.07988830365170632,-0.3088457572861472,-0.841641434267336,1.8504400894544435,1.8789325039229066,-0.36063613206594314
36085,2017,7,7.0,1.9285714285714286,0.0,0.0,1969.4569796145884,2474.5714285714284,Staten Island,-1.5,31,3.4339872044851463,2.0794415416798357,1.074514737089049,7.586020764178812,0.49371342025667836,0.5128836787972979,0.4853958153570898,0.5211247535929626,0.5373884004741083,0.18018018018018017,-0.2427547696339211,-0.23274215893219724,2.695739961232372,-0.07988830365170632,-0.3088457572861472,-0.841641434267336,1.8504400894544435,1.8789325039229066,-0.36063613206594314
36085,2017,8,10.0,1.25,0.0,0.0,794.6077380952381,828.8,Staten Island,-1.5,31,3.4339872044851463,2.3978952727983707,0.8109302162163288,6.6791062730451864,0.49371342025667836,0.5128836787972979,0.4853958153570898,0.5211247535929626,0.5373884004741083,0.18018018018018017,-0.2427547696339211,-0.23274215893219724,0.845931006155165,-0.07988830365170632,-0.3088457572861472,-0.841641434267336,1.8504400894544435,1.8789325039229066,-0.36063613206594314
36085,2017,9,2.0,0.75,0.0,0.0,420.8,421.0,Staten Island,-1.5,30,3.4011973816621555,1.0986122886681098,0.5596157879354227,6.0445312680446746,0.49371342025667836,0.5128836787972979,0.4853958153570898,0.5211247535929626,0.5373884004741083,0.18018018018018017,-0.2427547696339211,-0.23274215893219724,-0.44839446597488064,-0.07988830365170632,-0.3088457572861472,-0.841641434267336,1.8504400894544435,1.8789325039229066,-0.36063613206594314
36085,2017,10,3.0,0.75,0.0,0.0,659.5,699.3333333333334,Staten Island,-1.5,31,3.4339872044851463,1.3862943611198906,0.5596157879354227,6.49299712396238,0.49371342025667836,0.5128836787972979,0.4853958153570898,0.5211247535929626,0.5373884004741083,0.18018018018018017,-0.2427547696339211,-0.23274215893219724,0.46632920911601056,-0.07988830365170632,-0.3088457572861472,-0.841641434267336,1.8504400894544435,1.8789325039229066,-0.36063613206594314
36085,2017,11,3.0,1.9166666666666667,0.0,0.0,294.70476190476194,303.3333333333333,Staten Island,-1.5,30,3.4011973816621555,1.3862943611198906,1.0704414117014134,5.689361530566311,0.49371342025667836,0.5128836787972979,0.4853958153570898,0.5211247535929626,0.5373884004741083,0.18018018018018017,-0.2427547696339211,-0.23274215893219724,-1.1728245719914527,-0.07988830365170632,-0.3088457572861472,-0.841641434267336,1.8504400894544435,1.8789325039229066,-0.36063613206594314
36085,2017,12,0.0,,0.0,0.0,,,Staten Island,-1.5,31,3.4339872044851463,0.0,,,0.49371342025667836,0.5128836787972979,0.4853958153570898,0.5211247535929626,0.5373884004741083,0.18018018018018017,-0.2427547696339211,-0.23274215893219724,,-0.07988830365170632,-0.3088457572861472,-0.841641434267336,1.8504400894544435,1.8789325039229066,-0.36063613206594314
36085,2018,1,0.0,,0.0,0.0,,,Staten Island,-0.5,31,3.4339872044851463,0.0,,,0.49371342025667836,0.5128836787972979,0.4853958153570898,0.5211247535929626,0.5373884004741083,0.18018018018018017,-0.2427547696339211,-0.23274215893219724,,-0.07988830365170632,-0.3088457572861472,-0.841641434267336,1.8504400894544435,1.8789325039229066,-0.36063613206594314
36085,2018,2,0.0,,0.0,0.0,,,Staten Island,-0.5,28,3.332204510175204,0.0,,,0.49371342025667836,0.5128836787972979,0.4853958153570898,0.5211247535929626,0.5373884004741083,0.18018018018018017,-0.2427547696339211,-0.23274215893219724,,-0.07988830365170632,-0.3088457572861472,-0.841641434267336,1.8504400894544435,1.8789325039229066,-0.36063613206594314
36085,2018,3,0.0,,0.0,0.0,,,Staten Island,-0.5,31,3.4339872044851463,0.0,,,0.49371342025667836,0.5128836787972979,0.4853958153570898,0.5211247535929626,0.5373884004741083,0.18018018018018017,-0.2427547696339211,-0.23274215893219724,,-0.07988830365170632,-0.3088457572861472,-0.841641434267336,1.8504400894544435,1.8789325039229066,-0.36063613206594314
36085,2018,4,0.0,,0.0,0.0,,,Staten Island,-0.5,30,3.4011973816621555,0.0,,,0.49371342025667836,0.5128836787972979,0.4853958153570898,0.5211247535929626,0.5373884004741083,0.18018018018018017,-0.2427547696339211,-0.23274215893219724,,-0.07988830365170632,-0.3088457572861472,-0.841641434267336,1.8504400894544435,1.8789325039229066,-0.36063613206594314
36085,2018,5,0.0,,0.0,0.0,,,Staten Island,-0.5,31,3.4339872044851463,0.0,,,0.49371342025667836,0.5128836787972979,0.4853958153570898,0.5211247535929626,0.5373884004741083,0.18018018018018017,-0.2427547696339211,-0.23274215893219724,,-0.07988830365170632,-0.3088457572861472,-0.841641434267336,1.8504400894544435,1.8789325039229066,-0.36063613206594314
36085,2018,6,0.0,,0.0,0.0,,,Staten Island,-0.5,30,3.4011973816621555,0.0,,,0.49371342025667836,0.5128836787972979,0.4853958153570898,0.5211247535929626,0.5373884004741083,0.18018018018018017,-0.2427547696339211,-0.23274215893219724,,-0.07988830365170632,-0.3088457572861472,-0.841641434267336,1.8504400894544435,1.8789325039229066,-0.36063613206594314
36085,2018,7,0.0,,0.0,0.0,,,Staten Island,-0.5,31,3.4339872044851463,0.0,,,0.49371342025667836,0.5128836787972979,0.4853958153570898,0.5211247535929626,0.5373884004741083,0.18018018018018017,-0.2427547696339211,-0.23274215893219724,,-0.07988830365170632,-0.3088457572861472,-0.841641434267336,1.8504400894544435,1.8789325039229066,-0.36063613206594314
36085,2018,8,0.0,,0.0,0.0,,,Staten Island,-0.5,31,3.4339872044851463,0.0,,,0.49371342025667836,0.5128836787972979,0.4853958153570898,0.5211247535929626,0.5373884004741083,0.18018018018018017,-0.2427547696339211,-0.23274215893219724,,-0.07988830365170632,-0.3088457572861472,-0.841641434267336,1.8504400894544435,1.8789325039229066,-0.36063613206594314
36085,2018,9,0.0,,0.0,0.0,,,Staten Island,-0.5,30,3.4011973816621555,0.0,,,0.49371342025667836,0.5128836787972979,0.4853958153570898,0.5211247535929626,0.5373884004741083,0.18018018018018017,-0.2427547696339211,-0.23274215893219724,,-0.07988830365170632,-0.3088457572861472,-0.841641434267336,1.8504400894544435,1.8789325039229066,-0.36063613206594314
36085,2018,10,0.0,,0.0,0.0,,,Staten Island,-0.5,31,3.4339872044851463,0.0,,,0.49371342025667836,0.5128836787972979,0.4853958153570898,0.5211247535929626,0.5373884004741083,0.18018018018018017,-0.2427547696339211,-0.23274215893219724,,-0.07988830365170632,-0.3088457572861472,-0.841641434267336,1.8504400894544435,1.8789325039229066,-0.36063613206594314
36085,2018,11,0.0,,0.0,0.0,,,Staten Island,-0.5,30,3.4011973816621555,0.0,,,0.49371342025667836,0.5128836787972979,0.4853958153570898,0.5211247535929626,0.5373884004741083,0.18018018018018017,-0.2427547696339211,-0.23274215893219724,,-0.07988830365170632,-0.3088457572861472,-0.841641434267336,1.8504400894544435,1.8789325039229066,-0.36063613206594314
36085,2018,12,0.0,,0.0,0.0,,,Staten Island,-0.5,31,3.4339872044851463,0.0,,,0.49371342025667836,0.5128836787972979,0.4853958153570898,0.5211247535929626,0.5373884004741083,0.18018018018018017,-0.2427547696339211,-0.23274215893219724,,-0.07988830365170632,-0.3088457572861472,-0.841641434267336,1.8504400894544435,1.8789325039229066,-0.36063613206594314
36085,2019,1,0.0,,0.0,0.0,,,Staten Island,0.5,31,3.4339872044851463,0.0,,,0.49371342025667836,0.5128836787972979,0.4853958153570898,0.5211247535929626,0.5373884004741083,0.18018018018018017,-0.2427547696339211,-0.23274215893219724,,-0.07988830365170632,-0.3088457572861472,-0.841641434267336,1.8504400894544435,1.8789325039229066,-0.36063613206594314
36085,2019,2,0.0,,0.0,0.0,,,Staten Island,0.5,28,3.332204510175204,0.0,,,0.49371342025667836,0.5128836787972979,0.4853958153570898,0.5211247535929626,0.5373884004741083,0.18018018018018017,-0.2427547696339211,-0.23274215893219724,,-0.07988830365170632,-0.3088457572861472,-0.841641434267336,1.8504400894544435,1.8789325039229066,-0.36063613206594314
36085,2019,3,0.0,,0.0,0.0,,,Staten Island,0.5,31,3.4339872044851463,0.0,,,0.49371342025667836,0.5128836787972979,0.4853958153570898,0.5211247535929626,0.5373884004741083,0.18018018018018017,-0.2427547696339211,-0.23274215893219724,,-0.07988830365170632,-0.3088457572861472,-0.841641434267336,1.8504400894544435,1.8789325039229066,-0.36063613206594314
36085,2019,4,0.0,,0.0,0.0,,,Staten Island,0.5,30,3.4011973816621555,0.0,,,0.49371342025667836,0.5128836787972979,0.4853958153570898,0.5211247535929626,0.5373884004741083,0.18018018018018017,-0.2427547696339211,-0.23274215893219724,,-0.07988830365170632,-0.3088457572861472,-0.841641434267336,1.8504400894544435,1.8789325039229066,-0.36063613206594314
36085,2019,5,0.0,,0.0,0.0,,,Staten Island,0.5,31,3.4339872044851463,0.0,,,0.49371342025667836,0.5128836787972979,0.4853958153570898,0.5211247535929626,0.5373884004741083,0.18018018018018017,-0.2427547696339211,-0.23274215893219724,,-0.07988830365170632,-0.3088457572861472,-0.841641434267336,1.8504400894544435,1.8789325039229066,-0.36063613206594314
36085,2019,6,0.0,,0.0,0.0,,,Staten Island,0.5,30,3.4011973816621555,0.0,,,0.49371342025667836,0.5128836787972979,0.4853958153570898,0.5211247535929626,0.5373884004741083,0.18018018018018017,-0.2427547696339211,-0.23274215893219724,,-0.07988830365170632,-0.3088457572861472,-0.841641434267336,1.8504400894544435,1.8789325039229066,-0.36063613206594314
36085,2019,7,0.0,,0.0,0.0,,,Staten Island,0.5,31,3.4339872044851463,0.0,,,0.49371342025667836,0.5128836787972979,0.4853958153570898,0.5211247535929626,0.5373884004741083,0.18018018018018017,-0.2427547696339211,-0.23274215893219724,,-0.07988830365170632,-0.3088457572861472,-0.841641434267336,1.8504400894544435,1.8789325039229066,-0.36063613206594314
36085,2019,8,0.0,,0.0,0.0,,,Staten Island,0.5,31,3.4339872044851463,0.0,,,0.49371342025667836,0.5128836787972979,0.4853958153570898,0.5211247535929626,0.5373884004741083,0.18018018018018017,-0.2427547696339211,-0.23274215893219724,,-0.07988830365170632,-0.3088457572861472,-0.841641434267336,1.8504400894544435,1.8789325039229066,-0.36063613206594314
36085,2019,9,3.0,0.5833333333333334,0.0,0.0,905.1666666666666,1100.0,Staten Island,0.5,30,3.4011973816621555,1.3862943611198906,0.4595323293784402,6.809223247917866,0.49371342025667836,0.5128836787972979,0.4853958153570898,0.5211247535929626,0.5373884004741083,0.18018018018018017,-0.2427547696339211,-0.23274215893219724,1.111327080074084,-0.07988830365170632,-0.3088457572861472,-0.841641434267336,1.8504400894544435,1.8789325039229066,-0.36063613206594314
36085,2019,10,6.0,1.375,0.0,0.0,642.9041666666667,744.5,Staten Island,0.5,31,3.4339872044851463,1.9459101490553132,0.8649974374866045,6.467549905507308,0.49371342025667836,0.5128836787972979,0.4853958153570898,0.5211247535929626,0.5373884004741083,0.18018018018018017,-0.2427547696339211,-0.23274215893219724,0.4144252059931167,-0.07988830365170632,-0.3088457572861472,-0.841641434267336,1.8504400894544435,1.8789325039229066,-0.36063613206594314
36085,2019,11,0.0,,0.0,0.0,,,Staten Island,0.5,30,3.4011973816621555,0.0,,,0.49371342025667836,0.5128836787972979,0.4853958153570898,0.5211247535929626,0.5373884004741083,0.18018018018018017,-0.2427547696339211,-0.23274215893219724,,-0.07988830365170632,-0.3088457572861472,-0.841641434267336,1.8504400894544435,1.8789325039229066,-0.36063613206594314
36085,2019,12,4.0,1.5625,0.0,0.0,1231.2892857142856,1405.5,Staten Island,0.5,31,3.4339872044851463,1.6094379124341003,0.9409833444645266,7.116628926362975,0.49371342025667836,0.5128836787972979,0.4853958153570898,0.5211247535929626,0.5373884004741083,0.18018018018018017,-0.2427547696339211,-0.23274215893219724,1.7383341269220796,-0.07988830365170632,-0.3088457572861472,-0.841641434267336,1.8504400894544435,1.8789325039229066,-0.36063613206594314
36085,2020,1,3.0,1.4166666666666667,0.0,0.0,2015.8222222222223,2897.3333333333335,Staten Island,1.5,31,3.4339872044851463,1.3862943611198906,0.8823891801984738,7.609278394368253,0.49371342025667836,0.5128836787972979,0.4853958153570898,0.5211247535929626,0.5373884004741083,0.18018018018018017,-0.2427547696339211,-0.23274215893219724,2.743177920399311,-0.07988830365170632,-0.3088457572861472,-0.841641434267336,1.8504400894544435,1.8789325039229066,-0.36063613206594314
36085,2020,2,2.0,1.5,0.0,0.0,591.5625,1043.0,Staten Island,1.5,29,3.367295829986474,1.0986122886681098,0.9162907318741551,6.3844563526781775,0.49371342025667836,0.5128836787972979,0.4853958153570898,0.5211247535929626,0.5373884004741083,0.18018018018018017,-0.2427547696339211,-0.23274215893219724,0.24494153400947022,-0.07988830365170632,-0.3088457572861472,-0.841641434267336,1.8504400894544435,1.8789325039229066,-0.36063613206594314
36085,2020,3,6.0,1.9166666666666667,0.0,0.0,960.9778711484593,1078.0,Staten Island,1.5,31,3.4339872044851463,1.9459101490553132,1.0704414117014134,6.8689914474369544,0.49371342025667836,0.5128836787972979,0.4853958153570898,0.5211247535929626,0.5373884004741083,0.18018018018018017,-0.2427547696339211,-0.23274215893219724,1.2332346598736452,-0.07988830365170632,-0.3088457572861472,-0.841641434267336,1.8504400894544435,1.8789325039229066,-0.36063613206594314
36085,2020,4,6.0,1.5,0.0,0.0,859.9812499999999,1170.3333333333333,Staten Island,1.5,30,3.4011973816621555,1.9459101490553132,0.9162907318741551,6.758072727187124,0.49371342025667836,0.5128836787972979,0.4853958153570898,0.5211247535929626,0.5373884004741083,0.18018018018018017,-0.2427547696339211,-0.23274215893219724,1.0069967465866159,-0.07988830365170632,-0.3088457572861472,-0.841641434267336,1.8504400894544435,1.8789325039229066,-0.36063613206594314
36085,2020,5,1.0,2.0,0.0,0.0,417.875,429.0,Staten Island,1.5,31,3.4339872044851463,0.6931471805599453,1.0986122886681098,6.037572546057475,0.49371342025667836,0.5128836787972979,0.4853958153570898,0.5211247535929626,0.5373884004741083,0.18018018018018017,-0.2427547696339211,-0.23274215893219724,-0.46258798297528136,-0.07988830365170632,-0.3088457572861472,-0.841641434267336,1.8504400894544435,1.8789325039229066,-0.36063613206594314
36085,2020,6,1.0,2.25,0.0,0.0,639.1111111111111,667.0,Staten Island,1.5,30,3.4011973816621555,0.6931471805599453,1.1786549963416462,6.461641772396164,0.49371342025667836,0.5128836787972979,0.4853958153570898,0.5211247535929626,0.5373884004741083,0.18018018018018017,-0.2427547696339211,-0.23274215893219724,0.40237454670425515,-0.07988830365170632,-0.3088457572861472,-0.841641434267336,1.8504400894544435,1.8789325039229066,-0.36063613206594314
36085,2020,7,17.0,1.3235294117647058,0.0,0.0,733.7354988149106,966.7058823529412,Staten Island,1.5,31,3.4339872044851463,2.8903717578961645,0.84308732785086,6.599510568887744,0.49371342025667836,0.5128836787972979,0.4853958153570898,0.5211247535929626,0.5373884004741083,0.18018018018018017,-0.2427547696339211,-0.23274215893219724,0.683581801488614,-0.07988830365170632,-0.3088457572861472,-0.841641434267336,1.8504400894544435,1.8789325039229066,-0.36063613206594314
36085,2020,8,12.0,35.0625,2.0,0.16666666666666666,2954.8145935083444,10023.75,Staten Island,1.5,31,3.4339872044851463,2.5649493574615367,3.585253544268318,7.99152955801314,0.49371342025667836,0.5128836787972979,0.4853958153570898,0.5211247535929626,0.5373884004741083,0.18018018018018017,3.6938090622675017,3.0196556588071606,3.5228452788016917,-0.07988830365170632,-0.3088457572861472,-0.841641434267336,1.8504400894544435,1.8789325039229066,-0.36063613206594314
36085,2020,9,5.0,0.75,0.0,0.0,852.5,872.4,Staten Island,1.5,30,3.4011973816621555,1.791759469228055,0.5596157879354227,6.7493455422344955,0.49371342025667836,0.5128836787972979,0.4853958153570898,0.5211247535929626,0.5373884004741083,0.18018018018018017,-0.2427547696339211,-0.23274215893219724,0.9891961435134327,-0.07988830365170632,-0.3088457572861472,-0.841641434267336,1.8504400894544435,1.8789325039229066,-0.36063613206594314
36085,2020,10,4.0,1.875,0.0,0.0,831.4791666666667,1063.75,Staten Island,1.5,31,3.4339872044851463,1.6094379124341003,1.0560526742493137,6.724408196516443,0.49371342025667836,0.5128836787972979,0.4853958153570898,0.5211247535929626,0.5373884004741083,0.18018018018018017,-0.2427547696339211,-0.23274215893219724,0.9383321140199249,-0.07988830365170632,-0.3088457572861472,-0.841641434267336,1.8504400894544435,1.8789325039229066,-0.36063613206594314
36085,2020,11,7.0,1.5714285714285714,0.0,0.0,716.9163265306123,865.4285714285714,Staten Island,1.5,30,3.4011973816621555,2.0794415416798357,0.9444616088408514,6.576353025391834,0.49371342025667836,0.5128836787972979,0.4853958153570898,0.5211247535929626,0.5373884004741083,0.18018018018018017,-0.2427547696339211,-0.23274215893219724,0.6363479864430758,-0.07988830365170632,-0.3088457572861472,-0.841641434267336,1.8504400894544435,1.8789325039229066,-0.36063613206594314
36085,2020,12,5.0,3.85,0.0,0.0,683.5245718050066,1339.2,Staten Island,1.5,31,3.4339872044851463,1.791759469228055,1.5789787049493917,6.528724541534909,0.49371342025667836,0.5128836787972979,0.4853958153570898,0.5211247535929626,0.5373884004741083,0.18018018018018017,-0.2427547696339211,-0.23274215893219724,0.5392014562942833,-0.07988830365170632,-0.3088457572861472,-0.841641434267336,1.8504400894544435,1.8789325039229066,-0.36063613206594314
36085,2021,1,7.0,0.8571428571428571,0.0,0.0,566.0843537414966,655.8571428571429,Staten Island,2.5,31,3.4339872044851463,2.0794415416798357,0.6190392084062234,6.340508064693149,0.49371342025667836,0.5128836787972979,0.4853958153570898,0.5211247535929626,0.5373884004741083,0.18018018018018017,-0.2427547696339211,-0.23274215893219724,0.15530139982945648,-0.07988830365170632,-0.3088457572861472,-0.841641434267336,1.8504400894544435,1.8789325039229066,-0.36063613206594314
36085,2021,2,3.0,1.5,0.0,0.0,3146.931481481481,4947.333333333333,Staten Island,2.5,28,3.332204510175204,1.3862943611198906,0.9162907318741551,8.054500843570265,0.49371342025667836,0.5128836787972979,0.4853958153570898,0.5211247535929626,0.5373884004741083,0.18018018018018017,-0.2427547696339211,-0.23274215893219724,3.651286106547967,-0.07988830365170632,-0.3088457572861472,-0.841641434267336,1.8504400894544435,1.8789325039229066,-0.36063613206594314
36085,2021,3,8.0,1.03125,0.0,0.0,518.9416666666666,620.5,Staten Island,2.5,31,3.4339872044851463,2.1972245773362196,0.7086513670959106,6.253716625795704,0.49371342025667836,0.5128836787972979,0.4853958153570898,0.5211247535929626,0.5373884004741083,0.18018018018018017,-0.2427547696339211,-0.23274215893219724,-0.021724750338073865,-0.07988830365170632,-0.3088457572861472,-0.841641434267336,1.8504400894544435,1.8789325039229066,-0.36063613206594314
36085,2021,4,3.0,1.3333333333333333,0.0,0.0,989.3690476190477,1255.6666666666667,Staten Island,2.5,30,3.4011973816621555,1.3862943611198906,0.8472978603872036,6.898077649037934,0.49371342025667836,0.5128836787972979,0.4853958153570898,0.5211247535929626,0.5373884004741083,0.18018018018018017,-0.2427547696339211,-0.23274215893219724,1.2925609984829443,-0.07988830365170632,-0.3088457572861472,-0.841641434267336,1.8504400894544435,1.8789325039229066,-0.36063613206594314
36085,2021,5,8.0,0.75,0.0,0.0,893.7375,948.5,Staten Island,2.5,31,3.4339872044851463,2.1972245773362196,0.5596157879354227,6.79653037916576,0.49371342025667836,0.5128836787972979,0.4853958153570898,0.5211247535929626,0.5373884004741083,0.18018018018018017,-0.2427547696339211,-0.23274215893219724,1.0854377790288259,-0.07988830365170632,-0.3088457572861472,-0.841641434267336,1.8504400894544435,1.8789325039229066,-0.36063613206594314
36085,2021,6,14.0,1.4285714285714286,0.0,0.0,656.5341218305504,1000.3571428571429,Staten Island,2.5,30,3.4011973816621555,2.70805020110221,0.8873031950009028,6.488496659025581,0.49371342025667836,0.5128836787972979,0.4853958153570898,0.5211247535929626,0.5373884004741083,0.18018018018018017,-0.2427547696339211,-0.23274215893219724,0.4571497325242374,-0.07988830365170632,-0.3088457572861472,-0.841641434267336,1.8504400894544435,1.8789325039229066,-0.36063613206594314
36085,2021,7,10.0,1.3,1.0,0.1,375.1845238095238,400.2,Staten Island,2.5,31,3.4339872044851463,2.3978952727983707,0.832909122935104,5.930079777821698,0.49371342025667836,0.5128836787972979,0.4853958153570898,0.5211247535929626,0.5373884004741083,0.18018018018018017,1.7255271463167905,1.7186965317114176,-0.681838074612952,-0.07988830365170632,-0.3088457572861472,-0.841641434267336,1.8504400894544435,1.8789325039229066,-0.36063613206594314
36085,2021,8,11.0,1.5681818181818181,0.0,0.0,913.9501435406698,1199.2727272727273,Staten Island,2.5,31,3.4339872044851463,2.4849066497880004,0.9431981847940794,6.818869575857306,0.49371342025667836,0.5128836787972979,0.4853958153570898,0.5211247535929626,0.5373884004741083,0.18018018018018017,-0.2427547696339211,-0.23274215893219724,1.1310024342341916,-0.07988830365170632,-0.3088457572861472,-0.841641434267336,1.8504400894544435,1.8789325039229066,-0.36063613206594314
36085,2021,9,15.0,1.6166666666666667,0.0,0.0,777.7346897546898,975.3333333333334,Staten Island,2.5,30,3.4011973816621555,2.772588722239781,0.9619012431262074,6.657670409882321,0.49371342025667836,0.5128836787972979,0.4853958153570898,0.5211247535929626,0.5373884004741083,0.18018018018018017,-0.2427547696339211,-0.23274215893219724,0.802208855912629,-0.07988830365170632,-0.3088457572861472,-0.841641434267336,1.8504400894544435,1.8789325039229066,-0.36063613206594314
36085,2021,10,9.0,0.8888888888888888,0.0,0.0,910.753086419753,1005.5555555555555,Staten Island,2.5,31,3.4339872044851463,2.302585092994046,0.6359887667199967,6.815369214843195,0.49371342025667836,0.5128836787972979,0.4853958153570898,0.5211247535929626,0.5373884004741083,0.18018018018018017,-0.2427547696339211,-0.23274215893219724,1.123862842560216,-0.07988830365170632,-0.3088457572861472,-0.841641434267336,1.8504400894544435,1.8789325039229066,-0.36063613206594314
36085,2021,11,7.0,1.7857142857142858,0.0,0.0,803.5964912280702,981.4285714285714,Staten Island,2.5,30,3.4011973816621555,2.0794415416798357,1.024504316514388,6.690340898616383,0.49371342025667836,0.5128836787972979,0.4853958153570898,0.5211247535929626,0.5373884004741083,0.18018018018018017,-0.2427547696339211,-0.23274215893219724,0.8688459680305253,-0.07988830365170632,-0.3088457572861472,-0.841641434267336,1.8504400894544435,1.8789325039229066,-0.36063613206594314
36085,2021,12,6.0,1.7083333333333333,1.0,0.16666666666666666,412.6157407407407,454.3333333333333,Staten Island,2.5,31,3.4339872044851463,1.9459101490553132,0.9963334395476915,6.024937380353839,0.49371342025667836,0.5128836787972979,0.4853958153570898,0.5211247535929626,0.5373884004741083,0.18018018018018017,1.7255271463167905,3.0196556588071606,-0.4883595886734714,-0.07988830365170632,-0.3088457572861472,-0.841641434267336,1.8504400894544435,1.8789325039229066,-0.36063613206594314
36085,2022,1,14.0,0.7321428571428571,0.0,0.0,462.99404761904765,499.07142857142856,Staten Island,3.5,31,3.4339872044851463,2.70805020110221,0.5493592877682335,6.1398717237367455,0.49371342025667836,0.5128836787972979,0.4853958153570898,0.5211247535929626,0.5373884004741083,0.18018018018018017,-0.2427547696339211,-0.23274215893219724,-0.2539311175065087,-0.07988830365170632,-0.3088457572861472,-0.841641434267336,1.8504400894544435,1.8789325039229066,-0.36063613206594314
36085,2022,2,13.0,1.0192307692307692,1.0,0.07692307692307693,1030.7032051282051,1432.3846153846155,Staten Island,3.5,28,3.332204510175204,2.6390573296152584,0.702716631576096,6.938966312748985,0.49371342025667836,0.5128836787972979,0.4853958153570898,0.5211247535929626,0.5373884004741083,0.18018018018018017,1.7255271463167905,1.2683645261782757,1.3759604997956838,-0.07988830365170632,-0.3088457572861472,-0.841641434267336,1.8504400894544435,1.8789325039229066,-0.36063613206594314
36085,2022,3,4.0,2.25,0.0,0.0,545.4038461538462,633.75,Staten Island,3.5,31,3.4339872044851463,1.6094379124341003,1.1786549963416462,6.303358347312784,0.49371342025667836,0.5128836787972979,0.4853958153570898,0.5211247535929626,0.5373884004741083,0.18018018018018017,-0.2427547696339211,-0.23274215893219724,0.07952812620705756,-0.07988830365170632,-0.3088457572861472,-0.841641434267336,1.8504400894544435,1.8789325039229066,-0.36063613206594314
36085,2022,4,5.0,0.95,0.0,0.0,1230.8700000000001,1464.8,Staten Island,3.5,30,3.4011973816621555,1.791759469228055,0.6678293725756554,7.116288619045374,0.49371342025667836,0.5128836787972979,0.4853958153570898,0.5211247535929626,0.5373884004741083,0.18018018018018017,-0.2427547696339211,-0.23274215893219724,1.7376400112918506,-0.07988830365170632,-0.3088457572861472,-0.841641434267336,1.8504400894544435,1.8789325039229066,-0.36063613206594314
36085,2022,5,19.0,0.7894736842105263,0.0,0.0,516.9658692185008,575.6315789473684,Staten Island,3.5,31,3.4339872044851463,2.995732273553991,0.581921545449721,6.249909350549098,0.49371342025667836,0.5128836787972979,0.4853958153570898,0.5211247535929626,0.5373884004741083,0.18018018018018017,-0.2427547696339211,-0.23274215893219724,-0.029490346669887247,-0.07988830365170632,-0.3088457572861472,-0.841641434267336,1.8504400894544435,1.8789325039229066,-0.36063613206594314
36085,2022,6,12.0,1.2708333333333333,0.0,0.0,930.4169973544973,1113.75,Staten Island,3.5,30,3.4011973816621555,2.5649493574615367,0.8201468713212527,6.836707079635033,0.49371342025667836,0.5128836787972979,0.4853958153570898,0.5211247535929626,0.5373884004741083,0.18018018018018017,-0.2427547696339211,-0.23274215893219724,1.1673851081762727,-0.07988830365170632,-0.3088457572861472,-0.841641434267336,1.8504400894544435,1.8789325039229066,-0.36063613206594314
36085,2022,7,9.0,2.0833333333333335,0.0,0.0,1019.9267513637668,1383.3333333333333,Staten Island,3.5,31,3.4339872044851463,2.302585092994046,1.1260112628562242,6.9284660735379635,0.49371342025667836,0.5128836787972979,0.4853958153570898,0.5211247535929626,0.5373884004741083,0.18018018018018017,-0.2427547696339211,-0.23274215893219724,1.3545434459136572,-0.07988830365170632,-0.3088457572861472,-0.841641434267336,1.8504400894544435,1.8789325039229066,-0.36063613206594314
36085,2022,8,14.0,2.0,0.0,0.0,2473.843112244898,3940.0,Staten Island,3.5,31,3.4339872044851463,2.70805020110221,1.0986122886681098,7.813932284001663,0.49371342025667836,0.5128836787972979,0.4853958153570898,0.5211247535929626,0.5373884004741083,0.18018018018018017,-0.2427547696339211,-0.23274215893219724,3.1606049230950757,-0.07988830365170632,-0.3088457572861472,-0.841641434267336,1.8504400894544435,1.8789325039229066,-0.36063613206594314
36085,2022,9,6.0,0.875,0.0,0.0,623.5166666666667,675.3333333333334,Staten Island,3.5,30,3.4011973816621555,1.9459101490553132,0.6286086594223741,6.436978017226594,0.49371342025667836,0.5128836787972979,0.4853958153570898,0.5211247535929626,0.5373884004741083,0.18018018018018017,-0.2427547696339211,-0.23274215893219724,0.35206855245172763,-0.07988830365170632,-0.3088457572861472,-0.841641434267336,1.8504400894544435,1.8789325039229066,-0.36063613206594314
36085,2022,10,4.0,0.3125,0.0,0.0,552.25,552.5,Staten Island,3.5,31,3.4339872044851463,1.6094379124341003,0.27193371548364176,6.315809978931159,0.49371342025667836,0.5128836787972979,0.4853958153570898,0.5211247535929626,0.5373884004741083,0.18018018018018017,-0.2427547696339211,-0.23274215893219724,0.10492538239622864,-0.07988830365170632,-0.3088457572861472,-0.841641434267336,1.8504400894544435,1.8789325039229066,-0.36063613206594314
36085,2022,11,3.0,0.75,0.0,0.0,681.9444444444445,731.3333333333334,Staten Island,3.5,30,3.4011973816621555,1.3862943611198906,0.5596157879354227,6.526413515771177,0.49371342025667836,0.5128836787972979,0.4853958153570898,0.5211247535929626,0.5373884004741083,0.18018018018018017,-0.2427547696339211,-0.23274215893219724,0.534487719558395,-0.07988830365170632,-0.3088457572861472,-0.841641434267336,1.8504400894544435,1.8789325039229066,-0.36063613206594314
36085,2022,12,10.0,1.55,1.0,0.1,498.088341543514,598.3,Staten Island,3.5,31,3.4339872044851463,2.3978952727983707,0.9360933591703348,6.2127831172436405,0.49371342025667836,0.5128836787972979,0.4853958153570898,0.5211247535929626,0.5373884004741083,0.18018018018018017,1.7255271463167905,1.7186965317114176,-0.10521572045995262,-0.07988830365170632,-0.3088457572861472,-0.841641434267336,1.8504400894544435,1.8789325039229066,-0.36063613206594314
36085,2023,1,6.0,1.5416666666666667,0.0,0.0,543.0484848484848,662.3333333333334,Staten Island,4.5,31,3.4339872044851463,1.9459101490553132,0.9328200338253657,6.299038369444122,0.49371342025667836,0.5128836787972979,0.4853958153570898,0.5211247535929626,0.5373884004741083,0.18018018018018017,-0.2427547696339211,-0.23274215893219724,0.07071678420589715,-0.07988830365170632,-0.3088457572861472,-0.841641434267336,1.8504400894544435,1.8789325039229066,-0.36063613206594314
36085,2023,2,5.0,0.6,0.0,0.0,443.4333333333333,447.0,Staten Island,4.5,28,3.332204510175204,1.791759469228055,0.4700036292457355,6.096800062453303,0.49371342025667836,0.5128836787972979,0.4853958153570898,0.5211247535929626,0.5373884004741083,0.18018018018018017,-0.2427547696339211,-0.23274215893219724,-0.3417832199164865,-0.07988830365170632,-0.3088457572861472,-0.841641434267336,1.8504400894544435,1.8789325039229066,-0.36063613206594314
36085,2023,3,5.0,0.55,0.0,0.0,623.9733333333334,625.2,Staten Island,4.5,31,3.4339872044851463,1.791759469228055,0.4382549309311553,6.437708982159487,0.49371342025667836,0.5128836787972979,0.4853958153570898,0.5211247535929626,0.5373884004741083,0.18018018018018017,-0.2427547696339211,-0.23274215893219724,0.3535594818523837,-0.07988830365170632,-0.3088457572861472,-0.841641434267336,1.8504400894544435,1.8789325039229066,-0.36063613206594314
36085,2023,4,5.0,0.55,0.0,0.0,475.4,480.2,Staten Island,4.5,30,3.4011973816621555,1.791759469228055,0.4382549309311553,6.166257837481145,0.49371342025667836,0.5128836787972979,0.4853958153570898,0.5211247535929626,0.5373884004741083,0.18018018018018017,-0.2427547696339211,-0.23274215893219724,-0.20011207505955778,-0.07988830365170632,-0.3088457572861472,-0.841641434267336,1.8504400894544435,1.8789325039229066,-0.36063613206594314
36085,2023,5,7.0,1.1428571428571428,0.0,0.0,695.4280612244899,719.8571428571429,Staten Island,4.5,31,3.4339872044851463,2.0794415416798357,0.7621400520468967,6.545964501775633,0.49371342025667836,0.5128836787972979,0.4853958153570898,0.5211247535929626,0.5373884004741083,0.18018018018018017,-0.2427547696339211,-0.23274215893219724,0.5743653368477896,-0.07988830365170632,-0.3088457572861472,-0.841641434267336,1.8504400894544435,1.8789325039229066,-0.36063613206594314
36085,2023,6,7.0,0.8214285714285714,0.0,0.0,476.34285714285716,568.4285714285714,Staten Island,4.5,30,3.4011973816621555,2.0794415416798357,0.5996211225491218,6.168235010768365,0.49371342025667836,0.5128836787972979,0.4853958153570898,0.5211247535929626,0.5373884004741083,0.18018018018018017,-0.2427547696339211,-0.23274215893219724,-0.19607928818913542,-0.07988830365170632,-0.3088457572861472,-0.841641434267336,1.8504400894544435,1.8789325039229066,-0.36063613206594314
36085,2023,7,11.0,1.3636363636363635,0.0,0.0,424.425978046721,507.27272727272725,Staten Island,4.5,31,3.4339872044851463,2.4849066497880004,0.8602012652231115,6.053090968242273,0.49371342025667836,0.5128836787972979,0.4853958153570898,0.5211247535929626,0.5373884004741083,0.18018018018018017,-0.2427547696339211,-0.23274215893219724,-0.4309354770259865,-0.07988830365170632,-0.3088457572861472,-0.841641434267336,1.8504400894544435,1.8789325039229066,-0.36063613206594314
36085,2023,8,8.0,0.96875,0.0,0.0,517.564393939394,606.375,Staten Island,4.5,31,3.4339872044851463,2.1972245773362196,0.6773988235918061,6.251064212705445,0.49371342025667836,0.5128836787972979,0.4853958153570898,0.5211247535929626,0.5373884004741083,0.18018018018018017,-0.2427547696339211,-0.23274215893219724,-0.027134805569182276,-0.07988830365170632,-0.3088457572861472,-0.841641434267336,1.8504400894544435,1.8789325039229066,-0.36063613206594314
36085,2023,9,4.0,1.4375,0.0,0.0,1004.2636363636364,1581.75,Staten Island,4.5,30,3.4011973816621555,1.6094379124341003,0.8909729238898652,6.913005110831994,0.49371342025667836,0.5128836787972979,0.4853958153570898,0.5211247535929626,0.5373884004741083,0.18018018018018017,-0.2427547696339211,-0.23274215893219724,1.3230081385090227,-0.07988830365170632,-0.3088457572861472,-0.841641434267336,1.8504400894544435,1.8789325039229066,-0.36063613206594314
36085,2023,10,5.0,1.1,0.0,0.0,591.8,701.0,Staten Island,4.5,31,3.4339872044851463,1.791759469228055,0.7419373447293773,6.384857073981877,0.49371342025667836,0.5128836787972979,0.4853958153570898,0.5211247535929626,0.5373884004741083,0.18018018018018017,-0.2427547696339211,-0.23274215893219724,0.2457588744129153,-0.07988830365170632,-0.3088457572861472,-0.841641434267336,1.8504400894544435,1.8789325039229066,-0.36063613206594314
36085,2023,11,2.0,1.0,0.0,0.0,557.5,704.0,Staten Island,4.5,30,3.4011973816621555,1.0986122886681098,0.6931471805599453,6.3252546185092555,0.49371342025667836,0.5128836787972979,0.4853958153570898,0.5211247535929626,0.5373884004741083,0.18018018018018017,-0.2427547696339211,-0.23274215893219724,0.12418935826147408,-0.07988830365170632,-0.3088457572861472,-0.841641434267336,1.8504400894544435,1.8789325039229066,-0.36063613206594314
36085,2023,12,7.0,2.392857142857143,0.0,0.0,1213.9467203548086,1623.2857142857142,Staten Island,4.5,31,3.4339872044851463,2.0794415416798357,1.221672381425337,7.102455503253313,0.49371342025667836,0.5128836787972979,0.4853958153570898,0.5211247535929626,0.5373884004741083,0.18018018018018017,-0.2427547696339211,-0.23274215893219724,1.7094249792034455,-0.07988830365170632,-0.3088457572861472,-0.841641434267336,1.8504400894544435,1.8789325039229066,-0.36063613206594314
